buyer_id,app,sales_pre,sales_post,dsales,firm_size,buyer_power,competitiveness,t0_sales,t0_freq,developing,division,buying_units,tau_i
1,Adopter,91.29820238742961,85.17845471391009,-6.119747673519527,2.307011689635831,112.7347645813097,43.38258130789127,6.54499275198398,34,0,General Engineering,2,9.035173355268586
2,Adopter,51.27709933287423,89.90853085804881,38.63143152517458,4.263419359437033,40.12427415666371,45.96744253837752,14.74581338203049,115,0,Transportation and Aerospace,2,16.56623388539793
3,Adopter,106.6610766859457,102.8257655802352,-3.835311105710588,1.91660335123799,19.568859677152,51.15909856321597,25.96064354170076,58,0,General Engineering,3,11.14154248381636
4,Adopter,59.08175442558237,96.23423481305986,37.15248038747748,4.563377944566674,22.2159793036612,50.60605312080904,14.57950564971477,51,1,General Engineering,4,22.5897755095883
5,Adopter,106.0740299212118,102.5863461052504,-3.487683815961432,5.651533093520816,20.86297656740499,37.48092698648777,51.8212578218435,21,0,Transportation and Aerospace,5,9.674786890647709
6,Nonadopter,1,0,-1,.9347723770329336,41.27099430826557,50.04444440811261,16.40454637641345,30,1,Heavy Equipment,1,17.84673497411576
7,Adopter,75.927612011543,86.78175127668177,10.85413926513877,5.578558176385338,19.59125206449623,70.55714121195069,40.67225182274555,74,0,General Engineering,5,12.90823291986513
8,Adopter,63.42547757145971,37.80730914930209,-25.61816842215762,3.580721511637317,52.34509354937241,58.23152636067044,17.75809039150599,29,1,General Engineering,4,7.600164451265735
9,Adopter,93.73560013581289,119.5519430418433,25.81634290603043,4.67972977043142,92.17553977857777,56.22845549443337,12.28205279497873,78,0,Transportation and Aerospace,1,20.84406305684081
10,Nonadopter,52.62527299542889,48.38780986230917,-4.237463133119718,2.445498844273817,18.83927917736147,43.7597201646103,8.012780901690695,27,0,General Engineering,3,11.42429903610509
11,Nonadopter,63.73479846652199,38.90615061525585,-24.82864785126614,.794443073895876,30.09173719321131,65.96436547406083,12.87105796941363,8,0,General Engineering,1,16.70450901702718
12,Nonadopter,99.89090212308218,69.23119312383741,-30.65970899924477,7.082335684157821,24.78445554783777,41.85999427042033,13.59981234756779,38,0,General Engineering,3,6.974865396244366
13,Nonadopter,73.6790577735925,83.52076837996898,9.841710606376481,6.157567988972216,39.58937544218446,61.58793261801961,9.720091955215965,51,0,General Engineering,9,17.40493992649627
14,Nonadopter,49.03030004535483,12.66020394109245,-36.37009610426237,17.10060675657241,85.46204737106784,51.16088778004583,10.87367428672341,36,0,General Engineering,7,8.843021001783503
15,Adopter,99.53432155189702,134.0711922306768,34.53687067877982,21.06076830762165,80.24609136962709,51.70682430218796,21.42682426116634,82,0,Transportation and Aerospace,11,7.996134413173938
16,Nonadopter,55.17442844134989,41.34185263010531,-13.83257581124457,2.658702509713891,46.38280718074742,81.61339097631364,8.542237267971586,55,0,Transportation and Aerospace,4,12.27075899203687
17,Nonadopter,67.89942270818746,17.82667456878356,-50.0727481394039,2.130267673238265,44.4189306512763,59.89265781778123,12.96952938330876,46,0,Transportation and Aerospace,1,17.33372977575746
18,Nonadopter,61.01762494660237,62.76458634784503,1.746961401242658,.9568032650062049,17.7111194480877,72.12292086260854,4.088462982376031,21,0,General Engineering,1,13.17260104293833
19,Nonadopter,82.30046218173528,73.68512354309186,-8.615338638643422,1.538812003650286,53.44075991663293,54.18533073888273,7.559162146217623,32,0,General Engineering,3,14.59918525285667
20,Adopter,68.24981200984872,53.78526847218826,-14.46454353766046,4.999735705022961,106.3870084673429,57.56744719565626,15.35793491965773,59,0,Transportation and Aerospace,0,10.2932376734543
21,Adopter,87.95671992161743,82.63551550939374,-5.321204412223693,4.82675740675404,80.11262540398262,48.81324614044886,14.04791954724531,68,0,General Engineering,6,17.18455224693304
22,Nonadopter,51.20529234006092,27.2628969384086,-23.94239540165232,.8615868300910982,66.18906134221177,42.35746953719369,9.568258061182487,25,0,Heavy Equipment,3,6.314469833076156
23,Adopter,70.45505018357386,60.44515349435407,-10.00989668921979,3.017466589223949,96.11767388950905,63.40258927698547,57.47334937503919,108,0,Transportation and Aerospace,1,18.9132416458204
24,Adopter,91.64732753279949,111.3977372507663,19.75040971796676,5.167757869584066,54.50279569702678,56.50561472643795,9.965277834051973,61,0,General Engineering,6,23.28788281210267
25,Nonadopter,56.62074705506875,23.20364284203438,-33.41710421303438,3.479994564756677,33.65429231660656,56.41316568159889,22.70125636187962,80,0,Transportation and Aerospace,4,8.002699935301884
26,Adopter,51.30346831475875,46.70483644215341,-4.598631872605345,1.083281586502073,27.00501232837428,44.69971551369487,5.3868843438292,138,0,Transportation and Aerospace,1,19.18741857439688
27,Adopter,126.0699804688679,147.2830330395216,21.21305257065373,10.88464148206579,121.8904714235489,37.3423023934073,31.61733666332141,99,0,General Engineering,5,19.03080821914398
28,Nonadopter,97.4623107681718,82.12200025574006,-15.34031051243174,1.883293096449842,17.81423857054359,44.33199063144705,26.43192271300371,17,0,Heavy Equipment,2,13.55712065425505
29,Nonadopter,106.8306666106561,89.36318358972278,-17.4674830209333,7.361418974972882,44.96320890521003,37.65957343789564,19.58219555665826,32,1,General Engineering,4,14.67415612795611
30,Adopter,52.79174771899599,49.59861441450359,-3.193133304492406,5.548838172174904,49.77101535582594,52.15513990072066,6.606568091009674,62,0,Transportation and Aerospace,3,19.92089219143466
31,Nonadopter,78.37609143475277,40.21898094116733,-38.15711049358544,1.235749242814272,18.24588387541701,29.82314896181503,5.426864246922773,19,0,Transportation and Aerospace,0,17.8746474003102
32,Nonadopter,79.02959111030052,54.87684401429007,-24.15274709601044,1.213529858324969,28.13517402673594,56.63131473384436,16.53862176837646,76,0,General Engineering,2,16.14711236411097
33,Nonadopter,92.27429881218184,81.00281092121106,-11.27148789097077,1.943869069100744,88.20691770706004,44.6429511805899,8.611906574764125,47,1,General Engineering,1,12.25093645521279
34,Adopter,100.9427420315779,148.9661587742687,48.02341674269077,9.09162292053394,155.8219748897731,67.07108440707304,32.83571039241446,231,0,Transportation and Aerospace,6,26.53688990070726
35,Adopter,90.4140628350537,129.752325232508,39.33826239745434,3.772298991192435,42.93251658776759,62.90581769076326,31.50359000815257,88,0,Transportation and Aerospace,2,22.0988414716663
36,Nonadopter,96.4204211068498,68.42577240087226,-27.99464870597754,5.738138148175676,49.84418447970553,60.72957544787669,22.49233898461866,71,1,Transportation and Aerospace,2,15.55293526750133
37,Adopter,93.68980548325575,94.97826119051931,1.288455707263552,6.799228081990496,57.90161087530486,46.44630386897126,10.13742628215426,114,0,Heavy Equipment,6,23.17537707290917
38,Nonadopter,114.7977726099103,121.0616074875261,6.263834877615764,3.993836215291634,46.17323743848634,27.76325335682076,9.65854955293554,57,0,General Engineering,6,8.506232304511819
39,Adopter,86.69522237693344,71.83709306640759,-14.85812931052585,16.40773034235205,128.6440085592497,69.14582899229799,22.90901002956392,60,0,General Engineering,12,13.39676829333559
40,Adopter,121.4693385713435,190.6435492495971,69.17421067825356,4.159819659229437,75.94371842388465,59.75899137039891,28.87565739353457,94,0,Transportation and Aerospace,4,17.31285898866711
41,Nonadopter,83.50627450954147,39.4912926358371,-44.01498187370437,1.094074615933301,67.13690412418792,62.98503086176459,16.28431516191128,42,1,General Engineering,2,12.41382915124868
42,Nonadopter,86.2248695842116,81.32193183638462,-4.902937747826982,.4489926925715874,36.78881070273819,47.50635078905234,6.812353304160751,35,0,Transportation and Aerospace,2,1.465791793259667
43,Adopter,60.75214108330234,62.56883287674312,1.816691793440782,3.058231146037524,53.26540436227567,54.05360233897028,29.90090400265094,72,0,General Engineering,3,19.16822163544304
44,Nonadopter,53.16232172375447,92.18584030614633,39.02351858239187,4.798892738222436,44.0490432226065,44.51863144196073,16.61825553638203,86,0,General Engineering,5,14.43528020353099
45,Adopter,128.051274026278,172.9263888018207,44.8751147755427,3.559726551247461,161.1136354630432,49.93165368072361,29.89470037241696,214,0,General Engineering,2,26.52145420883443
46,Adopter,106.6442843990971,99.39758139493316,-7.246703004163933,4.299629404356978,56.88547328295139,45.73551778076709,22.4398171701524,104,0,General Engineering,4,13.31206140736127
47,Nonadopter,63.14877202318731,82.57348096687129,19.42470894368398,5.893280303700164,55.7214450074408,49.66730266465751,10.49075603134651,17,0,General Engineering,3,13.15780725204853
48,Nonadopter,79.78768305164814,104.3655258233884,24.57784277174025,2.334484764758424,86.07954487020906,45.57832642933557,11.32345323672633,71,0,General Engineering,3,17.90241295022378
49,Nonadopter,83.5856314708285,93.68594062584187,10.10030915501336,3.440071898735179,56.81344875926528,70.02586173495332,20.54595353030446,45,0,General Engineering,2,16.73924631656394
50,Nonadopter,77.92262999285172,95.18334077914768,17.26071078629596,6.360577894896087,19.80666879741107,60.77165044147829,20.85098655469917,32,0,General Engineering,4,12.31109747234632
51,Adopter,92.90725092397332,105.6134274927218,12.70617656874852,3.763317313208232,105.1001597656796,43.94206231248948,19.63382134455251,37,0,General Engineering,3,13.97007780575288
52,Nonadopter,74.39819052928169,79.77929601046476,5.38110548118307,3.527043026107024,21.83911419417917,68.51561427336767,7.515577548542136,32,0,General Engineering,6,7.741637226039344
53,Adopter,58.2276481876163,60.7441091214432,2.516460933826906,8.25596282478007,84.27109016830737,61.65387693285092,13.4852550627412,83,0,General Engineering,9,19.84379135612509
54,Adopter,112.5042443863683,160.7797716616111,48.27552727524274,7.530729132863923,133.2223475811411,60.84638007993279,15.92840862289417,126,0,General Engineering,5,14.02335825987409
55,Nonadopter,108.8960412722953,108.298428750824,-.5976125214713051,5.056600440977,62.97566290642516,52.81422786856211,31.45309677837423,90,1,General Engineering,2,19.69949539687932
56,Nonadopter,70.46044947797947,98.07537566698514,27.61492618900567,2.92212058669347,68.59358713631218,69.83472056388682,15.62313220004738,152,1,General Engineering,5,18.01492285074083
57,Nonadopter,52.67211674371181,67.1873955683018,14.51527882458998,2.494054045477008,57.57076578627434,49.80670806224305,8.896095118775587,203,0,General Engineering,7,26.39471189019264
58,Nonadopter,64.00196153412931,63.17066934014534,-.8312921939839697,4.289168798001412,46.68697042659739,56.61717478269269,14.40517546677533,32,0,General Engineering,4,19.92793280714124
59,Nonadopter,60.74415423672048,72.30781839361961,11.56366415689913,1.481304784856628,31.10760969447227,55.67431643125804,10.90352805917873,22,0,General Engineering,4,12.49997061545774
60,Adopter,63.69468764753873,120.4934226610493,56.79873501351058,1.647784522905261,70.94091111651683,41.68554115442011,8.742348578548704,79,0,Transportation and Aerospace,6,12.81201083604982
61,Nonadopter,98.86565864066279,107.872391253394,9.006732612731213,10.6931329627357,56.29255719023723,77.36539749270118,12.3059972922643,41,0,General Engineering,2,12.29581871599557
62,Nonadopter,55.73817101607803,10.740179706671,-44.99799130940703,1.100780832061495,42.30846601385188,79.83963881972662,10.13436045040726,15,0,General Engineering,4,4.615159695817016
63,Adopter,80.88617896969329,105.5583286297964,24.67214966010313,1.853784664029006,62.54405591754182,60.02049856702271,13.12609444817598,81,0,General Engineering,0,19.73268750125143
64,Adopter,87.70610683961766,73.82597703753923,-13.88012980207843,2.91033855919882,58.07540555372955,68.70183626259669,13.31680294248401,39,0,Transportation and Aerospace,3,9.959372199554467
65,Adopter,105.0362249506505,105.6600152524042,.6237903017537008,7.2499413850032,62.54767187830844,53.72006572612945,46.46013029706032,55,0,Transportation and Aerospace,6,13.19679440085068
66,Nonadopter,87.70364593869739,94.49709378833339,6.793447849635996,2.367844976818384,46.01162979040098,37.13936361602531,11.44985653338686,48,0,General Engineering,5,12.28925493951797
67,Nonadopter,74.04845779896101,90.11297923184931,16.0645214328883,1.070372852446799,47.46634172558765,21.14700726588086,7.436769242424486,35,0,Transportation and Aerospace,1,10.12536113290658
68,Nonadopter,78.86366955553289,70.40977958122321,-8.453889974309689,.5295650359529478,117.8259067038179,63.88998118978896,5.028526240404299,42,1,Transportation and Aerospace,2,13.40519101805453
69,Adopter,68.62014019801626,120.0499115671577,51.42977136914139,6.155953387800108,59.70410206891987,42.83233384607416,28.3552118579838,153,0,General Engineering,0,29.59256975267298
70,Adopter,67.23272559564131,44.28406304354775,-22.94866255209357,9.894077200696733,50.40526676541828,72.06125246357321,27.8114740681331,95,1,Transportation and Aerospace,12,14.46088191026388
71,Adopter,98.77157287140325,98.64315671185223,-.1284161595510227,7.948861279964364,59.34628886576253,50.34650804473799,19.7824099977052,121,0,Transportation and Aerospace,5,14.83485470331735
72,Nonadopter,94.76227136709559,98.59265205710965,3.830380690014053,1.384019887019525,27.26694484098408,68.38911770245936,41.72693011206393,32,0,General Engineering,3,13.33071221593999
73,Adopter,61.2470120492018,86.35617534755059,25.10916329834879,25.67623145577249,109.1905586109084,46.32176903640856,16.45085233502861,54,0,Transportation and Aerospace,12,20.11984268567375
74,Nonadopter,95.5391035262878,74.73936404482318,-20.79973948146463,9.154447058969691,43.89621447809534,50.02970149308439,33.52862010082901,33,0,Heavy Equipment,3,12.62917394562276
75,Nonadopter,56.8490041067033,43.33149789376758,-13.51750621293572,2.590073006011435,36.1039215103946,45.82278812408609,19.8421069645215,39,0,General Engineering,9,18.36295821067959
76,Nonadopter,79.36052233157648,93.0557570222048,13.69523469062833,1.550556097539079,28.22700098647055,59.45163143693941,23.74120598205742,19,0,General Engineering,1,13.02575872985542
77,Nonadopter,71.18033654173799,33.01512422570212,-38.16521231603586,2.499518905997186,41.52870532755684,55.08488366068809,7.872705084267261,44,0,General Engineering,4,14.12581470273928
78,Adopter,51.95234645398025,38.40710870610808,-13.54523774787218,.7439254887270806,27.16938678769134,44.59955675481739,17.12447396949616,41,0,General Engineering,4,10.88796327706668
79,Adopter,97.22007485047517,144.4782980871226,47.25822323664742,9.986840450608396,49.3006793449288,70.93259735084762,15.81481545210826,201,0,Heavy Equipment,7,22.85509804014729
80,Adopter,72.56889569120112,93.42280251619066,20.85390682498954,1.9202593097631,23.23701966555768,55.15750125092453,8.233546344439826,83,0,Heavy Equipment,3,15.08723177450728
81,Nonadopter,59.51031816786338,64.5675442101126,5.057226042249219,1.514068538197524,26.43336342427197,52.11806901963556,10.50847251041454,19,0,Heavy Equipment,4,15.28763232084011
82,Nonadopter,104.2944578140441,93.48602538277551,-10.80843243126863,3.226971297022457,63.66250267628649,62.29989700451407,9.127703177864797,87,0,General Engineering,1,21.28723389256442
83,Nonadopter,102.7312181404554,79.7532330933096,-22.97798504714575,1.616545149034412,49.63377967783421,45.27999235124315,7.167832458373464,103,0,Transportation and Aerospace,7,18.24200009732882
84,Nonadopter,107.5813603590497,96.41051170386959,-11.17084865518007,8.156434019562887,75.26062322586246,62.9834748831665,39.20093896617785,40,0,General Engineering,3,15.60389782356316
85,Nonadopter,81.29318143839515,37.99984668769159,-43.29333475070356,.6757824150634689,23.11095125969046,69.98656020322197,10.99970429372632,22,0,General Engineering,3,12.70432747354624
86,Nonadopter,84.32914127904382,36.64712543865758,-47.68201584038625,2.198002731802563,30.18638281039794,57.97068278436823,17.32115704296726,43,0,General Engineering,1,9.282595006338777
87,Nonadopter,37.93439270861859,26.32674805967181,-11.60764464894678,4.904814313476654,213.6900724115421,90.03493387662959,17.09796818334667,73,0,General Engineering,2,22.99226575208438
88,Adopter,100.7010462769553,129.9186830318213,29.21763675486598,3.45439160318692,205.246824390367,58.42904394752919,53.20428419507333,146,0,General Engineering,3,20.12848503873609
89,Adopter,83.20976994207801,136.6330910686356,53.42332112655755,10.40553874569781,59.90322244687009,65.73537560321698,15.54667842570303,82,0,General Engineering,6,21.56993934306461
90,Adopter,85.91136373427271,89.99615848481197,4.08479475053926,3.836885162463368,73.73066157628844,50.39579754299646,15.3879378252191,44,0,Heavy Equipment,3,6.342528409786854
91,Adopter,56.01876736516915,82.45088174762849,26.43211438245933,1.704497191898245,33.95177924075969,60.74118639276124,20.97980366155918,64,0,Transportation and Aerospace,2,20.2331348943875
92,Nonadopter,96.11822319769834,73.90834233233004,-22.20988086536831,4.817361987691201,29.45576098951404,53.28024876050468,18.85001544402557,40,0,Heavy Equipment,6,19.18932759111545
93,Nonadopter,88.02497612541035,115.8521961522176,27.82722002680721,3.82877549446054,135.2629473979919,50.62470730822043,17.76800231422646,66,0,General Engineering,3,19.26832510737018
94,Adopter,100.80943516711,98.07844364741672,-2.730991519693305,4.096487178069889,70.91600420356833,39.60418963897226,13.31571582109179,48,0,General Engineering,4,13.6483903986916
95,Adopter,57.40082927586107,55.12526822584495,-2.275561050016123,3.386108061636798,106.7924620514513,76.3377289414253,10.93706100749243,93,0,General Engineering,5,15.42181989779281
96,Adopter,34.22642961785301,63.57985730345093,29.35342768559791,8.721582651723603,91.37972905908217,63.8281544828501,21.87784679007813,59,0,General Engineering,6,8.251396935055045
97,Nonadopter,84.95298068764646,63.86897113403677,-21.08400955360969,1.993028777660427,107.4626071059781,41.37411559984601,36.974813969865,61,0,Transportation and Aerospace,0,17.75503972180498
98,Nonadopter,56.96787157079721,48.74951976415397,-8.218351806643241,1.593139136582928,55.97589791807442,55.06896320000655,7.513930667450286,36,1,Transportation and Aerospace,2,14.31657841511822
99,Nonadopter,61.45554924784617,80.88957221693084,19.43402296908467,2.722218911717914,62.2550356264567,63.99331903893591,8.237241114137309,62,0,Heavy Equipment,2,15.82464409448871
100,Nonadopter,85.07490856999252,41.23535568409228,-43.83955288590023,1.701670157979956,17.17626755872189,46.88523294915051,49.42002472523742,23,0,General Engineering,6,6.310548505208427
101,Nonadopter,77.15825621224978,69.68510143534112,-7.473154776908657,.3676350150539263,7.489862660445238,76.54829994968088,12.44512985176493,7,0,Transportation and Aerospace,2,12.18793445350731
102,Adopter,99.36329667275253,148.5187861310416,49.15548945828904,5.26072153435084,107.6911504243103,64.48360333415604,34.32365485307279,94,0,Transportation and Aerospace,5,13.84675321410647
103,Adopter,125.295233736139,128.065798352768,2.770564616629059,7.042036504728615,34.85618985529946,63.68690935876257,13.4394720395911,90,0,Transportation and Aerospace,7,16.28021241578483
104,Nonadopter,115.1726564085759,148.0685818519846,32.89592544340871,2.301506980698446,47.28301372094147,60.78738994801949,18.53724958060122,38,1,General Engineering,3,14.61378589904851
105,Nonadopter,86.7966729536638,87.86891684492301,1.072243891259205,5.646777193130836,52.36285134519442,66.9730782154322,25.28842886440794,85,0,General Engineering,6,14.71166753158913
106,Nonadopter,63.71045718466591,39.95011811057852,-23.76033907408738,.8660640902272457,53.6337966998294,61.79483183976507,5.77410681319196,75,0,General Engineering,5,6.461734573785117
107,Adopter,75.94189384892348,72.42496684553217,-3.516927003391316,7.069417213523946,72.80069884270451,55.64574811867566,16.47086007638097,71,1,General Engineering,6,17.9683442367934
108,Adopter,102.0784892961116,110.3506871785232,8.27219788241166,15.42286230358838,72.70898107979652,51.22751283102914,19.34862069026685,35,0,Transportation and Aerospace,5,18.60233663856191
109,Adopter,123.6274597401407,184.8421405288759,61.21468078873515,9.308286300004815,168.1264844368514,61.71103825756015,29.77711915463184,329,0,General Engineering,6,26.63022077025311
110,Adopter,49.7242292450281,42.7588867768597,-6.965342468168402,6.910178534262646,113.5739859880488,69.08174312093828,27.48455408010205,88,0,General Engineering,1,17.39948254009438
111,Adopter,80.70598433955411,78.78036044894158,-1.925623890612528,1.739856704701366,13.32319023139843,53.10059809573758,12.71500840893631,26,0,General Engineering,5,5.730291363715817
112,Nonadopter,110.8722088152967,137.9680700025986,27.09586118730188,3.406638439272708,92.31322902182397,67.22267268363703,29.66858111936559,43,0,General Engineering,3,12.67603556425308
113,Adopter,78.21566700538804,151.7988162916241,73.58314928623605,18.75651272772952,99.46778909023564,52.05186328453077,18.08869728202295,255,1,Transportation and Aerospace,7,24.6898886818352
114,Nonadopter,42.76693921542058,39.34244185190575,-3.424497363514824,1.943916428264293,15.57802943780489,63.08237814119428,22.8892073745806,24,0,General Engineering,4,7.954982345930802
115,Nonadopter,110.6700211797267,133.3945804887338,22.72455930900713,.6842811735995143,35.82907512493114,52.28447215142545,11.81566211028826,71,0,Heavy Equipment,1,17.53223937021223
116,Nonadopter,60.82982052092669,48.67116736719449,-12.1586531537322,.4386927648934206,31.15378468523884,59.19812699025414,20.11266140713569,42,0,General Engineering,0,13.6800308678985
117,Adopter,134.4626554564071,209.2831343356634,74.82047887925631,6.856989188023348,173.3631053055286,55.94300071791427,50.44099111968675,126,0,Transportation and Aerospace,3,14.66336172031274
118,Nonadopter,50.92414141881633,71.85483574777749,20.93069432896115,7.217025680556793,54.97505633466756,36.2863607908571,16.78880929151643,57,0,General Engineering,0,13.58383447837888
119,Adopter,73.81674547425254,72.15067949751095,-1.666065976741592,3.588341188997704,278.311519331186,53.9737956314102,11.06354547649131,63,1,General Engineering,4,9.707342626755999
120,Nonadopter,66.10580613985347,87.65240489546169,21.54659875560822,1.38192551287389,71.99149987953662,41.15036258218835,6.618757942612144,51,0,Transportation and Aerospace,5,12.70567872693906
121,Nonadopter,83.29926016676583,82.02264614570417,-1.276614021061661,7.123321901410175,68.91140081351129,59.68156617773096,15.9843536732907,37,0,Transportation and Aerospace,13,14.31678273151433
122,Adopter,120.625858031045,163.0025476448616,42.37668961381664,8.214792798338063,106.2695997667454,51.76808215927296,14.69166764374832,141,0,General Engineering,3,18.63693287303131
123,Nonadopter,91.32384624048208,57.94309007111015,-33.38075616937194,3.52648342197639,23.41580241003457,72.10011137741698,14.23021438327213,44,0,General Engineering,4,17.21332087436068
124,Adopter,70.82823113377253,84.13471754254792,13.30648640877538,2.745843229778227,39.29165738306175,56.89289939448855,11.61517316217917,57,0,Transportation and Aerospace,3,2.333639386910276
125,Adopter,78.3476267363809,115.8256952431697,37.47806850678876,2.518312356093742,50.30506296630915,45.21169117076592,11.29455738826867,110,1,General Engineering,1,17.60913341619527
126,Nonadopter,65.96014198257276,66.44121731495579,.4810753323830284,5.734739143284068,38.63895287117593,69.07901050777649,7.362123002678852,38,0,Heavy Equipment,6,13.83934456051871
127,Adopter,64.00873261997609,64.46025584605187,.4515232260757784,1.971641007163517,22.95883756928806,35.8779777025895,9.488700579144215,58,0,Heavy Equipment,2,13.05111671573114
128,Nonadopter,83.96865648340332,65.26612947522527,-18.70252700817805,3.362538163846145,70.24611210427989,40.40166741339083,10.32675465633434,44,0,General Engineering,2,8.733222359362873
129,Nonadopter,100.0272937735063,108.363923257276,8.33662948376967,5.669870351560362,29.64741620838716,29.49740191850947,9.896959791046799,21,0,Transportation and Aerospace,6,10.83804490325092
130,Adopter,92.77629209018824,112.4249163749851,19.64862428479691,1.082418111507999,49.48175006936518,36.06083739654915,13.47862470142816,87,0,Transportation and Aerospace,1,14.60231596397214
131,Adopter,86.0011905577131,121.5767033045216,35.57551274680853,4.018775566359138,76.60007499863134,73.1732011281087,9.629715983935698,119,0,Heavy Equipment,2,12.20732984017235
132,Adopter,93.92508946459003,116.8457627576288,22.92067329303877,1.889106149967048,154.1820327109643,48.1909262546087,12.71266645577698,38,0,Transportation and Aerospace,3,15.44096276809207
133,Nonadopter,97.68546713605933,106.5608423589507,8.875375222891392,3.859461412397219,56.67340590569701,56.63689936195664,17.71257758270312,125,0,Transportation and Aerospace,6,25.06430649991907
134,Nonadopter,118.1836943068539,143.9916116489766,25.80791734212265,6.287777087327788,53.23395468006146,67.7127125199011,44.25942826876535,82,0,Transportation and Aerospace,2,11.53246095691448
135,Adopter,71.64175657185098,117.3238225409026,45.68206596905159,4.446904251344346,80.8523932725937,64.43328660356084,10.83217865695585,87,0,General Engineering,5,21.28054904379213
136,Adopter,138.9345139038109,159.003508794377,20.0689948905661,7.320163213265773,154.1709351153667,63.97879949061505,36.02991479839044,167,0,Transportation and Aerospace,5,24.89000400575271
137,Adopter,97.2574254356944,93.43620741243332,-3.821218023261082,3.603515453435918,50.28925375932454,36.19855122263349,6.830278796853509,58,1,Heavy Equipment,5,17.86009361895845
138,Nonadopter,93.12446689327925,80.89081397740834,-12.23365291587091,.7989899642765221,77.06776381185745,32.46136353591283,6.340544966675187,23,0,Transportation and Aerospace,1,7.599360494323209
139,Adopter,79.0253944269983,109.357110884428,30.33171645742969,1.983919982224766,152.4851670770428,67.74807739664186,20.87366780676983,118,0,General Engineering,2,20.65241667792056
140,Adopter,70.42754181212116,97.36424397612794,26.93670216400677,8.710312929977862,93.46196539971193,51.18685730013833,20.23383581096158,104,0,Transportation and Aerospace,14,14.355585502804
141,Adopter,82.77730855833227,95.59791619883873,12.82060764050647,2.376649748091967,101.2772598038977,72.37351104776883,13.39128285893227,77,0,General Engineering,0,11.31236284314041
142,Nonadopter,78.05375578912106,33.4640304527284,-44.58972533639265,1.408552844474934,31.49012348943891,70.59886403781935,34.1499974883537,23,0,Transportation and Aerospace,3,9.995745645009951
143,Nonadopter,74.92581594516462,87.60346284923,12.67764690406538,.8795783469547331,41.74132597698631,49.90037487923899,10.53844082625258,65,0,General Engineering,2,13.15709968478065
144,Adopter,63.96437723168468,123.0032964204889,59.03891918880417,10.77155883068778,155.6444509456541,69.64328864201478,12.66533584206261,168,0,Transportation and Aerospace,8,26.49526926932501
145,Adopter,71.87035971492848,55.16772363025281,-16.70263608467567,2.900207994392674,34.87722309183227,63.07530187147408,26.66888876465396,55,1,General Engineering,2,6.449781366289715
146,Nonadopter,82.07298585017455,60.24183803616371,-21.83114781401083,1.684192615765964,66.85076157490295,55.27732954913895,25.60426441209326,67,1,General Engineering,2,12.94942423716894
147,Nonadopter,50.78302696764092,75.78895528345021,25.00592831580929,2.985388804207929,54.15876981607889,59.16483043429201,8.094755264499637,58,0,General Engineering,6,4.79277531746531
148,Nonadopter,61.01473953161561,86.8730294047436,25.85828987312799,1.142649084681033,35.14192388741185,46.85414656760889,9.678450642659525,47,0,Heavy Equipment,2,7.24274695373467
149,Adopter,85.1506683927847,103.366513083308,18.21584469052326,10.36580486801873,56.91060879875759,37.99322530086327,9.019274645463991,110,1,General Engineering,4,18.61226889776676
150,Adopter,82.48196925923605,136.2379259209956,53.75595666175951,11.38431988838455,309.9324666687135,62.76841710126108,15.11586034396664,152,0,General Engineering,7,18.56082426618332
151,Adopter,72.22824630389249,47.28984725144041,-24.93839905245208,1.780644296684407,28.97213909260726,74.04958194323706,9.027763849089938,24,0,General Engineering,1,14.54012002713053
152,Nonadopter,106.0721768191472,97.37397276684095,-8.698204052306295,2.41718942740297,65.53162186258666,78.32918006399738,23.21170955373792,24,0,General Engineering,2,6.037566743394213
153,Nonadopter,92.18378031543253,113.3843977346197,21.20061741918717,1.678531370058344,56.19880027583904,52.66662848248988,16.44792948100444,27,0,General Engineering,4,11.70747645872999
154,Adopter,68.56702859107773,120.9274190761039,52.36039048502619,13.45680853285955,179.3783020801428,77.22282056463656,38.15068632319859,102,0,General Engineering,8,16.36655403044124
155,Nonadopter,80.04935105415029,67.43113990937852,-12.61821114477178,3.639970515256372,48.90879813320817,39.94875826460732,5.706897567056458,20,0,Transportation and Aerospace,4,11.81532823540226
156,Nonadopter,98.56559722095818,135.7129403696088,37.14734314865061,7.726203092399929,156.134967433108,66.64120797126364,13.61985175815314,42,0,General Engineering,6,21.39101080271968
157,Nonadopter,127.0603955153611,126.2631373449653,-.7972581703957928,4.015732233027587,20.21083344910238,51.76040507229544,63.60954623693413,62,0,General Engineering,4,16.26491240028946
158,Adopter,149.9101944016323,168.9023301180571,18.99213571642485,1.556954339027566,34.43673067714569,76.96209222907571,12.08415913604093,120,0,Transportation and Aerospace,1,18.78432982633622
159,Adopter,87.06989649730801,96.71936882443867,9.649472327130667,2.846256772525945,65.07374265385751,57.31298091901969,6.470295622301211,50,0,Transportation and Aerospace,3,10.0440721710112
160,Nonadopter,84.9531920401154,102.6381671937753,17.68497515365986,6.146315400360728,36.45664015109811,65.94601912204502,14.31875225688078,55,0,Transportation and Aerospace,10,18.11433469730679
161,Adopter,57.66724413665655,59.8610639934229,2.193819856766353,1.173301663993224,51.2678732946945,66.25323507976651,9.782437129803323,42,0,General Engineering,3,14.14400975199979
162,Adopter,111.8081166807633,127.0163068234645,15.20819014270123,2.783149239078805,112.1109547858822,51.94557693897472,14.15927816906853,38,1,General Engineering,3,7.166920198447964
163,Nonadopter,77.34817546441791,58.85520672073966,-18.49296874367825,4.701438414507647,101.5622927951904,49.35142208216909,29.02719890972298,59,0,General Engineering,7,14.51773775608149
164,Nonadopter,58.77606513915715,94.63495546179468,35.85889032263752,1.719891509176345,68.5739462893237,56.96786352368552,21.1531865237697,115,0,Transportation and Aerospace,4,12.11950866794687
165,Nonadopter,49.82623865470387,56.29523661325978,6.46899795855591,1.604318631050932,32.02545806199935,42.95100387488395,7.460019136816148,44,0,General Engineering,3,15.19781580578293
166,Nonadopter,83.94467195759073,95.34339033749816,11.39871837990744,.7937020357869513,42.81603903191766,63.45102833334404,9.467057256609397,36,1,Transportation and Aerospace,3,11.80367774324955
167,Adopter,113.5773430448498,129.4371994134816,15.85985636863177,2.171480374660857,63.80873609997776,49.0049429293415,22.23053311600266,101,0,Transportation and Aerospace,1,15.87659514437721
168,Adopter,94.54673052875515,121.7590766451604,27.21234611640521,10.19301508813123,111.1117737436294,42.62575041372271,14.41709144315577,105,0,General Engineering,4,23.34252602250368
169,Nonadopter,36.67469714945522,1.801670337668959,-34.87302681178626,1.710338736761075,26.39454023324452,35.97545942841192,7.830210655096288,16,0,Heavy Equipment,2,6.369234318551739
170,Adopter,93.11577204769391,84.94423365947912,-8.171538388214785,1.770572103205506,49.97938992674604,61.47455961078521,27.87056471781598,42,0,Heavy Equipment,3,15.73803203379242
171,Adopter,112.6644607922027,146.7860922639923,34.12163147178954,8.787159812910179,60.46510893771674,54.72139297915389,26.76409702909238,91,0,Transportation and Aerospace,4,11.33773881756226
172,Adopter,54.78377838428884,42.69461355652473,-12.08916482776411,6.33045741277308,62.95194649919767,60.69899480002052,15.36401337936703,48,0,General Engineering,2,10.62904117877858
173,Nonadopter,106.6225383832091,67.6220097194435,-39.00052866376564,1.550757335960785,48.41971080823,65.47889547285131,25.01041052060809,42,0,General Engineering,2,8.656752620942086
174,Nonadopter,88.1597855544296,83.78058155151365,-4.379204002915955,.999224856130947,41.2853653357376,33.77827902755424,28.69492295146525,49,0,Heavy Equipment,0,17.37519610927681
175,Nonadopter,75.79424211133554,88.94521594711492,13.15097383577938,1.037238792975888,39.20796020704767,58.50188083228536,4.114292209755043,48,0,General Engineering,3,21.5179450771348
176,Nonadopter,88.80077785436677,61.4367922961609,-27.36398555820588,1.548322950282099,28.7869260512495,68.21992807464284,17.96746825154644,41,0,General Engineering,4,9.178404749735927
177,Nonadopter,97.2740095788682,131.4104480068305,34.1364384279623,3.208568950689875,83.20005344953111,54.51068431150103,12.48969962351978,156,0,Heavy Equipment,0,17.43780486302065
178,Nonadopter,64.80767824195092,50.97468054750459,-13.83299769444633,11.13748410105304,37.47502383368391,35.91166263015161,17.19060659373235,44,0,General Engineering,9,10.60176103518551
179,Adopter,53.40106173223941,30.51480248821003,-22.88625924402938,2.813140538186162,89.22994046646522,45.4551137825847,23.73183076350667,72,1,Transportation and Aerospace,4,16.12334732675594
180,Nonadopter,92.64518606062349,85.77783492310009,-6.8673511375234,1.396420366544104,18.04811321242312,62.93709333230692,34.88200907578234,19,0,General Engineering,3,19.61782856325812
181,Adopter,76.620375758376,115.7433601958822,39.12298443750623,4.044800524990084,67.72872549021483,42.5368203943176,10.9750807488281,112,0,General Engineering,5,19.04541551355639
182,Adopter,97.80394694158626,126.3088433398801,28.50489639829384,1.412853636533597,42.95960851756028,53.87660788271911,11.84484671778423,62,0,General Engineering,0,15.26855470412047
183,Adopter,83.72704495053226,78.03101471915775,-5.696030231374507,4.197474360203092,25.82482077547627,49.96965752912139,9.859758519636966,48,0,General Engineering,4,14.41197324298549
184,Nonadopter,78.08349397369567,98.37537152564306,20.29187755194739,5.468059188838044,74.75442125766095,51.98230693288416,22.82563873138553,38,0,Transportation and Aerospace,2,12.54361438390066
185,Adopter,52.21675087702504,92.35425804386301,40.13750716683797,2.858256600520775,95.42555701004387,62.30750758276492,14.65725051648889,192,0,Transportation and Aerospace,3,25.76692218805987
186,Adopter,88.77407616890649,122.8204724888018,34.04639631989529,1.206958554327807,33.09959701156573,79.73289906145851,15.1507226363932,44,0,Transportation and Aerospace,2,20.66678889868644
187,Adopter,67.422224019494,108.2088757187907,40.78665169929673,6.449415715186865,55.51629476943906,55.89077686098815,21.51134688516743,106,0,General Engineering,4,11.56862597117391
188,Adopter,60.58204416968772,51.45281802797102,-9.1292261417167,1.832223802633124,31.66944563571872,62.9166215688211,11.65234111150266,34,0,General Engineering,5,15.08065203882068
189,Nonadopter,87.27056284455314,58.17417919283483,-29.09638365171831,8.283047926846226,69.72397618680419,49.04872060550623,25.94688120026856,50,0,Transportation and Aerospace,11,18.15868058428151
190,Nonadopter,43.37613279583029,48.01597983116096,4.639847035330668,9.19274410021186,41.77247701790135,63.08312029696761,14.46274970226868,31,0,General Engineering,12,15.1139810983854
191,Nonadopter,96.48862403620134,75.14992003009661,-21.33870400610473,10.69284587450751,61.61937659900261,54.03304207055065,19.95245980239353,44,1,General Engineering,4,13.36989802978747
192,Nonadopter,81.11654568047996,105.7572666437284,24.64072096324844,.7822460546614263,47.19952504513377,48.28114409302482,13.06873272608511,49,0,Transportation and Aerospace,4,3.98936873525288
193,Nonadopter,55.96495005411803,65.07155727028427,9.106607216166246,1.909541884660558,33.95449350099329,64.59279225081552,7.492417220446992,79,0,General Engineering,4,10.54685580059118
194,Nonadopter,36.38890516866064,26.35553532166227,-10.03336984699837,1.433788172097051,67.14983024367254,78.88098150120079,16.98062164705023,23,0,General Engineering,6,18.65635360516703
195,Nonadopter,101.0639382177687,108.5303967920886,7.466458574319887,3.999048272461115,61.9492517367339,54.3060560620272,15.39936836387542,29,0,General Engineering,3,12.16459730052876
196,Adopter,78.15764145733453,68.74429137064341,-9.413350086691125,3.881162819644866,56.81877884852913,46.87161023285018,32.58258983547082,57,0,General Engineering,2,11.33294990750974
197,Adopter,126.4445138589488,152.599069154753,26.15455529580422,1.155145560832928,35.51179714133033,71.84867819419139,43.79054292620302,55,0,Transportation and Aerospace,1,14.64189680794204
198,Adopter,64.04630001904781,47.56789626514048,-16.47840375390733,3.660097423788211,63.04262437354504,29.15982534901154,14.56649188507797,36,1,Transportation and Aerospace,2,21.75561268308023
199,Nonadopter,106.316504677793,133.4468226912432,27.13031801345025,6.54548012300662,44.28146565567285,30.16212271959908,8.862906068308398,46,0,Transportation and Aerospace,3,10.09408667289194
200,Adopter,79.71120629388307,82.76832608295616,3.057119789073099,2.435507976328978,53.49639950696326,40.52754749894067,8.299006954232842,82,0,General Engineering,3,18.18538354404695
201,Nonadopter,76.2144850749423,119.5793523371748,43.36486726223248,3.542160182888306,50.79320470168745,34.64447939874917,26.60929024387999,35,0,Heavy Equipment,5,14.32134750370489
202,Adopter,78.91480927793596,106.8670529962311,27.95224371829509,1.96177618638136,225.9148295034031,62.10142828517594,17.75944519552047,96,0,General Engineering,1,16.48861971682143
203,Adopter,68.67910479674035,123.1566090690411,54.47750427230076,5.20228262516136,53.2367005446464,40.24631504747224,24.90140577525398,108,0,General Engineering,0,22.8574511292942
204,Adopter,69.57893756949329,85.96439133545232,16.38545376595903,4.718385061808979,113.977750077032,65.23051435919116,27.78874098854925,49,0,General Engineering,1,8.407667547010222
205,Nonadopter,88.28034297737766,94.28286280768158,6.002519830303925,11.32941980021944,85.55702586183999,67.58352441277196,28.14075670041834,78,0,General Engineering,12,16.34513232183843
206,Nonadopter,62.57691721944011,24.75448299842568,-37.82243422101443,.8360767042140635,36.21516050782183,60.36729923018428,15.84982896601334,26,0,General Engineering,2,12.2103843997595
207,Adopter,61.41105527490088,144.8043475865055,83.39329231160457,4.136883705758817,64.45437905148283,47.36020422828302,9.809125130672415,178,0,General Engineering,4,20.11730021215977
208,Adopter,79.56810995852229,67.77521115659388,-11.7928988019284,3.6067862905929,80.88474370805076,67.34503109733579,15.9244694268796,61,1,Transportation and Aerospace,4,13.37104808150919
209,Adopter,101.848102777844,127.4286189247235,25.5805161468795,2.929272081554687,89.1957763709037,70.98200467500301,15.23512804623075,44,0,General Engineering,7,20.04582104421696
210,Nonadopter,92.97126566790527,136.8092636431439,43.83799797523866,7.056877857164479,89.67473387719292,41.84336231752718,33.18176604117266,162,1,General Engineering,7,23.36034398612795
211,Adopter,75.59213817028022,110.4696228470173,34.87748467673708,6.610582015246191,44.47111264162416,38.68059366830522,16.80165821591321,97,0,General Engineering,4,10.5450007777493
212,Nonadopter,82.34789529452387,83.35900480201107,1.011109507487205,6.989203152231029,27.38052419883831,35.18225000498627,11.69611303563899,9,0,Heavy Equipment,1,16.51572951860276
213,Nonadopter,77.03373958011812,49.09071475465443,-27.9430248254637,2.471717170869399,74.00130464328187,46.20155699984353,24.74245938698698,28,0,General Engineering,2,11.77045105145432
214,Nonadopter,73.31777247846732,80.1341621577329,6.816389679265583,.9972235983033336,28.58870925928371,40.84195161568134,19.34164774336003,29,0,General Engineering,1,6.220542688669933
215,Nonadopter,65.03936289384842,47.19842679764172,-17.8409360962067,1.475708735875153,54.51618126436416,63.80576658971185,7.86289312628601,28,0,General Engineering,5,12.09775785261599
216,Nonadopter,58.68597534659463,61.4784591105666,2.792483763971966,5.560043239133051,39.98568626271346,39.09745866468434,9.185507586085093,37,0,General Engineering,4,16.42078722009268
217,Adopter,107.1292908066843,174.8049189387903,67.67562813210603,1.762282320167023,59.6502103180146,56.07109613923711,12.55949409286081,47,1,Transportation and Aerospace,3,14.48791113526584
218,Adopter,76.34727914569434,107.7255269330737,31.37824778737932,2.371111679625157,52.7910922239891,42.31803412831927,17.19197951601804,41,0,Transportation and Aerospace,4,11.7772676910333
219,Nonadopter,106.7128011678053,104.5853595910101,-2.127441576795206,2.592868234211946,32.12956919321769,31.19529170493944,5.097837901813201,19,0,General Engineering,1,11.83212946951053
220,Adopter,83.3717382749018,103.9854147821636,20.61367650726183,9.985625326528019,110.2493108135267,66.83392998047661,17.4157489007509,84,0,General Engineering,5,13.51999602500677
221,Nonadopter,84.28589750269671,63.66806461430153,-20.61783288839518,2.428829067213909,26.2914437602237,49.3383031088085,11.04758703290591,54,0,General Engineering,4,12.89457838150087
222,Nonadopter,51.74462532426962,42.88186962476904,-8.862755699500582,6.990715713967742,94.51231345905116,71.76544164677429,17.75094598095171,74,0,General Engineering,8,20.4628357075019
223,Adopter,82.03502169460195,93.81354090139581,11.77851920679386,6.15545402124031,89.65696818898031,41.07987085437856,17.60823978600082,71,0,Transportation and Aerospace,2,8.631203418383656
224,Adopter,81.68128369555329,95.2079597055281,13.52667600997481,2.195070639592521,68.06536218027141,41.67737227197274,30.97075732969412,37,0,General Engineering,6,10.95720049330073
225,Adopter,116.1673066262691,136.5225334503832,20.35522682411418,5.379175353395778,94.71412359417936,62.95362973918331,23.90985516822191,48,0,General Engineering,2,9.805114562286583
226,Adopter,117.1582659881114,158.6039124276109,41.44564643949948,2.228368669969822,45.928418809238,61.62083229697544,22.6139911349494,94,0,Transportation and Aerospace,1,18.19905682192471
227,Adopter,109.1869441184253,149.0542870168146,39.8673428983893,3.269341488349865,36.929805433414,50.84307539446524,8.373688891377805,52,1,Transportation and Aerospace,5,17.51076713992398
228,Nonadopter,76.10720456678897,63.65711973214461,-12.45008483464435,.9054433219341519,62.12929135808778,47.48130280138236,6.978700161269738,17,0,General Engineering,2,22.41255145519546
229,Nonadopter,69.24217253695747,73.20211088765281,3.959938350695339,6.125561959021848,30.9341297995073,51.77568990167654,14.20495376510686,65,1,Transportation and Aerospace,5,12.35458284818132
230,Adopter,99.4432634269608,116.7630091219573,17.31974569499648,5.39089151490309,42.28744679681014,42.89636573599748,42.97031810405309,15,1,Heavy Equipment,3,14.8036371449381
231,Nonadopter,88.84599709799774,102.8835595318937,14.03756243389596,1.877122881806721,39.88279808187425,62.94171023092039,13.24224868497913,32,0,General Engineering,3,13.0091702365588
232,Nonadopter,54.45967675137477,22.61945281480744,-31.84022393656733,2.796055639399055,60.36677279226483,74.15551468767956,4.460064428922013,22,0,Transportation and Aerospace,7,16.99673674947308
233,Nonadopter,53.11992693916687,46.34411522139115,-6.775811717775717,3.626045083685756,82.00621293477268,44.27998723264979,20.91093032392538,50,0,Transportation and Aerospace,4,12.88356750537203
234,Nonadopter,45.96246136333371,38.27460213013536,-7.687859233198346,2.920141194952508,79.26910973242103,62.51422461993342,7.987636406464268,45,0,General Engineering,3,14.34307080523969
235,Adopter,98.49092082478366,148.7993263564219,50.3084055316382,7.702602574955104,161.0599990294456,55.73638112985938,17.18884372578831,100,0,General Engineering,6,16.63893814667499
236,Nonadopter,63.51316282496299,61.2851605135216,-2.228002311441386,1.738971785687186,39.74598849749542,47.4134046936828,6.669900750897547,16,0,General Engineering,3,11.51547871945832
237,Adopter,141.5331821903661,178.7147469010892,37.18156471072302,20.54582314484313,172.2895747544193,62.50868479904491,28.83610744286182,194,0,Transportation and Aerospace,8,17.71348581707126
238,Adopter,105.6179354845586,129.1223032483291,23.50436776377049,3.737591945892267,23.60223196803942,44.66664517218351,25.65930802246962,82,1,Transportation and Aerospace,3,13.39452994784578
239,Nonadopter,101.5795564894409,69.11831103972983,-32.46124544971107,3.751522011770593,23.48358085856445,41.68705360920106,11.58161126202847,19,0,General Engineering,6,16.42101207612029
240,Adopter,74.17399876085142,88.99173920484644,14.81774044399502,1.573906128575212,24.75367372122895,68.08569391843153,21.24756829332739,65,0,Transportation and Aerospace,1,13.44773598414928
241,Nonadopter,84.03142492384522,114.2212607557274,30.18983583188218,5.749581498529333,58.64774809594036,57.4094500847968,28.00658250520103,92,0,Transportation and Aerospace,5,18.86454729141528
242,Nonadopter,58.30029386837102,92.46929697777438,34.16900310940336,1.715820027382687,44.16325507390237,34.82278563196272,8.735779871848797,52,0,General Engineering,0,16.43558498815601
243,Nonadopter,86.9874986714124,98.81450880879791,11.82701013738551,1.655858503984572,66.83375490719183,53.69535180698386,13.2036332373581,59,0,General Engineering,2,8.321747782184399
244,Nonadopter,29.77877689395842,28.96192977466833,-.8168471192900881,1.376322210658088,73.25724159299467,50.67875738710179,11.37510563006055,26,0,General Engineering,2,15.91083892728721
245,Adopter,59.7008861611088,72.84015254686338,13.13926638575458,3.33739420120176,206.3792895378053,39.12695238940807,18.81802856335398,73,0,Transportation and Aerospace,4,20.58383938791397
246,Nonadopter,76.6018703864079,98.44267707825097,21.84080669184307,7.026043374120683,108.2013823686549,31.64086357180267,21.373988755231,49,0,General Engineering,2,17.03707477166245
247,Nonadopter,94.08101426628356,55.08597914487751,-38.99503512140605,4.456990832038894,31.356491182382,52.33081810633321,21.77858940719878,47,0,Transportation and Aerospace,2,14.38615110291521
248,Adopter,84.09849750689651,124.0846523447292,39.98615483783269,2.963687541256704,46.28064029287233,58.49423050567752,17.05017055976749,72,1,General Engineering,2,15.01805751606974
249,Nonadopter,87.44722683593793,80.96201810962934,-6.485208726308585,6.790889266267263,40.40367671728172,49.32179057855065,17.2144872099397,27,0,General Engineering,3,11.98213634505293
250,Adopter,93.35738363763586,204.5663069026886,111.2089232650527,4.386908008433702,141.9853043229944,49.52081783059266,11.66235815250885,268,0,Transportation and Aerospace,6,33.56512845920147
251,Adopter,107.6283864053251,112.2928040915098,4.664417686184706,4.611089032027766,78.80563969857438,48.57052560217343,17.64145516463131,43,0,General Engineering,3,12.57026710011664
252,Nonadopter,98.86262057455329,108.1610380474812,9.298417472927952,13.12032791985779,17.53237418627806,53.03424182995749,18.32425012267335,51,0,General Engineering,9,6.836334258908169
253,Adopter,115.5758197010381,142.1006737946604,26.5248540936223,2.766166360013406,32.12424701889056,33.37213203493224,53.70672661205463,59,0,Transportation and Aerospace,4,14.74157170322396
254,Adopter,90.68194989092814,117.7476180255056,27.06566813457745,1.645388476793542,50.98909340006049,42.22677594494446,61.58410398360269,47,0,General Engineering,3,12.31053441211197
255,Nonadopter,71.05188944693424,46.45868165859987,-24.59320778833437,9.794764131446865,54.31401596210343,57.03087001471804,33.50314258909652,34,0,Transportation and Aerospace,5,12.45429354326934
256,Nonadopter,56.10991669572515,58.79874974977663,2.688833054051479,1.673897614738779,56.51488020168611,51.66357208307014,13.839778185435,28,0,Transportation and Aerospace,5,16.08978910262015
257,Adopter,98.21792857713606,115.8866069561122,17.66867837897614,4.428634776429456,63.22993617570065,56.82102718320775,18.59190281752756,110,0,Heavy Equipment,1,20.11633051980919
258,Adopter,20.27010965099221,58.61887363839352,38.34876398740131,4.229892287507577,46.66247572878779,40.84495532331795,11.26601006935069,98,0,General Engineering,4,15.71924469443231
259,Adopter,125.7052627372689,117.9468900001552,-7.75837273711376,6.72784010798796,90.53792582533906,66.40771092137362,27.71644911605727,122,0,Heavy Equipment,5,21.16248294652572
260,Adopter,62.97338382757427,113.9195835651574,50.94619973758314,3.013718273754133,102.8627288001072,57.2534279154924,19.5301601612368,131,0,General Engineering,3,21.94308646622344
261,Adopter,68.96005589372254,54.51173393227734,-14.4483219614452,1.111558936489739,82.46238355874974,29.10048440896352,10.63812813973021,54,0,Heavy Equipment,1,10.88481214184367
262,Nonadopter,67.55685990745872,13.98021902796357,-53.57664087949514,2.143889610850685,37.79560032664011,63.392718391358,3.118241911418419,54,1,General Engineering,4,13.37224923074021
263,Adopter,84.24779669055972,70.01026265788992,-14.2375340326698,3.363011838711714,49.99195161148364,55.13842644211222,12.21422701715398,37,0,General Engineering,5,18.65468791756215
264,Nonadopter,64.29358096352593,4.114382190920139,-60.17919877260579,1.368510017403079,22.75922679414887,32.90367136554082,9.843895603420124,24,0,Transportation and Aerospace,2,8.66712597280323
265,Adopter,114.4344791673864,132.1649200830408,17.73044091565433,2.19620257418663,38.03132488635126,51.77564108595288,18.48669369476014,87,0,General Engineering,0,15.89308128858779
266,Nonadopter,97.36189617672751,51.72039619478511,-45.6414999819424,10.08391343080076,71.00053900852269,53.21532220034794,15.16806252237416,55,0,Transportation and Aerospace,7,8.190129066002683
267,Nonadopter,105.3988173002176,142.7032229307177,37.30440563050016,12.32368938425954,61.65757215659769,31.65127327606893,15.26867569349618,49,0,Heavy Equipment,6,18.78249099394816
268,Nonadopter,99.44938856150179,65.36535767643844,-34.08403088506336,3.413507301323385,75.90539651649557,51.55279715497457,24.49259095692543,52,0,Transportation and Aerospace,3,17.85475268936631
269,Adopter,90.65233840256025,99.16001264112175,8.507674238561506,1.59335502614092,34.21305005115364,45.87343969193437,20.72530805165173,89,0,General Engineering,1,10.82395891284061
270,Adopter,68.54028383983589,92.33404633206131,23.79376249222541,2.535740025466762,68.9331116519885,49.15012964986801,15.2620930002112,48,0,General Engineering,3,10.21695426893215
271,Adopter,82.32507019502913,138.0943777749602,55.76930757993111,4.420137168531899,59.39906394922048,37.88971562999851,9.741362306178722,145,0,General Engineering,3,12.63082268029433
272,Adopter,66.81337947655885,128.2251316388335,61.41175216227469,2.725513602987264,71.40278270663084,37.17212417244118,26.56960772454693,57,0,General Engineering,2,24.9573755658829
273,Nonadopter,83.95334407763367,95.71976399695836,11.76641991932469,10.40601259343535,121.7933684352208,51.78681832966659,21.25754136225591,74,0,Transportation and Aerospace,3,7.614015640720609
274,Nonadopter,88.68332344599986,86.56739514011804,-2.115928305881823,11.53421562706728,44.27308638836624,64.65306636124345,16.65543693604323,27,0,General Engineering,12,16.43489301235757
275,Adopter,66.3429130225695,84.31935521660621,17.97644219403671,1.180813397201683,46.71260131178888,38.55373135056407,14.46648931591459,26,0,General Engineering,2,20.0379423484241
276,Adopter,58.16570134892268,112.6042998035859,54.43859845466325,1.623715430542579,32.22869662870719,53.34728658724137,10.77187342649099,60,0,General Engineering,0,16.32012614399699
277,Nonadopter,77.82917265321665,70.80892644319515,-7.020246210021497,8.133779307464408,42.57069992168496,47.07235607796294,15.39536675908848,69,0,General Engineering,10,13.37293689840006
278,Nonadopter,26.42436206132474,34.83189047212404,8.407528410799294,4.068695251188866,80.52676305636683,42.75572334518711,12.49341843213814,72,0,Transportation and Aerospace,7,14.0576771991904
279,Nonadopter,84.22238714265264,69.68188615272891,-14.54050098992373,1.588309347404114,34.40061639708503,66.96210249058228,36.75200701966087,32,0,Transportation and Aerospace,1,9.1014724260036
280,Adopter,55.78553226259612,67.04815218917658,11.26261992658046,2.358626632969075,57.84146195519069,48.52219348648911,11.97330085246339,57,0,General Engineering,2,10.80602667804703
281,Nonadopter,85.60643714613215,53.26294202292983,-32.34349512320232,3.175276132264603,20.01742187381346,51.84557325658461,10.34940545716284,20,0,General Engineering,3,23.98132985064226
282,Nonadopter,59.92914404093661,42.24837897816146,-17.68076506277514,6.204765678592379,35.2196003338846,45.75711020965387,15.53855443809027,14,0,Heavy Equipment,6,3.702628665675857
283,Nonadopter,97.1776425730465,66.58578709303356,-30.59185548001294,1.069221956519859,19.2072099733552,72.01780647388509,7.209707495236138,32,0,Transportation and Aerospace,2,18.16442378779876
284,Nonadopter,87.1571290117425,55.41497438211757,-31.74215462962493,.6673056871898625,10.71797655044816,49.62081247297539,16.2800196998285,49,0,Transportation and Aerospace,0,9.173620521097849
285,Adopter,75.61215969426215,83.6857329204382,8.073573226176052,4.59236730520378,49.92953803819924,50.99763521942412,12.84963876585205,113,0,Heavy Equipment,4,19.1346367209755
286,Nonadopter,114.7575198896467,90.31359285185049,-24.44392703779623,5.803705665598361,146.6236199452782,54.15412117340422,23.0552941331842,66,0,General Engineering,6,19.03749638867081
287,Nonadopter,53.23318324259363,45.30166786675214,-7.931515375841492,1.029896408030516,23.60616431858659,45.87092059091653,15.03470007866373,34,0,General Engineering,2,8.932637702146087
288,Adopter,68.83089570389461,85.30530086567526,16.47440516178065,8.246490857160929,40.5060912836669,35.26932165963748,32.15680188324601,51,1,General Engineering,4,21.17626677303174
289,Adopter,98.45078286265317,143.6876674416548,45.23688457900161,7.499750362987359,53.0684730327502,39.37183235538309,19.25653862667821,76,1,General Engineering,5,16.65447931339325
290,Nonadopter,71.32001334162052,79.98336442465079,8.663351083030264,8.558100326525874,37.72430944402689,49.49719691249697,12.23367972974501,62,0,General Engineering,4,11.62063067919008
291,Adopter,73.12125327323427,89.44999495794744,16.32874168471317,4.256620070050662,33.14413343676996,63.62895562306415,21.19212689653935,50,1,General Engineering,4,10.7325433145095
292,Adopter,74.36797403572957,148.932668710127,74.56469467439739,14.17486179626487,97.43311857892733,63.39664103505931,24.28376297477698,237,0,General Engineering,4,30.70920077658362
293,Adopter,57.79717909309706,71.15213213081259,13.35495303771553,1.198273346708389,56.26896313018044,40.33738634491198,13.51861592783662,141,0,General Engineering,3,15.95763472009573
294,Nonadopter,64.62684424680232,23.92765276007695,-40.69919148672537,3.820562483063509,71.20243823818242,59.3859861956913,9.086942074831379,78,0,General Engineering,5,14.10405507619008
295,Nonadopter,40.85884920964142,29.55832445035703,-11.30052475928439,2.6166560526692,156.7629245690578,33.64405511803056,22.36403104884182,49,0,General Engineering,1,18.93244354951265
296,Nonadopter,91.9949185289056,101.6332665016739,9.638347972768273,3.175887014989222,49.77822987365329,33.11943282190326,12.20783439029504,25,0,Transportation and Aerospace,5,12.73293677446089
297,Adopter,85.16080033952647,116.7147165361927,31.55391619666625,17.06221323096761,123.4165434970365,75.54877973339336,23.79837567332455,219,0,General Engineering,12,23.42895280031327
298,Nonadopter,59.55773139808059,52.46221963483982,-7.095511763240772,3.889451630158876,22.05062440687162,55.75533476613249,23.45227038298979,78,0,Transportation and Aerospace,3,11.64391669113687
299,Nonadopter,59.42616697259787,65.4813078643964,6.05514089179853,14.2140133556067,102.3059105535519,51.01895466987397,13.21736263380521,124,0,Transportation and Aerospace,10,19.27267701718809
300,Adopter,90.17015927777507,112.390571986761,22.22041270898595,3.216477376180714,29.31966675841031,71.96334704517969,13.37622651518423,55,0,General Engineering,4,13.07930018937619
301,Nonadopter,100.4473068518102,59.55520622457089,-40.89210062723931,2.005735311394858,15.800312180392,50.20347861855177,11.21569926489495,23,0,General Engineering,4,10.4524961020005
302,Adopter,80.2316081965995,103.0426056082393,22.81099741163983,6.185134747211076,138.917253602076,57.38897651510732,33.89739358426055,141,0,General Engineering,8,24.26905342908727
303,Nonadopter,111.5132116763317,84.31691074074583,-27.19630093558582,9.08267498341338,25.51219895663645,67.43731205959834,23.23273019377062,21,0,Heavy Equipment,10,11.80715379741032
304,Adopter,91.82092552949581,106.7509734960117,14.93004796651589,17.21912784192264,97.33166498650631,76.52513776754998,15.54451642220346,101,0,General Engineering,9,11.30015123489153
305,Adopter,83.17562441774108,101.6802865356899,18.50466211794884,3.349161210349061,127.6078681530799,55.67754705640168,12.39762332721158,107,0,Transportation and Aerospace,5,14.73061299862677
306,Adopter,72.95851531613178,71.34971160096153,-1.608803715170254,1.639369971922251,78.46302037649656,79.0383768885213,18.13407596179762,56,0,General Engineering,2,12.57369070661031
307,Adopter,27.92034094315525,54.66771101241449,26.74737006925923,1.882059377918605,31.09727518137922,54.06771955403984,28.9479828021731,84,0,General Engineering,4,17.64784383236513
308,Nonadopter,84.48267598435501,99.60242859124324,15.11975260688823,6.997582934111239,28.75568887061311,50.816737801211,11.68495800449559,37,0,General Engineering,3,12.20531020575017
309,Adopter,55.23399109953316,77.21891900464855,21.9849279051154,2.691380587441521,95.1836372296579,57.8759919356738,12.01830682699236,62,0,General Engineering,2,9.570419639661187
310,Nonadopter,44.20073783433325,63.66301554627307,19.46227771193982,1.864089888251718,107.6579933887004,54.80091591226548,7.185039062179287,36,0,General Engineering,0,16.57022230118265
311,Nonadopter,92.80515305512648,108.8949430529142,16.08978999778775,2.641958087903383,40.14179400389327,89.85270243450401,19.88140442146294,34,1,Transportation and Aerospace,5,16.86283865264372
312,Adopter,110.5454281660796,104.8128975148332,-5.732530651246435,4.248880421710298,23.60967630229323,46.72331781275163,17.66627619977634,80,1,General Engineering,2,14.8690245518351
313,Nonadopter,91.75886700361443,96.54991004822575,4.791043044611328,1.281547795661808,14.92618731605035,55.68961732002715,9.765577889192485,29,0,General Engineering,3,12.49561245123339
314,Adopter,82.66261168470714,80.02730764371115,-2.63530404099599,3.793960752024069,79.32370205052172,58.91914219366511,5.652799294884791,41,0,Transportation and Aerospace,3,16.14601636157121
315,Nonadopter,67.52617971372209,45.45594586441582,-22.07023384930627,5.576257116771743,51.38484379424897,53.6786684771433,29.37810456580029,75,0,General Engineering,4,15.45987947939475
316,Adopter,67.30332837860929,90.07262471279788,22.76929633418858,3.673441249763585,47.94736985283664,82.71213189151939,38.6477197357914,62,0,General Engineering,6,13.49812236790261
317,Nonadopter,46.75295212476335,44.95327523614846,-1.799676888614897,2.652637670013674,42.32378849199036,65.77959888313546,9.597386136738793,35,1,Transportation and Aerospace,5,6.66783094233793
318,Adopter,47.75591524292344,58.33576094316776,10.57984570024431,4.258992340419313,29.89156201582415,56.47297235544187,27.27971507512953,34,0,Transportation and Aerospace,3,14.47208272165878
319,Nonadopter,76.19297491669666,107.376756001636,31.18378108493938,5.689070757472752,82.13917984739618,42.02010108670976,10.9807692634269,137,0,General Engineering,1,18.19181762281407
320,Adopter,45.78197402882819,69.26661789538036,23.48464386655217,4.742211529849424,209.97660214109,43.84248325147597,15.93588836469608,42,1,General Engineering,4,10.48660254798182
321,Nonadopter,96.04867377446341,124.6495674543334,28.60089367987,5.669250919190708,38.93204745345852,43.51211844839796,11.53229991418388,70,0,Transportation and Aerospace,6,10.01250213988482
322,Adopter,50.54344194667448,78.21988902542853,27.67644707875404,5.118337266978872,63.15262676073533,56.38169116677313,25.378006574055,86,0,General Engineering,4,15.38110578301631
323,Nonadopter,97.27758111097891,85.76601266300409,-11.51156844797482,12.67165897451199,108.1274768780448,71.01338845396015,22.39169226337703,32,0,General Engineering,7,10.50164283244144
324,Adopter,77.10774290491955,92.19519782934819,15.08745492442864,.542655786617223,15.62363862466444,35.38430923616191,9.962805127476342,45,0,Transportation and Aerospace,2,15.63332777901779
325,Nonadopter,85.21270580556042,71.14579513473316,-14.06691067082726,2.271873672749039,74.43848950675137,68.0743408823092,21.78974102055441,92,0,General Engineering,6,17.38560083257621
326,Nonadopter,62.39983454752223,48.62363675549505,-13.77619779202718,1.518400991465487,74.73477339721376,60.53863924906538,18.50825033421282,27,0,General Engineering,4,9.339446466791776
327,Nonadopter,111.9989780362102,108.0281237172475,-3.970854318962765,2.972199992251139,63.0268681767588,54.99874164723376,24.6976593944007,64,0,General Engineering,4,6.906473971506505
328,Adopter,97.13458223909984,141.065130962971,43.93054872387111,2.568001852428314,156.1308334117141,55.06789656957946,51.18854011140191,169,1,General Engineering,3,23.27771847169643
329,Nonadopter,62.31304139765736,55.16194565877736,-7.151095738880002,3.264135690750853,91.60464289123419,54.43181907867806,13.85897025283514,73,0,Transportation and Aerospace,1,10.88306283059795
330,Nonadopter,96.42713272781401,87.29409663243193,-9.133036095382081,1.103255418166569,69.41323882285904,71.19067918665218,16.995503607498,91,0,Transportation and Aerospace,2,17.61084587021919
331,Adopter,58.61306856753453,47.98891800476471,-10.62415056276982,3.616016860857697,95.13606862776636,43.57515223267037,7.16085412905351,37,0,General Engineering,2,21.76714484358121
332,Adopter,101.8194673037061,134.9801488655281,33.16068156182203,.5101411680709159,59.79085750437762,45.91140311066095,17.97934366147717,46,0,General Engineering,0,12.41840258862964
333,Nonadopter,98.89351973362227,145.6589170212251,46.76539728760287,22.98800708651534,52.84541773908305,64.09595445144213,15.83464347902436,98,0,General Engineering,10,17.67938688460953
334,Nonadopter,87.47348769237006,79.95326053065079,-7.520227161719262,1.725938803748583,41.83518204154885,33.167473650386,9.864241733712431,37,1,General Engineering,4,17.64360871030192
335,Adopter,104.1918384990754,140.758115636682,36.5662771376066,5.017054732313502,69.50776607835458,74.6662082392524,29.65395749233924,91,0,General Engineering,1,19.34506359237759
336,Nonadopter,83.56736626098979,71.75264424231692,-11.81472201867287,7.346038634583315,27.043774535379,55.11102344172377,26.54232346560698,97,0,General Engineering,8,14.37887177523963
337,Adopter,54.27488750231531,98.99651562920847,44.72162812689317,7.623905180916934,200.2386818625513,56.42131877601311,37.11596677958306,68,0,General Engineering,2,11.79328759529257
338,Adopter,114.6440669496088,140.3690636804589,25.72499673085005,5.776307262237257,75.37084383605098,40.30056840635955,10.05520889645392,51,0,General Engineering,2,9.63384858662393
339,Adopter,109.4142555822624,101.3238711415996,-8.090384440662802,5.830809246723714,61.06567808357006,38.98954063824499,14.30739303031389,85,0,Transportation and Aerospace,3,7.938822497377418
340,Nonadopter,67.4801515834117,71.27300101149898,3.79284942808728,4.616344015414233,41.21850136508338,60.18558271494025,21.73553866917436,33,0,General Engineering,1,9.770999366782503
341,Nonadopter,81.67748258058266,102.7491276914748,21.07164511089216,.6392829305023592,23.1214283967891,41.99187580179994,5.58314213643425,34,0,General Engineering,2,12.05663493972587
342,Adopter,129.4877364299504,137.5368440073494,8.049107577398985,2.983258532684037,44.2420099171901,38.47548761907906,57.73446836367545,104,0,Transportation and Aerospace,1,16.47304443837897
343,Adopter,44.67358506133079,84.3812660313543,39.70768097002351,2.134322106703018,83.35367716108399,39.39423765425197,7.454900424383958,52,0,General Engineering,2,10.33765342534059
344,Adopter,77.10411843199941,63.48285372788128,-13.62126470411813,5.179604018538571,67.64595577575329,35.37182189509618,19.3889496075168,47,0,General Engineering,2,19.36856759993318
345,Nonadopter,88.81510700601143,53.71822354582059,-35.09688346019084,3.793339897884226,68.95384442595757,65.55608194993587,10.86038088834902,45,0,General Engineering,3,11.75473462599903
346,Adopter,69.67193065764873,110.6669923506388,40.99506169299002,8.93035087002329,73.99507463354446,55.23346183828306,8.469614603256744,93,1,General Engineering,6,11.54505091740468
347,Nonadopter,93.22959622083434,64.37803166827416,-28.85156455256018,1.654942825668347,66.20514051779536,49.31287419287985,9.043644113057942,58,0,General Engineering,3,15.22330525564028
348,Nonadopter,55.17547158347488,48.87548135490685,-6.299990228568028,3.371651751257219,66.96102433923814,35.36730987418808,31.97817264417344,40,0,Transportation and Aerospace,3,14.59694637101228
349,Adopter,83.95891764392275,72.5548774505409,-11.40404019338185,2.865063135450697,79.84444277430353,61.83519874799791,21.10102217162525,65,0,Transportation and Aerospace,4,18.71952628903583
350,Adopter,74.48844542783522,145.1454096005107,70.65696417267552,8.837949887191629,39.30607873339942,48.12674233899199,35.90742559357734,72,0,General Engineering,6,6.511211967098081
351,Adopter,80.95250336771639,71.75983775151478,-9.192665616201609,3.359975390513887,44.85710954993473,40.24875994966972,10.49305516506213,30,0,General Engineering,4,12.02648449026007
352,Nonadopter,71.12023348355352,66.29769012850149,-4.822543355052034,1.27713583197674,25.73938238366056,59.70724823971835,8.083194064630893,32,0,Transportation and Aerospace,2,5.829177251948741
353,Adopter,71.3552954930685,22.05876002638983,-49.29653546667866,6.764362236188,100.6591048074291,43.26078256953969,25.56336360502662,115,1,General Engineering,5,13.2986773956803
354,Adopter,99.22573806685966,126.1499728712521,26.92423480439248,5.429527830872143,117.5147768419732,44.14431277314784,49.97947545608923,162,0,Heavy Equipment,3,20.60321123198441
355,Nonadopter,66.66601105344297,79.21727101811412,12.55125996467115,5.415857489129705,42.7573500590522,50.23157319045492,18.7957640057209,27,1,General Engineering,5,8.708745772934758
356,Adopter,74.55314688541593,146.2746043840314,71.72145749861544,8.130821511568497,92.82108940505195,50.18714328355809,15.41339680576684,58,0,General Engineering,6,15.1597414160503
357,Adopter,71.59301268658862,83.86325027092546,12.27023758433684,8.341769322148071,45.6528016805397,47.30676787916834,27.31087973350855,97,0,Transportation and Aerospace,6,19.0301976618424
358,Adopter,96.52277809649893,145.3215591175306,48.79878102103164,1.965861467453249,36.67787682968954,50.37337074478503,24.5619008827453,89,0,General Engineering,5,19.95816888954086
359,Adopter,50.46464141983394,81.57649100872302,31.11184958888909,3.028160993670071,82.53393674297297,58.00081466073348,13.25199447400568,55,0,Heavy Equipment,2,13.0757936031857
360,Adopter,96.79446176478598,120.4965356161364,23.70207385135046,3.02038430880737,38.33375564936742,55.12856609646462,13.77078725531636,97,0,Transportation and Aerospace,0,13.06913654669141
361,Adopter,89.29142206846235,129.374410374469,40.08298830600664,2.821313566515447,37.74362998291318,65.76782846153237,16.23368258938027,71,0,Transportation and Aerospace,4,8.713809040853457
362,Nonadopter,69.86313443584477,54.68989246572713,-15.17324197011764,2.289051405774603,16.94214985894036,56.74684743835763,21.1693626246375,30,0,Transportation and Aerospace,2,19.18527910335989
363,Adopter,85.91171241502424,107.1868629090704,21.2751504940462,1.567723494750153,36.39105258813798,34.93176182504772,17.71892861942882,56,0,General Engineering,1,13.61533410751077
364,Adopter,109.7521485777226,105.3658277615661,-4.386320816156541,5.176041701478966,43.50530951615728,57.50210684050722,18.93420670343205,96,0,Heavy Equipment,3,11.17813364865524
365,Nonadopter,58.74486286666952,74.07750886565184,15.33264599898231,7.990811312828606,91.96065188160809,49.22735507921215,11.1696519413376,45,0,Heavy Equipment,7,5.467158307902099
366,Nonadopter,85.0119006869279,88.27637598472218,3.264475297794277,3.834499235245584,110.4560165221603,49.42377956585366,11.62284192278918,55,1,General Engineering,2,11.15539680852786
367,Adopter,65.37388172677642,49.28896546159126,-16.08491626518516,3.059449794125521,53.18019255745787,50.9969761478059,14.42067765604675,72,0,Transportation and Aerospace,3,10.97461703513606
368,Adopter,46.9400514357101,68.77141774396088,21.83136630825078,1.384919387757959,88.74901962153341,34.45188524102208,17.05037634920027,160,0,General Engineering,1,15.47988052276482
369,Nonadopter,80.14093060290371,96.43688140175965,16.29595079885594,8.18687441813438,43.32629981699588,46.61021617404932,16.56070122116143,78,0,General Engineering,5,15.55028765509299
370,Adopter,112.3693628471386,127.6142362748583,15.24487342771972,1.367219362565232,101.4384848791528,67.5821571530108,20.09182590972665,58,0,General Engineering,1,14.54415088687818
371,Adopter,51.83138678851846,113.8367388508029,62.00535206228447,4.643982647346952,61.02712942569442,49.28566535836689,11.30828636043841,171,0,General Engineering,1,15.71815614749667
372,Adopter,109.8989562653094,178.7371411672709,68.8381849019615,20.90065354628268,54.62129628032978,52.85594641772497,48.26541290430213,103,0,General Engineering,6,14.05640248063003
373,Nonadopter,64.17793000642129,72.71232060445874,8.534390598037447,2.505919926959603,67.11985243801534,48.9673169775506,21.76415578431369,87,0,Transportation and Aerospace,3,19.31604330960167
374,Nonadopter,64.23176086926274,64.41706327512294,.1853024058601989,3.160007467283409,19.67004914678235,62.6013314047497,15.1391162657882,20,0,General Engineering,4,16.03697651573042
375,Adopter,68.49859877693874,60.65119008105157,-7.847408695887161,4.358689136976222,78.65129378341349,55.31724962573002,16.4384723363249,71,0,General Engineering,1,11.88087898061833
376,Adopter,73.41436398507203,111.43854382402,38.024179838948,7.347034214470168,54.74549326334033,55.29395770208775,12.94004925372814,116,0,Transportation and Aerospace,7,14.80656998351514
377,Adopter,85.35352358523447,118.9894191163273,33.63589553109283,3.555271836840975,56.71418695170504,45.33546181040622,15.32282347418489,108,0,Heavy Equipment,3,23.36072852429748
378,Nonadopter,59.73016037674968,5.539611768969081,-54.1905486077806,1.019930221272797,22.12316702914502,65.74920253507248,13.20874751856279,34,0,General Engineering,3,13.47002606753438
379,Adopter,72.73723786846837,103.2595153108147,30.52227744234638,4.148469729485821,70.39861438593566,69.03064996155183,6.190979849970204,86,0,General Engineering,5,10.28462087253292
380,Nonadopter,101.6278409131581,118.3195308046684,16.69168989151031,2.373378664131212,76.15199092667365,35.3350381160781,16.3252478922415,58,0,Transportation and Aerospace,3,23.7776378882013
381,Nonadopter,92.89723077135193,145.428170811235,52.53094003988303,6.4894974026547,33.58994731472689,43.85842131345217,9.993642096058331,60,1,General Engineering,5,11.30660301980287
382,Nonadopter,65.47377044605132,112.0356198850348,46.56184943898346,2.392658562024962,25.2798710734652,42.35352096957435,10.01757051800391,72,0,General Engineering,3,17.81510016920607
383,Nonadopter,85.22024729631343,65.075331982162,-20.14491531415143,1.372842258491653,69.9303566139466,38.00805722315728,7.647998461205603,59,0,Heavy Equipment,5,7.948306068077405
384,Nonadopter,92.22556475790812,100.7933278550315,8.567763097123361,4.65037921599208,75.56830652644409,70.95406276015908,14.89824644374113,75,0,General Engineering,6,16.60170310285146
385,Adopter,90.09980162481571,94.43240039164645,4.332598766830742,2.489997269291126,38.76016609561206,56.51678168759532,23.82080739197169,30,0,General Engineering,3,22.35177382119039
386,Nonadopter,127.7243068105259,168.9478080531173,41.22350124259148,7.463700588791493,53.83727210555099,49.48063275452986,24.21844836413522,64,0,General Engineering,5,14.65475381852191
387,Nonadopter,100.3596950270176,125.5017387895969,25.14204376257938,15.39197516603406,72.76024920808024,60.41250044523267,28.33068272489895,59,0,General Engineering,7,17.14291866678654
388,Adopter,55.50343079900296,37.78687710400858,-17.71655369499437,1.332722393576343,20.57615940094362,57.06221817262713,27.51667321267793,62,0,Transportation and Aerospace,3,16.86955435608406
389,Adopter,80.38958097376363,86.09426738098108,5.704686407217451,1.58625628807133,57.82820911778024,51.64529892279422,15.72068223857901,92,0,Transportation and Aerospace,3,17.5348727802549
390,Adopter,75.33494671562192,58.91087745536146,-16.42406926026047,10.54797908758684,47.44831104913224,62.67260822899536,12.30970591156435,34,0,General Engineering,4,9.232955129848245
391,Adopter,40.05412060787096,77.57756183779898,37.52344122992803,3.056721790462987,35.63693733995136,46.83460314481658,23.00057236715839,161,0,General Engineering,1,23.4874436210965
392,Nonadopter,55.38039556575094,28.80043205148005,-26.5799635142709,4.184730871347623,27.12470210907562,55.58058328481708,10.12082866298517,59,0,General Engineering,3,15.10812552080487
393,Nonadopter,94.29334052531156,108.0232935127837,13.72995298747215,4.17289202213502,36.95598569026333,57.28433303767019,35.94448871960805,61,0,General Engineering,4,9.317489996102204
394,Adopter,59.68354631019699,79.85401417497164,20.17046786477465,4.591585975786386,26.52458028167568,59.34560867846444,18.56764476887009,38,0,Transportation and Aerospace,1,13.97758196888489
395,Adopter,75.62907185416177,89.57700640701638,13.94793455285462,9.124103111457654,52.85448302203552,58.69905735991274,32.40535732095563,93,0,Transportation and Aerospace,8,17.70764237434518
396,Adopter,77.31030684480014,51.92170471087635,-25.38860213392379,2.39344993769301,57.84681812690903,59.8943813260107,11.71543994227183,44,0,Heavy Equipment,3,12.80747632879974
397,Nonadopter,106.1414333295741,78.53332963150945,-27.60810369806462,3.297086309422226,21.09168347799146,53.87448054038158,8.351595064747791,36,1,General Engineering,6,14.39859035562824
398,Nonadopter,78.12678215557598,101.3632442447275,23.23646208915147,13.39140374192593,24.96032999296563,50.97860381832279,14.64286187518491,25,0,General Engineering,12,9.986305445827245
399,Adopter,41.8423158868769,29.11431093361961,-12.7280049532573,2.288461465361628,35.95863495011113,64.3401112187625,12.28613796982174,100,0,General Engineering,1,16.28136817991532
400,Nonadopter,71.60222408640912,50.2900021425577,-21.31222194385143,3.674223139305846,40.18570816419982,55.39823200055024,31.9374029672529,27,0,Transportation and Aerospace,3,14.25141182744925
401,Adopter,127.3575174457615,163.1171885797019,35.75967113394046,6.003644908182946,118.7886152535146,66.85251091751365,55.30791698218255,128,0,Transportation and Aerospace,6,18.38727861474085
402,Adopter,107.9179222406124,122.5001399690549,14.58221772844259,7.227063197917517,50.34138849374971,57.57055684532776,22.48640993655491,74,0,General Engineering,0,19.06369719741412
403,Nonadopter,63.52319807335398,57.32455082708536,-6.198647246268621,2.263138018210038,23.55386800975093,51.3571407926997,18.08655505369179,36,0,Transportation and Aerospace,2,3.363879165923034
404,Adopter,86.24859023519382,113.2433414414046,26.99475120621075,4.644970827001769,47.41904946443756,53.70391151662498,22.22646034811023,46,0,Heavy Equipment,1,20.28273797659252
405,Nonadopter,59.4924914028459,61.32414240171925,1.83165099887335,1.259813004072133,31.05867510547826,77.61621769631589,12.27399367207106,22,0,Transportation and Aerospace,1,9.634467913131179
406,Adopter,87.91243572029373,48.44698233304406,-39.46545338724967,3.069323730182008,80.28894100772855,51.04837351102526,25.48595904543848,40,0,Heavy Equipment,4,11.55086947506886
407,Adopter,82.41518650759086,95.12996045300254,12.71477394541168,3.545565103402547,93.9713008264292,53.65008421989721,27.34866892920101,49,1,Transportation and Aerospace,3,6.086090263592862
408,Nonadopter,71.21795978692546,83.46711109384972,12.24915130692426,2.401556007444169,26.41411548178686,52.28035460955777,12.17677801939405,55,0,Heavy Equipment,3,14.39581549765415
409,Adopter,113.8081311557079,123.1706251941122,9.362494038404279,7.621631688491276,100.1672461351689,75.58971028091915,16.28603157368715,67,0,General Engineering,2,13.18184286919974
410,Nonadopter,117.878274497902,78.00250354685626,-39.87577095104569,1.923557580576008,46.81079006600718,73.03382636899998,12.14757241188522,38,0,General Engineering,2,12.70449060876134
411,Nonadopter,62.01359269944295,54.63041640208554,-7.383176297357409,2.025087214807005,57.05576157311522,87.22205366683666,29.44316828175037,37,0,General Engineering,3,9.809472835888469
412,Nonadopter,49.04845067160173,40.8029052524372,-8.245545419164529,1.086464582416909,31.70936247450169,48.92085571995011,4.510163201818856,19,0,General Engineering,3,9.122845853798095
413,Nonadopter,87.643381002924,83.35703042684452,-4.286350576079485,.6281766900657829,39.50546435339778,65.27764775755561,15.67068367596778,58,0,General Engineering,4,17.52640604402726
414,Adopter,83.3841356981733,85.12762892241474,1.743493224241448,2.892939792344476,73.56673944303365,56.28673479173854,29.75970204448112,80,0,General Engineering,2,11.93811284291494
415,Adopter,78.3780894886557,73.59753143318741,-4.78055805546829,1.531056130739806,67.46144013416225,28.56049683559142,15.85021594820188,74,1,General Engineering,3,17.15017913222875
416,Nonadopter,92.56786940088527,100.9130657837895,8.345196382904263,3.329796991388601,48.5064870642457,25.23112271711801,41.96454950167644,32,0,General Engineering,4,21.02035653828355
417,Nonadopter,86.91984101805103,82.23073183850275,-4.689109179548282,3.614005502780617,149.3057830468243,39.43735775856906,15.9590458958143,25,0,General Engineering,4,10.45564451524847
418,Adopter,96.45828521684824,163.8900412046845,67.43175598783627,2.710714859323268,60.50255511776749,73.65584164801359,10.96169488999038,73,1,General Engineering,2,14.14676161930267
419,Nonadopter,89.84487257182523,47.34509096133515,-42.49978161049009,2.51324549396539,90.01025165055505,49.81529109184431,10.61222960809386,27,0,General Engineering,6,19.95650797593244
420,Nonadopter,129.2441746710161,151.7599428569222,22.5157681859061,24.43784755098473,191.6514992348902,57.57189317595981,26.63219849244863,86,0,Transportation and Aerospace,9,12.98825220471992
421,Nonadopter,44.36508837634119,63.91233487903121,19.54724650269002,2.543375591256273,20.75843914101325,44.06050920520804,8.841107580810892,85,1,General Engineering,2,16.21496084612715
422,Nonadopter,75.61497643758837,64.89425377724572,-10.72072266034264,2.698935190452941,116.9549061140198,54.19266352048724,16.47975307070994,46,0,Transportation and Aerospace,4,14.88035343574677
423,Nonadopter,114.2418408514865,103.9761926560448,-10.26564819544177,1.725203354147626,39.83819146989192,71.40296741839744,10.58842709812384,26,0,Transportation and Aerospace,4,13.44512396717909
424,Adopter,67.32367846707844,94.20727010985492,26.88359164277648,13.03070896067981,97.1865447638566,62.79111869125446,21.4169829839082,58,0,General Engineering,9,15.18036636286847
425,Nonadopter,49.53406010342452,55.41380270892603,5.879742605501505,4.363215016009531,38.34904063997985,63.47029222565384,10.62278039264722,27,0,Transportation and Aerospace,1,13.74783686681127
426,Adopter,62.64202245788738,106.8581447933352,44.21612233544785,1.589542473198317,63.45032658353727,40.15728367925136,9.623149353148099,50,0,Transportation and Aerospace,2,14.21100862892668
427,Nonadopter,77.27112106379988,69.97576637369548,-7.295354690104404,4.983427950297522,40.37034088699226,64.78966462939937,44.44739726287666,64,0,General Engineering,4,14.39749252699341
428,Nonadopter,69.75188917465292,34.73732085660122,-35.0145683180517,8.155892295708949,76.14507416103832,36.58509481016655,15.28770808992622,29,0,General Engineering,9,9.613312890225865
429,Nonadopter,78.40784153987565,88.99461921451649,10.58677767464084,1.266935838485103,46.4385069075772,51.99021163132564,9.584303843287715,19,0,General Engineering,2,16.36745183581846
430,Nonadopter,58.14189669344327,92.38127609868046,34.23937940523719,3.589604785065529,67.82773703216236,50.24695563857568,5.614963570143811,55,1,General Engineering,4,14.42341105429349
431,Adopter,72.118755826758,102.1816243580171,30.06286853125913,2.544090108180424,54.42512198292015,56.27036898186343,31.7344437137477,60,1,Transportation and Aerospace,6,15.11391020613148
432,Nonadopter,80.32600887421782,116.9763198925544,36.65031101833659,2.778313031827384,73.48095250934578,57.92704750433785,17.03366106851228,122,0,General Engineering,3,15.87905030183267
433,Adopter,106.3086979070226,104.2197634730631,-2.088934433959523,1.201262708633242,42.54588856717192,55.6835953017202,8.543828420872094,69,0,Transportation and Aerospace,3,13.65882834515565
434,Adopter,107.8231503986672,102.40974363645,-5.413406762217122,5.459662617820134,66.89154391692166,28.0271848231824,7.422919958546946,171,0,Transportation and Aerospace,1,13.7154345124127
435,Adopter,106.9939784134936,147.5131853229003,40.51920690940665,18.9721754071988,114.6751265025428,55.03357664012581,9.85748261007492,175,0,Heavy Equipment,11,20.06450365485142
436,Adopter,108.9911632534597,167.523358229927,58.53219497646734,2.939988727116563,63.6694488704607,44.9960272092756,61.28719318630052,220,0,General Engineering,2,25.85584597118939
437,Adopter,84.38370258468741,139.0168291020555,54.63312651736813,7.988045130403807,35.97096846405694,43.60157608527267,24.37553496069928,139,0,General Engineering,2,21.77713224007408
438,Adopter,106.1852939783476,90.23451331938507,-15.9507806589625,8.594451393557605,63.36533776691735,82.48025257329532,23.43651440987141,77,0,Transportation and Aerospace,6,13.44531555835003
439,Adopter,75.16966883470526,87.39207581119423,12.22240697648897,2.636797299385565,116.8668725828573,50.64004958746502,25.01013581415669,32,0,General Engineering,3,13.00077628956004
440,Nonadopter,90.52145612996722,99.08653770416998,8.565081574202765,2.463033090025652,64.54944123050892,52.69207768103755,22.08012467569707,114,0,General Engineering,8,18.84691907232233
441,Adopter,73.07309252495757,143.8318213220981,70.75872879714053,5.873463280236315,215.8749929434757,43.0935031326952,14.10100698846261,72,0,Heavy Equipment,3,15.71114535022193
442,Nonadopter,113.7589903037676,78.4059110672292,-35.35307923653836,3.131531877830455,31.83395040589585,61.46613693990032,23.73593349174778,53,0,General Engineering,4,18.10335806702093
443,Adopter,97.60213038527802,159.8135790094317,62.21144862415365,2.55345487821284,160.7940785427611,57.06178658537407,26.24599526956946,215,0,General Engineering,1,30.88729459043249
444,Adopter,83.6846602336273,102.8557856104643,19.17112537683695,1.806974610288813,41.04732860505533,76.73349441810824,8.90468868776618,102,0,General Engineering,2,7.434403494099676
445,Adopter,66.75530599346325,111.1473320297784,44.39202603631517,6.630357339768878,33.30602566235063,66.78144111771782,13.76936641325004,90,1,General Engineering,0,11.27351155360693
446,Nonadopter,70.87038742093193,93.70581115789851,22.83542373696658,6.506375171922076,45.98601400314887,64.75553678055218,13.58947403907609,136,0,Transportation and Aerospace,3,18.0712143844198
447,Nonadopter,96.0065286840947,69.01205764637625,-26.99447103771845,2.495872540082352,73.33014282506564,46.65799093256928,16.58878448803676,43,1,Transportation and Aerospace,4,9.933046925840628
448,Adopter,118.1447139459499,183.9596214846259,65.81490753867607,9.034512012418196,57.42795043070307,75.31798325938723,66.88508272699183,161,0,Transportation and Aerospace,9,16.81793418149443
449,Adopter,74.22580671816209,118.199245406087,43.97343868792495,9.054137429214899,92.9784330938856,57.96592017061108,16.53655122321138,79,0,General Engineering,5,10.55320523096128
450,Nonadopter,65.20358428660685,61.41867210450936,-3.784912182097493,1.565564100271553,23.89692799796103,41.94376631152028,5.85238513447788,20,0,General Engineering,1,8.133153019753333
451,Adopter,14.04440109877001,11.99163598120466,-2.052765117565349,5.489032581810017,85.77892677120043,58.72069481108134,15.37310671192113,99,1,General Engineering,6,12.77597327519638
452,Adopter,61.36436478629395,66.24999330983034,4.885628523536397,1.629379630262667,83.77026151807368,35.0534218743295,17.7719011681481,63,0,General Engineering,2,20.05949313476664
453,Nonadopter,88.17348234757168,121.3469829703939,33.17350062282219,2.123985110624212,69.12477946790901,54.86712844841524,31.95437840513275,46,0,General Engineering,3,11.47700630314652
454,Nonadopter,64.43840629009813,47.87446600979003,-16.5639402803081,1.592821848842988,58.45259420803433,64.74462746253553,27.03551007723796,34,0,General Engineering,6,14.18426042861138
455,Adopter,79.94383495257442,99.04392687955337,19.10009192697895,3.069565167026339,136.1953851725715,56.05282508227253,21.4978277613336,79,1,General Engineering,3,21.6976073814048
456,Nonadopter,82.84718339983336,68.543122760006,-14.30406063982736,.6335888645126853,18.29920028566334,39.74741382422771,17.87911284105177,22,0,General Engineering,2,8.754407985687317
457,Nonadopter,43.88795063974608,42.99022492877727,-.8977257109688139,1.20715639882127,7.885943532967688,56.46684846899202,11.7925947782371,15,1,General Engineering,2,10.1790344639583
458,Adopter,86.03404021003072,140.2674256036482,54.23338539361751,1.560877994594988,33.62151918320901,50.40267946109343,12.85908094176841,44,0,General Engineering,0,22.2150908044259
459,Adopter,82.96698987476454,90.90777051485252,7.940780640087979,6.073766560797307,88.86278728385943,41.2424469920581,26.33682219087911,80,1,General Engineering,3,19.60973153496335
460,Adopter,116.8822822144235,140.4473677269169,23.56508551249343,5.723846160962742,104.3348522679723,61.73450826975802,15.57692587345035,66,0,Transportation and Aerospace,1,8.943490777371624
461,Nonadopter,62.48298245884685,63.48741620602678,1.004433747179931,3.497423719101127,114.9823374746611,37.60442184897435,3.917037799252566,30,1,General Engineering,4,20.80207904938922
462,Adopter,68.88486651133553,93.24517240490695,24.36030589357142,4.489682373182032,85.09197181073129,56.70865593981086,7.392356731775752,63,0,Heavy Equipment,1,19.84086097281958
463,Adopter,82.75643984733397,119.807216884308,37.05077703697404,14.82847362703455,119.8933050545547,38.15633125137012,23.99768251016362,113,0,General Engineering,7,15.28782866286285
464,Adopter,73.60906099084148,62.55766168735916,-11.05139930348233,6.930269619978177,42.53550059613286,59.22575830218703,14.24343973416769,48,0,General Engineering,2,17.02833551421202
465,Adopter,60.83688306000934,75.75465812644833,14.91777506643899,3.265480229576931,72.86064143022183,32.78659861032813,13.93590901718921,80,0,General Engineering,0,15.2060741359634
466,Nonadopter,36.8456913513597,3.311099172276791,-33.53459217908291,1.214022831567634,15.29556503471371,64.97294078378411,8.701012029094708,33,0,General Engineering,3,16.41284482781203
467,Nonadopter,35.89568487846851,15.57504340035113,-20.32064147811737,1.033683425240967,48.47980348417502,44.84968979089105,8.363090694585548,41,0,Transportation and Aerospace,1,10.06279810482568
468,Nonadopter,74.81147154579475,103.0606566463753,28.24918510058059,4.774039040749511,245.9410498082355,59.69066874135007,11.85481224843913,95,0,General Engineering,5,19.1452364470104
469,Nonadopter,80.19297796480252,97.93188998917688,17.73891202437436,3.800591861407497,60.25880643936306,81.21531508224098,17.82211079963521,46,0,General Engineering,5,12.6368157284825
470,Nonadopter,56.14327953688357,85.37345251860107,29.2301729817175,6.335137009063108,43.00977129207342,56.8052472638101,16.69025260294883,49,0,General Engineering,5,5.257699686933126
471,Adopter,63.628591297154,54.68875223729184,-8.939839059862159,6.843453063064608,48.37634688812134,64.11978207116246,20.10205718142987,126,0,General Engineering,8,13.7487593098115
472,Adopter,88.18442658360391,119.06752142998,30.88309484637605,13.28861804911084,63.35295671304672,54.44951749388167,13.99163296263612,176,0,General Engineering,5,10.38709656593608
473,Nonadopter,90.52822545281677,55.63666039689727,-34.8915650559195,1.051913363506492,18.38042935998667,61.62603379565787,10.20054949901514,76,1,Transportation and Aerospace,2,13.10168868304261
474,Adopter,103.3339829757427,161.7723229219978,58.43833994625517,3.573624408224774,190.4694387342375,38.6296814738775,26.74426406844421,82,0,General Engineering,1,21.36991648148305
475,Nonadopter,96.60809541718311,74.02991765530665,-22.57817776187646,4.305342234687706,101.4796925779075,62.92051738972052,19.10983146125696,75,0,Transportation and Aerospace,6,18.75750888835267
476,Nonadopter,85.23994795623507,109.6231064583096,24.38315850207448,3.347537194331832,67.49854267606098,35.19018101325169,14.50182203010985,68,0,Transportation and Aerospace,3,17.98573248280765
477,Nonadopter,151.2690314934529,132.8049925696428,-18.46403892381016,.7159576711880149,59.13525369148291,52.33004563318588,16.11568689719916,47,0,General Engineering,2,15.06858660663617
478,Adopter,40.37737374561624,80.61723599187052,40.23986224625428,3.322366206363949,52.05847854399433,61.2000125503025,5.95110648266779,42,1,Transportation and Aerospace,2,20.20088085191275
479,Nonadopter,103.1185324202901,103.2311769868554,.1126445665652653,8.632830464537877,156.8544874107228,65.35173277177255,12.89018850567921,47,0,Transportation and Aerospace,9,8.836276858556978
480,Nonadopter,80.15264351562648,72.54689050811488,-7.605753007511595,1.276426564350741,37.58250917282148,41.9503290707477,19.38921673590778,21,0,General Engineering,2,5.838057886376341
481,Nonadopter,81.71998078599241,53.559697017677,-28.1602837683154,4.019822767954768,43.1411996198733,57.20935358626513,8.305861395647735,28,0,General Engineering,1,16.1715909290388
482,Adopter,50.01758585289139,87.86451651582175,37.84693066293036,2.504728544964735,35.02034444071388,64.64478063639433,8.235401144564687,73,1,General Engineering,4,18.29010991048011
483,Nonadopter,59.85655407488841,58.88512716454717,-.9714269103412434,1.097981574215993,52.73729409555732,68.64727040096081,12.9356330712904,54,0,General Engineering,2,14.30572687560305
484,Nonadopter,67.16585946089326,62.90247287862285,-4.263386582270407,1.744514923668291,39.05413197872696,48.93500189003601,18.58732165081654,55,1,General Engineering,3,16.34417761241795
485,Adopter,78.7473114655012,79.75456359070058,1.007252125199386,5.354033544452042,58.57057796139161,44.9196690760124,10.47898054623352,46,1,Transportation and Aerospace,2,9.914933586601133
486,Adopter,93.49008272745048,140.4227760413825,46.93269331393198,4.422500297880196,49.55291778081334,70.20700026615222,25.97230484553728,105,0,General Engineering,5,18.63666713449638
487,Nonadopter,94.81176810749446,106.1948855595222,11.38311745202776,16.57252735851107,104.4902952203293,53.53931079981486,18.64951664428516,145,0,Transportation and Aerospace,7,17.70261213551317
488,Nonadopter,112.6321320599496,137.3548096480707,24.72267758812109,7.230369289693337,130.7334678769126,55.78382261035964,27.15885434489075,89,0,General Engineering,2,15.48496386012289
489,Nonadopter,61.53160390640038,57.50801611755985,-4.02358778884053,1.482341986517536,22.55393270233718,48.003122097401,5.272330932189723,20,0,Transportation and Aerospace,1,15.91280933575653
490,Nonadopter,83.17040623356107,56.85428212687236,-26.3161241066887,3.027188914019455,45.07508199145401,59.4349554836059,11.05482028250662,78,0,General Engineering,3,19.64890652306516
491,Adopter,47.25635601130817,63.08330493739409,15.82694892608592,7.216675221343047,50.99281647954518,28.72729677591181,19.89673979459118,41,1,Transportation and Aerospace,5,9.82158788991234
492,Nonadopter,70.3905562750565,63.86753153654664,-6.523024738509861,1.178416531707386,58.2644630106226,40.96074846070597,5.559278827472849,31,0,Transportation and Aerospace,5,12.39777324253919
493,Nonadopter,73.05304519308882,62.98699296292752,-10.0660522301613,3.215318126122485,22.14558939926863,64.50229351526326,18.94045583715232,48,0,Transportation and Aerospace,7,25.52000995377249
494,Nonadopter,105.469859202878,105.0419014024834,-.4279578003946369,2.566548950933197,75.11991233220246,50.27500522813689,13.26105772982771,25,0,Transportation and Aerospace,2,11.11269716860827
495,Nonadopter,24.01749805470804,0,-24.01749805470804,2.430572946088858,38.00705590269228,45.25662758477644,6.507998673994167,45,0,General Engineering,1,19.42920084326822
496,Nonadopter,57.30700397810903,48.41183359938056,-8.895170378728473,.5516120227664465,20.50735190380537,54.34763131485716,7.761554635754267,17,0,General Engineering,5,11.20881707636087
497,Nonadopter,40.75500820149153,50.89881658605515,10.14380838456361,2.988280730008427,21.15241184588428,52.5358009236374,13.41869852583689,12,0,Heavy Equipment,2,13.08395361360696
498,Adopter,81.56477093241278,103.0990930744566,21.53432214204386,2.264407900077276,68.83306201066844,62.99197352952443,9.361908560240499,70,0,Heavy Equipment,3,20.7535640979738
499,Nonadopter,89.30347739420451,54.68259681313271,-34.62088058107179,5.521491541441228,53.65348832905007,63.86555323833418,19.35001105407737,45,0,General Engineering,4,7.231467551329284
500,Adopter,53.61886097977779,85.50741270673467,31.88855172695688,9.080092765064069,34.47779065094542,40.06275346766754,21.13613691676109,111,0,Transportation and Aerospace,5,23.92700947476126
501,Nonadopter,55.37345319395259,53.065880316805,-2.307572877147585,1.268880421778515,45.49869345806384,49.94840671872239,20.2465825775111,41,0,Transportation and Aerospace,2,14.14263461882559
502,Adopter,69.61762077909302,105.2615631495724,35.64394237047938,6.802046784624076,141.2501508726531,39.94560027582828,24.98873936326324,58,0,Transportation and Aerospace,4,8.561579637792413
503,Adopter,74.12367565064122,93.02197069313235,18.89829504249113,10.09064255129618,57.81555986290054,45.48558354374951,21.78503814625239,122,0,General Engineering,3,13.44030052512649
504,Nonadopter,44.39894311715472,33.17847747638919,-11.22046564076553,2.431963609095613,58.60547179120207,37.3877467557389,9.799707711859162,33,0,General Engineering,1,12.94335208887949
505,Adopter,70.59224316891388,76.13002453539187,5.537781366477986,7.368153372405704,76.67971702403321,47.98123230311065,10.91847069687775,96,1,Transportation and Aerospace,4,20.86737507288306
506,Nonadopter,80.11922212130177,91.49429545981471,11.37507333851293,1.87636105766278,17.29845054136045,60.546601842074,12.29268495288084,20,0,General Engineering,2,13.18768969745553
507,Adopter,111.4905398714863,157.7373493808043,46.24680950931801,4.408444027592843,84.11750089936206,35.95483828492119,26.24815035381492,105,1,General Engineering,4,17.21049313804552
508,Nonadopter,86.48334759482007,101.4103906322687,14.92704303744864,1.171744848491988,35.92464911241787,68.49451383125506,19.44652971352498,35,0,General Engineering,3,16.0481268545898
509,Nonadopter,89.27131291222602,105.7316283623692,16.46031545014316,.606167938371435,23.2997583940966,68.5664152202512,10.346052000625,24,0,General Engineering,1,18.63148601356771
510,Adopter,104.6768431303534,148.2476403617829,43.57079723142954,11.28689074198729,124.9301852973145,54.86789149150403,79.85406000847622,187,0,Transportation and Aerospace,5,12.85351720582435
511,Adopter,117.7537509193446,154.1302351234169,36.37648420407223,3.281141734218466,64.65945546346427,48.52678726541146,22.9231690155033,56,0,General Engineering,1,11.80449437360487
512,Nonadopter,65.02817780944515,3.276215136922126,-61.75196267252303,1.660259664779035,9.988301333858733,50.34478301107941,22.59233600503493,18,0,Transportation and Aerospace,0,9.132113316451605
513,Nonadopter,51.6199823646831,36.17600915150665,-15.44397321317645,4.024417232776789,73.23335616626954,42.43907695360537,15.44915048138839,22,0,General Engineering,4,8.433251479385827
514,Adopter,98.97347352967256,102.0577781257874,3.084304596114833,4.116637158787397,62.62701337829781,46.82315754987096,11.31585549139827,74,0,General Engineering,2,11.70016869068849
515,Nonadopter,93.73263437489339,113.8756758738818,20.14304149898837,3.195027702587257,75.02823636421226,31.7529762982329,12.77002625351953,52,0,General Engineering,4,13.15210334336646
516,Adopter,97.90730906775401,119.1128204136843,21.20551134593032,5.883251442439399,93.6788405365665,65.56735621249994,52.52820776556035,101,0,General Engineering,8,9.52906512814598
517,Nonadopter,100.3378568352682,103.5961133850223,3.258256549754094,4.547017828904221,77.05222002441698,63.73101146025016,12.66514101623725,76,0,Transportation and Aerospace,4,8.300827576872624
518,Nonadopter,115.8843266822036,122.6141530552618,6.729826373058188,3.51852359380282,233.4220245618599,53.02308923833077,29.7936934823751,114,1,General Engineering,6,29.34195401393186
519,Adopter,106.353963078138,124.4131054163599,18.05914233822189,4.453213855664822,46.69783645003562,48.87785588352451,11.68823691114816,56,0,General Engineering,3,10.63341550496707
520,Nonadopter,98.13723798331426,107.9612819372348,9.824043953920579,8.371915042080724,41.3398631717924,61.81080027639365,13.87784422467111,57,0,Transportation and Aerospace,6,12.51989644217488
521,Adopter,59.01755650704164,132.8400433768861,73.82248686984448,3.737933055315222,78.19346958463481,54.93241529619011,19.99502790412694,209,0,General Engineering,7,27.96856989280501
522,Nonadopter,84.79082649780409,68.09488967184808,-16.69593682595601,4.044289940204006,63.8925277034682,75.33784121298903,26.48246882163242,62,0,General Engineering,7,13.52780618876502
523,Nonadopter,73.21148780748392,49.32472329793065,-23.88676450955327,2.568470968467166,29.79685024140212,48.17963922366009,20.74147455823011,27,0,Transportation and Aerospace,4,3.224616477714884
524,Adopter,83.03305293023065,98.70289083703162,15.66983790680096,8.49521520400347,166.868212419561,58.64687193244896,12.80063341342035,89,0,General Engineering,2,16.52484648219863
525,Adopter,63.77145282207572,56.39055886217298,-7.380893959902743,2.741601168738796,48.39905285564419,58.54997446748504,14.26188276427386,102,0,General Engineering,4,11.46977240520619
526,Adopter,56.37826016962045,77.57935926379926,21.20109909417882,9.020552398242961,68.53827342153635,46.23973914146125,13.37779568553991,69,0,General Engineering,4,11.27138969069455
527,Adopter,33.61077417467742,76.04563308432033,42.43485890964291,5.005216125586851,108.7447316821482,60.25170992121363,12.24944424316132,43,0,General Engineering,4,13.81642977059999
528,Adopter,90.56387488816584,84.33060559543996,-6.233269292725879,3.937766169171625,37.21749368205253,40.33635770555436,47.70756477752924,74,0,Transportation and Aerospace,5,8.147262021197193
529,Nonadopter,50.060082112468,27.63347861389045,-22.42660349857755,.7920963493382394,27.33704584401992,53.51593425393125,36.36665291411122,67,0,Heavy Equipment,2,21.99397143249675
530,Adopter,83.50837263428225,123.7513442746905,40.24297164040827,10.02407976683118,71.80149231808251,50.90078527981785,26.52974582702339,98,0,Heavy Equipment,6,14.69132849555212
531,Nonadopter,73.31161342468998,97.8547773367971,24.54316391210712,19.82040470134016,54.26871064096818,50.94319045458281,26.044492914851,73,0,General Engineering,13,22.63626690414172
532,Nonadopter,86.65393966400165,66.67819217521135,-19.9757474887903,2.396101691942342,34.01292556445482,48.6647988904022,24.91539590503037,34,0,General Engineering,4,17.1201612504935
533,Adopter,81.80614579250927,84.78479244358029,2.978646651071017,5.192626625894813,40.4196069473288,62.92307239164248,9.341113591288703,92,0,General Engineering,5,13.76773974163634
534,Nonadopter,73.69256503315165,51.87896114150979,-21.81360389164186,2.208927037751767,95.96659307239322,76.95872866339495,10.37828867068493,46,0,Transportation and Aerospace,3,19.56237618067524
535,Adopter,36.4305507469283,41.70880396779403,5.278253220865722,3.580271442997125,49.08387423857859,47.1499482878402,11.33590232623606,64,0,Transportation and Aerospace,6,13.12865358112748
536,Nonadopter,102.2585444577506,45.69957847990752,-56.55896597784304,3.193490645975463,29.85897579544318,51.13290475130462,23.587166525444,78,0,Transportation and Aerospace,4,12.97478208439428
537,Nonadopter,106.5767921277597,112.6676009295861,6.090808801826412,2.922415962781306,24.23972348001378,48.50206963639673,4.35236798992423,23,0,General Engineering,3,7.921392290682015
538,Adopter,95.12837041875929,77.10657967129262,-18.02179074746667,6.460387365028892,67.67586238768131,60.09946042322888,16.3745060931726,106,0,Transportation and Aerospace,6,14.30886563819376
539,Nonadopter,72.40413651080625,48.52559954623407,-23.87853696457218,4.846573927882329,40.0312277333296,42.63726982118688,21.87616155790258,36,0,General Engineering,9,15.74909421195913
540,Nonadopter,54.92552398680192,20.64488689671617,-34.28063709008575,8.518937901813063,34.88686472107942,32.65877056226738,22.95773806523422,43,0,General Engineering,9,11.30094806134164
541,Nonadopter,64.34206187097783,93.58300241194254,29.24094054096471,.8331032724078071,33.13546042890096,55.18607433302621,24.4088513565199,66,0,General Engineering,1,16.53864741277381
542,Adopter,71.03118110440784,87.32512107333544,16.2939399689276,3.897339961429277,152.2633778314056,57.80778267706062,15.1696573719937,47,0,General Engineering,1,9.729649402732223
543,Nonadopter,87.79424595598452,70.07764404755815,-17.71660190842637,1.95302585644429,33.71866894364886,55.19538467888878,12.73521909797276,101,0,General Engineering,1,16.74275883453274
544,Nonadopter,45.0602890302316,12.83747917289127,-32.22280985734033,4.698175947810363,19.13571508265066,81.90207141606575,12.19638820670076,46,1,General Engineering,7,7.32092556055676
545,Nonadopter,87.36020431751848,118.0597314250222,30.69952710750377,3.753784934297162,25.10267300480279,56.0183017555141,10.36611230875704,22,0,Transportation and Aerospace,2,12.2409843042814
546,Nonadopter,52.69612399811928,0,-52.69612399811928,.863851145955018,65.45413263739596,48.01086834879812,12.1915576808433,92,0,General Engineering,2,22.96711946693298
547,Adopter,63.7043115334904,63.53624915528059,-.1680623782098181,.9122586361644359,53.86979087256528,46.79487706788821,14.10766114740052,41,0,General Engineering,0,9.48011429913087
548,Nonadopter,64.3513007598534,101.3692834412392,37.01798268138579,2.579654074904821,73.5670243088438,73.41857609728528,10.48754894836753,145,0,Transportation and Aerospace,3,23.01403286371821
549,Nonadopter,45.58832346326388,11.66969821488829,-33.91862524837559,4.267167618287355,35.83981366740018,43.65147128370105,14.28740431975419,44,0,General Engineering,5,24.42963207035906
550,Nonadopter,93.12405303926458,125.9082796575174,32.78422661825279,6.123681781169188,49.2112451300692,62.40943109535077,15.77332999984616,124,0,General Engineering,8,21.65885858537107
551,Adopter,112.2716153427132,127.5094823678889,15.2378670251757,11.86061272130827,45.35957092867996,44.58981077083918,41.87149587351792,122,0,Transportation and Aerospace,4,19.34169828512141
552,Adopter,92.27367019138481,104.3611193746216,12.08744918323681,3.416887810419758,28.52360609645407,46.03748154146496,23.50938496375414,39,0,Transportation and Aerospace,2,16.24644764741861
553,Adopter,70.61085647442547,111.9511804445595,41.34032397013399,7.366406919031204,55.78646991170432,55.55015664384009,17.89017887638547,117,0,General Engineering,3,25.92404030743043
554,Adopter,111.2915178996697,179.3414914931196,68.04997359344998,10.26037673233702,141.5457478708414,54.59576699787397,29.86722770899573,176,0,Transportation and Aerospace,5,25.0136877509047
555,Adopter,53.13590665914774,103.938935491635,50.80302883248723,4.935947796029503,63.28389953838273,57.44800833006121,25.28304035538505,46,0,Heavy Equipment,4,11.98857272982538
556,Nonadopter,95.08706846849179,105.8032423371324,10.71617386864065,2.774781066052185,66.32479527754163,60.28421427369813,14.86268856822846,54,1,Transportation and Aerospace,4,20.59496114116403
557,Nonadopter,97.85628689866471,68.40449120302644,-29.45179569563827,7.794824148093427,19.01119881296059,42.07210618031208,11.02722283813426,31,1,Transportation and Aerospace,4,8.069026762132335
558,Adopter,64.49666449690193,76.40016508990493,11.903500593003,6.251476790489133,88.27851527263235,62.72351679875445,13.16299581076521,69,0,Transportation and Aerospace,2,19.38976760714801
559,Nonadopter,95.10611421297061,107.7817469722465,12.6756327592759,3.472247914791787,93.86169109128099,63.07504951042603,6.40341826716041,30,0,General Engineering,1,16.29200018850914
560,Nonadopter,110.7408964561503,110.6128292778516,-.1280671782987071,1.058817678791524,54.35424473057685,76.41123570032087,16.64618754678121,26,0,General Engineering,4,12.91991383067342
561,Nonadopter,85.01887771639792,101.5277115851459,16.50883386874798,2.083618898536348,92.38005015276249,38.6644703379727,7.007842396825578,113,0,General Engineering,3,21.72635312561232
562,Nonadopter,101.3041346861795,122.6927410775275,21.38860639134796,2.950037141272357,23.3798581403333,58.16946044562442,18.40583185344301,71,0,Transportation and Aerospace,2,14.86459321067916
563,Adopter,100.4164511667896,102.0352968192959,1.618845652506238,3.432816437646967,60.45352804516293,70.83712716402191,8.674910205955925,113,0,Transportation and Aerospace,3,21.67852590047142
564,Nonadopter,17.57760183352335,0,-17.57760183352335,2.832721943441838,69.00709179705194,50.26388214959193,16.83183343136726,46,0,General Engineering,7,12.96739640908844
565,Nonadopter,47.52533866555677,2.885804842791487,-44.63953382276529,2.669316435072781,80.02892322257057,44.3908264418269,12.3884030886046,33,1,General Engineering,7,13.728647566601
566,Adopter,62.89396437385211,72.12789121004204,9.233926836189923,2.196693714866812,56.59975207081256,52.71619724480726,12.74627710881671,28,0,General Engineering,1,12.15047156291773
567,Nonadopter,103.9869132215519,98.71828519689885,-5.268628024653097,2.059808707977477,52.11735282868172,54.67513484692451,7.229686303999012,64,0,Transportation and Aerospace,4,17.58674190345251
568,Adopter,83.57600390329387,83.10653022462321,-.4694736786706528,5.12987742746092,72.41173830273343,70.21439198999133,24.62963950286788,36,0,General Engineering,7,18.4623568623093
569,Nonadopter,46.77522966212285,35.63547752992157,-11.13975213220129,8.139961172609135,34.4294784061922,53.81923168475558,5.63958164420277,21,0,General Engineering,5,14.37419999133258
570,Adopter,96.08383355617713,161.8504604704964,65.76662691431932,1.279771191920196,29.59738061053899,83.33909641835692,36.56327624194859,129,0,General Engineering,1,14.44798975420257
571,Nonadopter,95.04493441966349,80.40854952249148,-14.63638489717201,2.852538248809262,60.04120808560143,63.61567376226564,6.807461467127109,33,0,Transportation and Aerospace,3,8.846598767394477
572,Nonadopter,86.99820502863037,134.7801255621994,47.78192053356901,1.469243579387314,68.58534900918481,45.06067887181736,15.4117735368174,89,0,Transportation and Aerospace,3,15.697264217969
573,Adopter,55.10573116155357,65.34301820082757,10.237287039274,7.110990261110819,65.56857054421963,34.94210874696743,5.32346284821505,34,0,Heavy Equipment,7,10.7360416909229
574,Nonadopter,54.57918491513473,53.11808025019862,-1.461104664936116,5.178092127568124,44.19082926972226,70.34289955805885,5.52923174263741,45,0,General Engineering,2,19.9994930523596
575,Nonadopter,87.65077954256891,86.10574468562348,-1.545034856945435,.9729001573428135,12.56201192014193,68.319041807358,14.38220962384129,17,0,General Engineering,2,10.68758028915531
576,Nonadopter,55.49436763408788,24.55076527660189,-30.94360235748599,4.020310071032102,23.14904980308409,56.967317343951,8.125075473590247,16,0,General Engineering,1,9.350027609570947
577,Nonadopter,79.21793306656853,93.95223031728895,14.73429725072042,2.236747842801565,22.93923198845863,47.05452000289392,38.10491924563544,104,0,Transportation and Aerospace,2,17.48493691676526
578,Adopter,66.12038160854959,95.04030984144954,28.91992823289995,3.206147335951483,42.06258426721988,68.3326351244739,19.81889331623922,47,0,General Engineering,4,15.0849963134093
579,Nonadopter,45.94593957897895,24.86084732193371,-21.08509225704524,22.65977510771722,38.98576555880156,54.29944230172786,14.83396731413455,46,1,General Engineering,9,12.953179793165
580,Nonadopter,83.58985331850036,108.3133638609568,24.72351054245647,3.799522492562527,59.88647011171386,44.65062075195803,20.14557625348036,52,0,Transportation and Aerospace,2,11.6396569977829
581,Adopter,44.60395125453721,115.2436927675989,70.63974151306167,1.929313340250721,41.50528643759327,66.18954693613418,5.543783625131321,96,0,Transportation and Aerospace,2,23.46862536198589
582,Nonadopter,96.64523685297318,120.2488085576298,23.60357170465663,17.14129784112668,70.284923971951,66.18941217883808,19.76712761643619,32,0,Transportation and Aerospace,13,14.59202398051015
583,Adopter,54.21442700194041,84.65881754031679,30.44439053837638,6.293828053769385,87.33811655715763,36.08052662879942,8.773178194684833,45,0,General Engineering,5,15.07524499894904
584,Nonadopter,63.65113654971381,58.19047988194646,-5.460656667767353,2.768023232088745,40.3488554678859,53.61434428514971,11.68744575040396,53,0,Transportation and Aerospace,5,18.05359092124502
585,Nonadopter,40.42667387985703,45.32154706668979,4.894873186832754,3.178303797346707,67.28351548841823,54.82070440998272,8.788329968681103,37,1,General Engineering,4,13.31479952782709
586,Nonadopter,30.94971660063413,39.23548750759122,8.285770906957083,3.319964107852984,35.14646189722367,47.7047171398134,5.81391245768765,32,0,General Engineering,3,22.86736557730878
587,Nonadopter,48.10033033472453,65.88450725764324,17.7841769229187,2.277795473873033,151.0546046828306,56.05581070247837,13.60251982038339,27,1,Heavy Equipment,2,4.373424066011481
588,Nonadopter,82.99554440952961,90.00014243798961,7.004598028459995,2.488380457082093,62.40475680941003,65.79083383730257,12.35040759154847,95,0,General Engineering,4,16.22243599379963
589,Nonadopter,66.87590476993761,59.20933781525262,-7.666566954684988,2.660715164263537,54.42363642788589,30.21587617160611,13.86447006323817,48,0,General Engineering,6,19.61043517419846
590,Nonadopter,91.64458266659533,103.2730783150555,11.62849564846017,2.182242374394248,70.03066262177838,33.60583017454546,19.07223834567638,104,0,General Engineering,2,18.10314940126615
591,Nonadopter,60.15394881486981,57.22974049105779,-2.924208323812017,2.294156028448725,28.84702151874579,58.7721137057017,9.054434388632208,51,0,Transportation and Aerospace,2,5.09349401723366
592,Nonadopter,97.61881052528652,61.39032259245814,-36.22848793282838,2.054540464811555,28.06123654410627,16.526615292126,12.02201781733269,25,0,Transportation and Aerospace,1,9.114917880707775
593,Nonadopter,102.4958953043882,101.3625619206299,-1.13333338375827,3.544149446813424,45.97843054405902,46.49009915413475,15.91388587619821,18,0,General Engineering,2,13.05467464981428
594,Nonadopter,68.26775450315164,61.54394216882363,-6.723812334328009,2.633105469542789,35.47890686428287,60.28865334905533,31.55217017885499,52,0,Transportation and Aerospace,3,13.66119229919357
595,Nonadopter,84.9314593265795,92.94101962260501,8.009560296025512,1.624741539214356,86.2174321867293,63.75703296269093,5.571161312926561,34,0,Transportation and Aerospace,4,19.15417653165003
596,Nonadopter,87.71636099781024,86.78320201088071,-.9331589869295271,3.680264181315214,25.1898032042313,44.13673569005532,22.19197492689735,52,0,Transportation and Aerospace,3,21.41103609927483
597,Adopter,73.72856832026449,49.4041650294334,-24.32440329083109,2.033269935445005,62.13942949157313,57.83221071050773,13.0344877410266,19,0,General Engineering,4,11.39235639422151
598,Adopter,114.4179640580945,122.195028663045,7.777064604950496,11.8289868697232,61.6070655957307,61.66812453580471,18.22662045024402,67,0,General Engineering,5,8.073607360427129
599,Nonadopter,59.46106752478214,29.35608237427698,-30.10498515050517,1.347254047215738,21.33145664531915,44.72213351185818,6.607944767388577,22,0,General Engineering,5,15.00700639299312
600,Nonadopter,103.1671333839136,91.96522161438619,-11.20191176952744,2.843959696262295,45.91687684471326,35.92363756847292,7.186127074777637,28,0,Heavy Equipment,3,12.03071396366152
601,Adopter,138.474073358411,166.1340646585354,27.6599913001244,10.50569735560523,112.9268789015755,70.80193548638087,34.9610372415465,167,0,General Engineering,7,18.49779467120108
602,Nonadopter,77.95196872926051,81.64340947267448,3.691440743413963,4.456835172504413,43.63051488118956,49.90333089615073,17.77195769119735,26,0,General Engineering,3,15.04301087914722
603,Nonadopter,60.42411908804166,81.72806776663197,21.30394867859031,1.000209217129632,16.15514555755754,58.03031269817225,11.33678617024789,22,0,General Engineering,2,12.04032212503877
604,Nonadopter,34.31427668667171,40.93235995775517,6.618083271083457,.7580026177114854,23.40362167110552,53.05153753250299,7.295867379991016,35,1,Transportation and Aerospace,2,19.57465584874942
605,Nonadopter,106.3982388924408,85.4034153852873,-20.99482350715346,3.468579906829311,20.42355048281706,59.87515235605073,24.1443988245568,21,0,General Engineering,3,12.57895253755549
606,Nonadopter,84.70561239644287,121.4372640226728,36.73165162622992,1.158402492267593,33.76690665042799,67.27352696344595,6.082786037222894,19,0,General Engineering,4,11.70828003545071
607,Adopter,43.18923814240549,99.19299808773765,56.00375994533216,5.836417701401944,178.5655532900952,44.41024265457558,16.70741125341333,79,0,General Engineering,3,20.53240554705113
608,Nonadopter,107.0508972458053,113.5850589754167,6.534161729611341,.9428507651077677,29.52672349555012,63.56859318254309,8.577563586784322,26,0,General Engineering,4,6.22287245671541
609,Nonadopter,102.9973262377991,89.19352956210602,-13.80379667569306,3.631820653359358,47.0250895040642,35.80810271281327,12.769410758413,22,0,General Engineering,1,19.0733556203162
610,Nonadopter,74.31155115771374,65.11715879778743,-9.194392359926312,4.786994821270529,53.90767213381364,44.40551876386547,6.255393564831331,54,1,General Engineering,6,12.92418324931919
611,Adopter,101.9737006039492,117.6393909095388,15.66569030558968,1.77715690429484,56.37168868166927,52.57158434554814,17.01157155763901,77,1,Transportation and Aerospace,4,4.294403415235767
612,Nonadopter,60.37884898107011,0,-60.37884898107011,.7314065020849984,14.67730825313966,34.29595161609023,6.961713587630147,34,0,General Engineering,1,15.67600018994663
613,Nonadopter,90.8961966382093,125.1732834731775,34.27708683496822,5.084537431543996,76.81931355811014,47.64232834009069,8.246646703769839,27,0,General Engineering,1,10.16814415928376
614,Adopter,96.23516202147151,162.6048688511489,66.36970682967741,12.31267021602225,55.00493190825456,37.39180238659411,37.11681241691016,75,0,General Engineering,9,14.68996920656467
615,Adopter,77.24544200397349,69.13422304445692,-8.111218959516577,9.207000364616899,91.60190306414513,37.68328560152834,19.98889063429356,68,0,Transportation and Aerospace,6,10.08163471920481
616,Nonadopter,69.68294115853368,89.35535254759822,19.67241138906454,5.340729660506469,98.4828851772472,57.53705511129566,7.153432416848878,45,0,General Engineering,6,7.900216095424936
617,Adopter,72.79483276984867,88.62190084797797,15.8270680781293,4.378227540141768,157.1733790397688,64.75963162331117,30.93092256656403,104,0,Transportation and Aerospace,6,6.625854569761241
618,Adopter,68.35749769327286,92.30941373201691,23.95191603874405,1.657839497930441,156.5444347414467,53.99850216108195,22.99984692155383,28,0,General Engineering,4,23.00241749067713
619,Adopter,130.5487445989668,185.5143594882217,54.96561488925491,11.74981687738515,79.92285313148926,75.29084675808153,50.95793776833732,227,1,General Engineering,7,27.18332677925323
620,Nonadopter,91.48466613100697,100.1378879050862,8.653221774079213,1.726357833468857,15.32694624744026,48.94645340326293,7.528283492175478,24,0,General Engineering,2,10.89514265454742
621,Adopter,126.2750814920312,151.5836767975976,25.30859530556637,13.57697254674297,92.27908300613196,57.0290080650017,24.39342426452438,101,0,Heavy Equipment,7,19.11219696073779
622,Adopter,79.98499182500363,101.7985650298822,21.81357320487861,1.496896299276962,60.7394342408864,60.35730814858268,19.66275680217187,64,0,General Engineering,2,14.94876639250074
623,Adopter,96.47184426352587,104.4557248167509,7.983880553225049,3.439680177981799,43.22416040529713,43.50718828989643,29.2513287627174,104,0,General Engineering,3,13.30769200720326
624,Adopter,28.30910197225172,93.52121936644701,65.2121173941953,6.292498727430579,47.00919488122378,28.53979146224853,13.75353931449867,63,0,General Engineering,5,14.41640338438998
625,Adopter,104.8321695287665,162.7240964537942,57.89192692502772,4.274826049322673,149.8702681012588,48.91935957663674,25.09162143122261,92,0,General Engineering,4,18.50069177079938
626,Nonadopter,66.58375186974732,92.39963469817496,25.81588282842765,2.568175993185127,51.37552362185948,77.5340500115077,11.77975570891579,41,0,General Engineering,5,16.21982341598889
627,Nonadopter,78.35593018020717,61.43728917109112,-16.91864100911604,3.344019715378955,37.77451073336506,57.27209240918805,14.60660889814493,17,0,General Engineering,3,6.259377154084611
628,Nonadopter,128.3407013981493,122.7070573564448,-5.633644041704514,2.0810430448097,36.01335048216306,43.46291919837744,13.77823765646302,42,0,General Engineering,3,18.62831822842312
629,Nonadopter,63.57883322481666,65.89063945527546,2.311806230458807,1.586033580312618,67.01659760952845,57.20651332124775,6.836666617904029,26,0,Heavy Equipment,2,22.29110448378076
630,Adopter,56.90075840451207,83.23211848977226,26.33136008526019,1.99289571505536,37.3674352787528,42.34079017663034,12.23922258198228,165,1,General Engineering,1,16.64672701906075
631,Adopter,116.3842246819253,132.5295370731326,16.14531239120734,15.08134504699243,178.1811529431493,53.98535429487141,27.46223222168531,159,1,General Engineering,9,17.68445884138172
632,Nonadopter,91.9759799570474,74.22736419968525,-17.74861575736215,2.163068042889284,56.55011578605096,60.12008852101668,9.267463114798923,34,0,General Engineering,4,12.37058006600446
633,Adopter,90.77767395551007,113.8478574403855,23.07018348487543,9.353570702823964,109.455474330044,51.63589175814785,21.80773086870716,149,0,General Engineering,8,17.56550820629599
634,Nonadopter,62.51989118965592,61.23323442818415,-1.286656761471775,1.975909647191032,75.40091348185527,43.93486235596448,10.12128369934137,28,0,General Engineering,4,8.333140660868409
635,Adopter,83.31035624185893,63.78938048845166,-19.52097575340726,2.052510110576747,71.38144016412684,44.43554320016918,8.493973271073983,56,0,General Engineering,1,16.23079726071575
636,Nonadopter,102.5925907179251,102.0915359688933,-.5010547490317947,3.838819967544788,31.04515584409858,67.29313949311954,18.79982894128878,35,0,Transportation and Aerospace,2,12.59107897200152
637,Nonadopter,76.95726267923108,52.46696383299438,-24.4902988462367,4.625452383476779,59.29419518487141,52.30617522724819,15.43759594626802,49,0,Heavy Equipment,7,12.64965743119037
638,Adopter,88.2770080519028,118.9319474099459,30.65493935804312,3.300503596690888,113.1156590031987,60.85025792770858,16.72284333494099,34,1,General Engineering,2,17.7846652763147
639,Adopter,67.06059641304688,133.1550057786745,66.09440936562757,8.255520669907362,36.35909190269535,37.38390631708945,11.59819721965273,80,0,Transportation and Aerospace,3,20.12059353401706
640,Adopter,73.02310699734852,65.76975562733351,-7.253351370015011,3.374004909315194,43.60066109034484,49.79974051142442,8.43179775279097,37,0,General Engineering,2,12.3993818498464
641,Nonadopter,44.28228264719885,59.94264801817243,15.66036537097358,2.48670375266904,18.23144795073611,39.92532312787683,23.77618962795244,60,0,General Engineering,5,11.94038514632047
642,Nonadopter,112.8808074935608,93.20133020327933,-19.67947729028143,5.366760997498957,56.21132077198611,39.06872825882104,8.968504458809669,36,0,General Engineering,2,10.37852323385974
643,Nonadopter,53.75753682338211,44.21253524667665,-9.545001576705459,.7895274632075659,38.49156381951283,61.92089320608463,18.88625695343094,45,0,General Engineering,0,15.66936182908367
644,Adopter,64.75194109386521,78.71741168081714,13.96547058695192,2.247882817420934,107.6838991946545,62.31312240769839,3.567114975657387,77,0,General Engineering,3,18.72756515246981
645,Adopter,85.36573966064836,96.38815514900696,11.0224154883586,3.54063844040837,112.9781069227901,52.45382254398425,49.51341303517638,70,0,General Engineering,2,13.71996217887036
646,Nonadopter,87.58039202512322,85.81836625194113,-1.762025773182089,2.778900022250453,58.39300056538931,63.38416503021711,15.57473710003596,70,0,Transportation and Aerospace,5,13.49481170241806
647,Nonadopter,69.30490965011991,60.69219367451391,-8.612715975606001,1.548813735242441,69.74281973467514,50.17317321774567,11.11044534449868,29,1,General Engineering,2,14.55018502567262
648,Nonadopter,90.7897660050142,108.308660923972,17.5188949189578,9.293033029212491,46.99929351732425,45.20711963836538,4.353662176615381,34,0,Transportation and Aerospace,3,7.554971846748433
649,Nonadopter,57.69841106323712,14.89103740733624,-42.80737365590088,8.107233477857875,44.8349013229607,52.76948728076124,21.62821288741233,41,0,General Engineering,6,7.585764231125463
650,Adopter,62.21141358056711,69.19674282831947,6.985329247752361,1.584387880845629,88.95732077365987,25.61247662849781,37.83194565473299,44,0,General Engineering,2,15.29272445523987
651,Nonadopter,45.79671401838589,67.24766043239576,21.45094641400987,4.14844961667417,107.177218067813,71.65169066719284,18.58926540465851,25,0,General Engineering,4,17.81501129759667
652,Nonadopter,89.87288179919247,83.57623789444699,-6.29664390474548,6.578238304886974,127.7722664715596,54.73083256682855,8.368055161936203,83,0,Transportation and Aerospace,5,22.04175276049805
653,Adopter,87.25803770098801,80.65302566358717,-6.60501203740084,1.606105395154149,18.78002277068549,50.20345628306982,8.634573619708444,39,0,General Engineering,1,7.77348239636907
654,Nonadopter,72.0376324721674,53.25710910796971,-18.78052336419769,.5879140534697065,62.79024149069156,46.63844852767632,26.08559668375316,30,0,General Engineering,5,8.425777865020775
655,Nonadopter,81.11075741470243,110.3631908789774,29.25243346427494,4.151951288942987,54.99517583438261,52.12575554537177,35.61097476228379,171,0,General Engineering,3,19.31368199570319
656,Adopter,61.12174600374865,102.3281552684405,41.20640926469184,1.184538324186796,39.46812368998748,49.93590038230927,15.32554171302942,82,1,Transportation and Aerospace,1,18.36391824980779
657,Nonadopter,75.96565870484552,65.25108729427535,-10.71457141057017,3.126570280582006,49.44974727446176,56.30381434384218,9.60838059437199,36,1,General Engineering,4,14.45165061245137
658,Nonadopter,37.25553400143494,62.78188899818112,25.52635499674618,5.754529120269861,36.00530258953432,61.1978717013811,9.432044637625994,44,0,General Engineering,3,11.91174011878747
659,Nonadopter,40.08612944369141,0,-40.08612944369141,1.985622149682598,27.12733224920373,70.89263635075272,17.23781621550426,43,0,General Engineering,1,17.43860476861327
660,Nonadopter,81.27801327068191,111.3318568281474,30.05384355746546,3.25382569225905,49.66700498603559,65.68513480655584,18.73917563503204,121,0,Heavy Equipment,1,18.14833055995497
661,Nonadopter,93.82566330559798,77.0019865494483,-16.82367675614968,1.458361669539099,51.92215519195747,46.26738832503042,8.95639359958694,10,0,General Engineering,3,15.23120604880684
662,Nonadopter,112.6197717366301,78.24478536573443,-34.3749863708957,9.646698757251476,68.20245425862427,55.80238534480974,75.41635051861057,57,0,General Engineering,1,13.00665168731641
663,Adopter,95.57519644603522,110.1402724762867,14.56507603025149,1.160421026151269,48.04966127490878,60.86308603919325,31.28150330185987,62,0,General Engineering,2,18.68965171533641
664,Nonadopter,54.83468950700424,56.69364434838196,1.858954841377717,5.235059700981068,43.2993161555925,49.17923997645355,10.96991655721671,66,0,General Engineering,5,11.23353153677555
665,Adopter,103.1440202333297,103.2038054690938,.059785235764096,7.170940163947314,139.1300845348925,46.00676893425774,16.08123591417935,102,0,General Engineering,4,10.3342868977841
666,Nonadopter,107.1259218358086,84.67308767732794,-22.45283415848067,6.547354696222857,181.9167256310498,51.73895227843475,25.18651238955387,65,0,General Engineering,6,13.06420663322515
667,Adopter,103.1565035369715,147.7881675764699,44.63166403949843,3.594224624711233,68.68388657675702,63.45278946632203,16.22611824366961,108,1,Transportation and Aerospace,2,14.55584755693293
668,Nonadopter,53.15798537433518,51.51657728645559,-1.641408087879597,3.857651864318109,66.50687071988564,58.04441338640248,20.13667353400575,100,0,Transportation and Aerospace,2,17.96415014685439
669,Adopter,68.05113661363026,119.9918600662178,51.94072345258758,1.640403557153059,68.47204406883817,55.92578546327579,38.59035940581754,104,0,General Engineering,2,22.59356046420952
670,Nonadopter,116.2813314444186,135.1006415123329,18.81931006791424,3.732954549969264,36.70677094452149,68.4693847303277,15.71870394432069,38,0,Transportation and Aerospace,4,12.33120121631514
671,Nonadopter,62.82510718067633,40.14744085729546,-22.67766632338087,1.154822549893089,33.0240602446648,54.36454911536346,28.5625197455978,59,1,General Engineering,3,9.800548623722666
672,Nonadopter,87.89859443265202,111.374318239571,23.47572380691894,2.485546746730591,55.62795673761124,54.50415444561791,9.509786299128089,36,1,General Engineering,0,13.48619810444416
673,Adopter,105.7491801967792,133.348684297458,27.59950410067873,4.632148269968124,66.39199196700666,67.52579351316338,17.4675723805011,92,0,General Engineering,4,11.86409589832985
674,Adopter,90.20648348731443,77.64832822053525,-12.55815526677918,1.563236788884914,110.4042880457922,46.80530067430884,4.64919131161396,129,0,General Engineering,1,16.07412307687586
675,Nonadopter,103.2501406202819,75.03672202049358,-28.21341859978828,.8421383995316678,71.61729805015757,52.10903678932781,11.57527088842998,19,1,General Engineering,0,13.74619300183943
676,Nonadopter,74.69303861127399,85.95574046501564,11.26270185374165,2.69231276746198,79.26027329848041,44.09527141230438,9.20283485127125,49,0,Transportation and Aerospace,0,16.79763710947844
677,Nonadopter,79.04642296927277,97.1518337495401,18.10541078026733,.7822580204873054,31.14557887092687,49.73235872097813,23.11099997924771,46,0,Heavy Equipment,2,14.08617980525819
678,Nonadopter,85.92029481970961,43.59115938290458,-42.32913543680503,4.335714824231707,22.20079276663041,79.15925784375332,23.00916299222027,34,0,Transportation and Aerospace,5,8.74166296705207
679,Nonadopter,65.77867792949897,69.06907854274328,3.290400613244316,3.856700266171652,20.99251862443921,66.42964973885586,8.077617628283063,41,0,General Engineering,1,16.14038301008133
680,Nonadopter,67.87148777888355,30.88996810135383,-36.98151967752972,1.100209122647676,35.14766060366495,53.01470933665031,6.615742500463614,41,0,General Engineering,4,16.33134507032241
681,Adopter,82.56304500217912,86.81704820644447,4.254003204265345,4.344249728115565,127.590556461333,58.28515031897987,7.956558546568821,58,0,Heavy Equipment,7,18.74519009437423
682,Adopter,99.98997490251851,119.041825370038,19.05185046751949,2.299859082933912,60.7053199946448,51.62656746298318,22.4279394539908,108,0,Transportation and Aerospace,3,19.76153555967634
683,Nonadopter,84.24234015116828,84.60418451805683,.3618443668885476,.7191259306293275,27.02473475010338,47.21068408128092,9.108785853356821,49,0,General Engineering,1,12.55246806007132
684,Nonadopter,84.58989032495045,58.36978453270328,-26.22010579224717,3.229487115646164,19.17074185394236,50.64568647427415,10.34679044435744,41,0,General Engineering,4,15.23071607305541
685,Adopter,89.38187131677184,79.63906554833298,-9.742805768438856,5.616630325650272,82.50382208198938,70.43859154091103,25.17656568987939,84,0,General Engineering,3,15.97906688299297
686,Nonadopter,93.09631155866735,68.67438553898839,-24.42192601967896,3.864716226709282,16.98097776303772,53.59870596606194,12.9507075761002,41,0,General Engineering,6,11.36996718415186
687,Adopter,85.81356618274283,101.0609401920616,15.24737400931879,1.12573583661702,78.90770528476041,58.20453604383211,8.570573530016848,91,0,Transportation and Aerospace,1,16.77812838216489
688,Adopter,62.98186457454871,89.96747603335632,26.98561145880761,2.128706130563914,91.25180767684671,50.31459853037803,3.605079811304821,26,0,General Engineering,1,9.553958283855174
689,Adopter,94.68826658900861,184.3698012443537,89.6815346553451,4.158038010101271,148.5142038118631,46.30461432233955,28.84230086462268,191,0,Transportation and Aerospace,4,21.93162187517489
690,Nonadopter,69.30163389087858,95.03354496733422,25.73191107645565,4.684363004409609,99.14443097272438,47.64777540600893,19.19922993707963,15,0,Transportation and Aerospace,4,13.76492514137024
691,Adopter,71.40346985294636,74.40456766859363,3.00109781564727,3.709519452942345,33.37020439264227,49.38518610714877,25.03902541068616,50,0,General Engineering,1,15.86876388127476
692,Adopter,100.5191973084361,118.0651719694428,17.54597466100674,10.6600308774965,56.65446454301571,37.57615346904048,23.28523209309808,64,0,Transportation and Aerospace,4,20.34480174964723
693,Adopter,82.12033326216145,93.77256513802182,11.65223187586037,11.34941920166566,83.68071602069425,66.53744560664066,27.53001501589964,121,0,General Engineering,8,11.9427070954052
694,Adopter,87.74828940385135,135.8045741034425,48.05628469959112,3.010070837534144,295.2720695319286,53.52983185916638,17.78627710226815,118,1,General Engineering,3,18.79608095203701
695,Nonadopter,54.48793482561412,55.8640880219408,1.376153196326683,1.654793656813652,29.82629018886401,54.52923881444698,6.753971146314437,33,0,Transportation and Aerospace,6,17.12968826320277
696,Adopter,47.6187133921456,35.86421237787934,-11.75450101426626,3.460383748440749,46.31985380989659,52.01837009288003,6.522804289843969,33,0,Transportation and Aerospace,3,11.43004808073249
697,Nonadopter,78.88833275609264,53.02642607781469,-25.86190667827795,1.666623251885089,58.02486079915727,58.4434538348,21.23390192011938,64,0,General Engineering,3,8.479622312349399
698,Adopter,70.61948212060419,89.22029683867889,18.6008147180747,1.215813637861097,25.48626115309095,48.07482247368561,6.250111284495753,33,0,General Engineering,3,16.32012650025497
699,Nonadopter,69.60961324825129,53.25919597446904,-16.35041727378226,4.272212352088237,65.6571492430777,58.55497246299785,17.28500711865894,57,0,Transportation and Aerospace,6,13.31724646083708
700,Adopter,120.6745904824903,103.1334296303984,-17.54116085209188,2.216323870796667,62.24967182505409,55.84930080936035,20.42843092282762,49,0,General Engineering,3,11.21578684953607
701,Nonadopter,82.8173967465181,89.74001431116071,6.922617564642607,2.993339743889119,11.07503967566404,69.48694358173626,17.25527759461677,50,0,General Engineering,1,10.67376302095
702,Nonadopter,64.52730996310073,78.95785957026668,14.43054960716594,1.647616100703114,44.28547786976925,60.15364089632727,14.69359398640239,24,0,Transportation and Aerospace,3,9.376358662165522
703,Adopter,91.41739497156698,166.9627958531421,75.54540088157509,3.971544690117533,149.4780295213623,58.48304365912406,32.95588138441208,156,0,Transportation and Aerospace,4,19.29383343819688
704,Nonadopter,109.5896302362984,106.4858436173748,-3.103786618923635,2.396969812414334,42.45804130899781,45.85863046550445,21.42185176141477,49,1,General Engineering,5,11.91063203393314
705,Nonadopter,76.29274306171352,81.66919530350845,5.376452241794922,6.233937704993523,47.53412763318787,48.26859620135274,19.73751647069406,66,1,General Engineering,3,16.87599070238448
706,Adopter,108.9090543212689,187.4179746193777,78.50892029810882,2.112870844669437,86.3855724856751,45.87627679921485,31.82654579686821,189,1,General Engineering,3,19.85565680857357
707,Adopter,104.3442043211415,119.1242205126944,14.78001619155292,8.113732079342194,133.0257830535691,50.53578124082264,25.76124150981061,84,1,Transportation and Aerospace,9,19.41448889062395
708,Nonadopter,74.93802980121649,64.02392029582249,-10.91410950539399,3.424118057432202,58.12995044916599,29.78744879576332,9.753709909772603,20,0,General Engineering,3,18.44858142878898
709,Nonadopter,85.90514232181036,87.78456252258218,1.879420200771818,3.848085507811144,64.96993822754263,51.14922336748027,23.93494483707702,45,0,General Engineering,4,18.57428814108223
710,Adopter,53.17998446304795,68.87574414215544,15.69575967910749,1.996561123568913,42.5762271947761,48.81315119096491,21.45708642652981,92,0,General Engineering,3,10.98405255517723
711,Adopter,110.2459861208945,137.2137044890921,26.96771836819761,11.58273734556474,179.6531856585509,62.49977197330214,40.41733081110336,93,1,General Engineering,4,20.56014304968552
712,Nonadopter,69.87701309880471,121.9787542587842,52.10174115997945,1.397485543542076,65.61466854969345,62.00051857316038,2.355046677394602,30,0,General Engineering,3,11.36128207102449
713,Adopter,72.64464907179574,51.73539520984836,-20.90925386194738,2.09194591928833,123.5590333751976,61.07598972271808,9.113477652074884,55,0,General Engineering,4,11.8889295036806
714,Adopter,107.6290301210071,166.8578130019888,59.2287828809817,4.478078553568362,65.44442017919322,55.50621906574219,15.02297735027944,50,0,General Engineering,3,15.81931619891951
715,Nonadopter,57.56802287100449,48.06744386810073,-9.500579002903763,1.845777563451192,48.30710086408755,64.11115684600476,8.077911040443702,61,0,General Engineering,4,13.46618143990951
716,Nonadopter,55.37082393875245,39.32057224783846,-16.050251690914,1.205738401675694,20.32966328870194,47.28427782395868,4.649656527645103,18,0,Transportation and Aerospace,2,14.29716435390776
717,Adopter,61.60048098205985,115.4589886850845,53.85850770302463,1.193081405794362,133.6779846075981,45.65040870385237,14.03184555953008,97,0,General Engineering,3,15.84026073453511
718,Nonadopter,75.3710640886692,103.7864917443272,28.41542765565798,2.622038927786769,27.27837552633085,55.48203070782878,13.81520084992147,32,0,General Engineering,4,18.16642512022963
719,Nonadopter,66.40733282183672,49.49659716398801,-16.9107356578487,4.90885016912398,57.78735594871859,67.65000414981675,11.2091444900497,26,0,General Engineering,1,5.786693130791074
720,Nonadopter,68.03291748863744,84.44906226970399,16.41614478106655,1.590991927791316,107.1788121733903,40.96274088751679,17.19294275296601,56,0,General Engineering,4,23.40562579735167
721,Nonadopter,85.35816574830403,77.18522578285842,-8.172939965445607,5.245499554428294,32.64934224288704,49.91660618413394,12.70444250504069,88,0,General Engineering,7,16.64975410788585
722,Nonadopter,51.60902263048555,73.22527896890402,21.61625633841847,4.607139102054236,54.16460853031196,48.50902192544391,9.5144460589777,25,0,General Engineering,5,15.49867550935434
723,Nonadopter,94.2655656175034,96.51302052326963,2.247454905766233,4.499123114016744,35.3858039983386,54.56988154842046,38.72066152804631,50,0,General Engineering,4,20.30112530673195
724,Nonadopter,58.88271503456141,64.23268542642549,5.349970391864083,1.515583484181215,25.74773632972626,43.19514480567193,9.89559152376904,15,0,Transportation and Aerospace,4,12.45043986628008
725,Adopter,100.8072539325957,151.6927071124763,50.88545317988061,6.278985082680787,85.45529908503613,41.77364129521844,29.23180489999236,144,0,Transportation and Aerospace,7,20.55337113508545
726,Nonadopter,74.22264781998449,65.69836291784023,-8.524284902144259,2.628007746930256,46.44558294926807,54.61224196626443,13.38781163738284,51,0,General Engineering,2,14.63748447774291
727,Adopter,81.80887268682686,135.0978169213798,53.28894423455291,6.819129623124099,73.03329811556227,52.3419408400874,15.96563717317124,149,0,General Engineering,0,21.15458745843334
728,Adopter,40.29197679426113,80.3164348021577,40.02445800789657,1.935166920772159,49.37182837558269,64.42772285974387,9.166540934160686,47,1,General Engineering,3,10.49322426377296
729,Adopter,102.4360928799278,124.1829129537316,21.7468200738038,.5941425836756746,143.2124120262101,52.05505004363534,7.986600214808496,67,0,General Engineering,2,10.16557546915011
730,Nonadopter,67.86866552133722,68.18162294011734,.3129574187801154,6.309164419082757,31.90071098811416,67.98575549314128,21.49867202690944,116,0,General Engineering,6,16.36399542541889
731,Adopter,114.8977694877278,93.38010324512857,-21.51766624259926,2.996277808514954,73.49788397420394,28.31549921657696,21.8255347487688,62,0,Heavy Equipment,6,11.15737845128162
732,Nonadopter,52.35288497966719,97.5673946549944,45.21450967532721,2.946329169908891,58.2652992338665,48.36875624365403,16.99906013478842,27,0,General Engineering,1,6.231275256456464
733,Nonadopter,102.6129621061969,96.69347706800538,-5.919485038191553,.7331223139434393,22.36103447811518,68.1088310862296,10.50757724138459,36,1,Heavy Equipment,2,11.99416947383577
734,Adopter,80.84301713984232,114.8493294497271,34.00631230988475,5.754958137763478,43.67951092486116,52.29810968209567,7.428263503036045,132,0,General Engineering,6,15.93372994822903
735,Nonadopter,70.60071352635848,83.40805743895082,12.80734391259234,1.612336763488887,27.81669753043994,35.25147928091069,9.956622615603242,24,0,Heavy Equipment,2,11.90320558651534
736,Adopter,87.93409890729504,111.1106411168854,23.17654220959039,5.96382719123696,126.0648568605242,42.37837038806821,15.85469832385313,85,0,Transportation and Aerospace,6,7.576307613262651
737,Nonadopter,33.57242217971351,33.5807947709733,.0083725912597927,.505994867503174,21.7205776791202,48.49154775805471,13.64108281941359,13,0,General Engineering,1,11.84536146086979
738,Nonadopter,69.51193899044907,101.4508487894066,31.93890979895755,14.04722465351871,58.26810366494693,49.07233467976096,13.28169675758428,148,0,General Engineering,6,18.37697841028289
739,Nonadopter,89.51396301122685,29.29136667063948,-60.22259634058737,1.413722450421279,24.64164171825144,33.73275014216365,8.557054462228795,11,1,General Engineering,2,12.52583314464678
740,Adopter,73.26671349648898,117.5979670864694,44.33125358998039,2.93364927581865,103.2726189910773,60.46681524489134,12.63344356561874,186,0,General Engineering,4,22.11855495009519
741,Adopter,71.51774396073242,99.21317834148891,27.6954343807565,7.602456039061622,79.7609401494047,56.94120305891642,11.75057724501923,118,0,General Engineering,3,14.40284009291436
742,Adopter,66.75345723224751,111.6527153891388,44.89925815689131,2.905256130105499,146.8519322961725,71.46782380707957,14.5680192673716,192,0,General Engineering,0,26.96557170921682
743,Nonadopter,108.9919818510795,112.3996015711497,3.407619720070187,3.016536358694811,87.60488420040284,54.63581699559068,9.433757796354445,22,0,Heavy Equipment,5,21.20559273643786
744,Adopter,84.66549095873494,117.9179317183931,33.2524407596582,4.166260574681518,35.24072338538885,49.54095359174195,9.742275977506058,55,0,Heavy Equipment,5,11.30414245020967
745,Nonadopter,35.42488143352217,3.776986975184499,-31.64789445833767,4.095956394473795,26.80321556998062,30.80477890453674,18.95154557835388,37,0,Transportation and Aerospace,1,13.30543135525
746,Adopter,46.56482743700391,60.42932567796768,13.86449824096376,4.243953672129495,43.02794753485318,45.85320905425156,18.50091203081156,85,0,General Engineering,4,8.137959453903978
747,Adopter,102.6120862327369,147.2797728622329,44.66768662949607,4.09951761874368,78.36354756677646,49.21628983589619,49.56811054969153,121,0,General Engineering,3,21.27744561626646
748,Adopter,70.75853287148483,86.5864552589712,15.82792238748637,5.248367866028048,91.76650190249335,79.83170389884772,18.28576132531585,78,0,Heavy Equipment,2,17.13181848713783
749,Adopter,92.26506296477066,104.9886875556021,12.72362459083139,5.381594569418845,38.37299533308555,53.30896830519863,7.978045041052821,62,0,Heavy Equipment,3,19.85659704559666
750,Nonadopter,86.58099507209636,125.8708524152117,39.28985734311534,6.462086837306589,43.57030764054165,52.77617669819476,28.84625602035405,74,0,Transportation and Aerospace,4,6.309856994451481
751,Nonadopter,65.73033901144031,42.043674949324,-23.68666406211631,4.522088686842382,37.74258944784858,68.35236646572253,23.47674955657519,54,0,General Engineering,3,11.3065584018707
752,Nonadopter,43.79898325754304,2.703041333068782,-41.09594192447426,.533436343757502,16.13224938102164,73.88464056669599,4.686545301915956,10,0,General Engineering,3,8.573250993607676
753,Nonadopter,86.38302690146011,83.77032462192076,-2.612702279539349,5.050350972642697,27.35836482980327,53.77575131591487,14.03665847155998,32,1,General Engineering,6,10.40828617282802
754,Nonadopter,49.01685691549251,49.46377576944325,.4469188539507414,5.012976836004523,47.11466532331633,47.33234272978432,8.150723540718472,31,1,General Engineering,3,14.05584512345668
755,Nonadopter,107.326127101925,58.98343645074385,-48.34269065118111,2.271048151772313,105.3684587734137,64.92434861184752,11.80078433836759,36,0,Transportation and Aerospace,3,12.70390811949715
756,Nonadopter,57.07485869158403,74.54245155998407,17.46759286840005,1.550255207932325,17.29714153939708,56.17125706126373,8.387270171527891,17,0,General Engineering,5,9.6701304839549
757,Adopter,40.58756237998379,84.64474240429875,44.05718002431496,8.514851124143414,178.7678136809601,72.64191866377723,16.0577554527938,82,0,Transportation and Aerospace,4,20.23581358890756
758,Nonadopter,84.63823523623184,116.3843907643873,31.74615552815548,1.408868071278351,121.4463232247801,41.40389243460108,9.73560006983924,62,0,Transportation and Aerospace,2,14.32378854874462
759,Nonadopter,45.5069433791794,41.13247622556865,-4.374467153610752,1.267612902221803,33.03391171639468,58.25704505090968,12.68831475048965,68,0,Transportation and Aerospace,3,15.35939290492892
760,Adopter,86.77720168419654,100.7897582699481,14.0125565857516,1.958013821081984,38.12735402646858,31.10764846038986,10.04916155953987,39,1,Transportation and Aerospace,7,10.51511443458653
761,Nonadopter,108.6679655446313,134.6222217572387,25.95425621260749,1.57013020049254,40.21746151276637,63.19675134393082,27.47829868721202,28,0,General Engineering,2,12.15605819150119
762,Nonadopter,87.67380609779788,55.24277153668105,-32.43103456111683,8.763738332584175,64.69816409837823,50.38658970407609,21.96767760290996,49,0,Transportation and Aerospace,5,13.04870382871988
763,Adopter,74.99504470440726,91.4459174683449,16.45087276393764,4.339997333731378,108.5242232650922,61.01779406192737,4.617583582167472,84,1,Transportation and Aerospace,2,15.87959274361721
764,Nonadopter,94.43145050677218,87.21693497921073,-7.214515527561446,10.74948470428742,102.3620476481517,71.37910103745548,32.20682334634007,50,0,Transportation and Aerospace,12,16.98402081353965
765,Nonadopter,87.92699595784183,91.21015858893804,3.283162631096218,14.09753086790183,103.5505620181818,43.81003432396938,42.65019888073613,33,0,Transportation and Aerospace,5,11.48224558949785
766,Adopter,88.78937016108158,103.6780358027398,14.88866564165819,5.42834160276542,100.3843160565302,49.72979669815147,62.69894456165674,63,0,General Engineering,9,14.44605191693271
767,Nonadopter,83.61722517941453,79.82747476187637,-3.789750417538158,11.52475357860854,35.71018331733148,62.46669957529086,15.4218976841858,28,0,General Engineering,5,6.001995484923685
768,Adopter,85.16695730536991,87.02216476862668,1.855207463256775,.612279092343624,41.07854872337241,37.86302341542999,16.24700984511576,27,0,Heavy Equipment,3,13.98952983804524
769,Adopter,68.15665888837171,80.98661969919355,12.82996081082185,2.786927144018077,78.26270877813879,63.69794329210632,14.3087056804747,42,1,General Engineering,2,19.33625251741747
770,Nonadopter,66.54417655914423,53.94481390765197,-12.59936265149226,9.15498291426573,71.15527357914851,37.8109057158776,33.75180940083452,64,0,General Engineering,7,14.19734075664337
771,Adopter,68.1316057838535,112.8696356231275,44.73802983927399,5.301781069802928,31.08452665065505,67.57710766505721,12.73181150944792,22,0,General Engineering,2,9.688979742399725
772,Adopter,109.6629728720319,140.164335290576,30.5013624185441,10.7540600768338,142.4668218879555,72.04628400989506,11.5060903234152,100,0,Transportation and Aerospace,5,20.35020200801156
773,Adopter,107.9126109404042,143.4411355361469,35.52852459574264,18.72297630268091,59.30860458514007,55.78523379397281,20.51486438355316,80,0,Heavy Equipment,7,12.75101273005506
774,Nonadopter,82.50884509877116,82.26168799959443,-.2471570991767322,2.925263521716388,14.56389561599862,58.01770010532213,13.68042282058035,31,0,General Engineering,8,8.986948030492652
775,Nonadopter,73.1265065304063,123.9286441994828,50.80213766907652,5.097917044981874,57.89673322464141,71.86186798391378,14.8822647161678,44,0,General Engineering,7,13.14765457530686
776,Adopter,109.1575098371243,182.2563012225204,73.09879138539611,4.628758069195405,168.7333292478212,51.78844816518371,17.08798588244488,129,0,General Engineering,4,13.64077116387221
777,Adopter,89.14595335495895,168.486455951936,79.34050259697702,11.45849812691172,46.44590682706225,67.62879852495618,17.64086419335311,262,0,Transportation and Aerospace,2,23.45156288670468
778,Nonadopter,71.06051601232619,34.77486509868385,-36.28565091364234,1.059146076351194,25.23353435437135,52.38404768887129,21.84008911924505,21,0,General Engineering,1,3.270503434110083
779,Adopter,84.19922439594805,95.42157020181546,11.22234580586741,2.573940324882036,129.9998773178586,66.93538871994134,20.56487147418102,192,0,General Engineering,1,18.20227255126164
780,Adopter,67.59441563784003,74.46801167296532,6.873596035125288,2.151033765646503,110.2363638867341,58.69257022588016,15.2336177732205,78,1,General Engineering,5,24.60140101205343
781,Nonadopter,62.04561076715486,62.98581658531594,.9402058181610755,2.729500473171467,44.58024004656782,66.87498360037451,18.08751011081225,29,0,Transportation and Aerospace,5,5.97804283918372
782,Nonadopter,56.5802140106518,26.80153133759558,-29.77868267305622,1.890945795411491,19.83088234082378,44.94339740162035,3.023201558449781,26,0,General Engineering,7,13.24783206085308
783,Adopter,86.28463902410356,83.81606056564138,-2.468578458462176,3.114832969955739,72.17394001944457,59.38189268905287,9.43503972747274,71,0,General Engineering,3,15.00577580453438
784,Nonadopter,48.01664349304507,14.08298319975937,-33.9336602932857,1.129770248866893,29.2589493660617,72.51333067044337,6.011158580556266,35,1,General Engineering,4,16.03234490676584
785,Nonadopter,72.67332538282865,92.7915200894987,20.11819470667005,1.154810523123561,68.3994583136906,44.77187019617542,14.1504965709675,35,0,General Engineering,1,1.228882675398648
786,Nonadopter,80.56253629299241,96.55667619712028,15.99413990412788,1.345749629037624,9.708453865754663,64.01003532004677,11.75253669943666,34,0,General Engineering,3,11.99662994409947
787,Nonadopter,83.43082483005129,102.3102155241635,18.87939069411216,7.426600207543923,226.6597248577744,49.02737034557966,36.21320700828493,128,0,Transportation and Aerospace,3,21.60645933256274
788,Adopter,63.8346920268515,96.55551388558963,32.72082185873813,3.744091044138489,62.33476592644561,55.57678851219882,14.83071116957837,92,0,General Engineering,5,18.3438846460526
789,Nonadopter,77.84700433490143,62.59604594132637,-15.25095839357506,1.80376735354476,42.00418234096166,52.20096409273118,13.35473908855983,58,0,General Engineering,1,15.07217227553155
790,Nonadopter,75.36580163412782,38.94238841874886,-36.42341321537896,2.390666874463486,48.54235990535088,49.37468502857806,11.76702764794413,52,1,General Engineering,3,8.549653671816584
791,Nonadopter,51.78503379630975,34.27747932276819,-17.50755447354155,2.224719417779118,35.87706309072556,61.15663432495847,13.8459026327785,38,0,General Engineering,1,7.583096943248544
792,Nonadopter,37.24228664650956,37.21953338177474,-.0227532647348241,6.00602727372339,48.67179619860395,60.32285717008425,12.63794523227852,97,0,Transportation and Aerospace,4,13.22954899000812
793,Nonadopter,81.87333197367393,55.46777768801935,-26.40555428565458,2.602695669656825,82.92870061614074,48.20715644545989,12.30942664136515,94,0,General Engineering,0,15.08584281824934
794,Adopter,107.6639046891371,129.8492867232391,22.18538203410203,5.134136317835563,79.55050702900968,61.31222037474255,10.21218300850338,111,0,General Engineering,4,23.91559204072193
795,Nonadopter,87.02717119169007,89.23404600501253,2.206874813322457,6.007045785610281,29.00613770350242,54.16504996710777,14.52889083321023,18,0,General Engineering,4,13.03111847182278
796,Adopter,93.9394838399857,119.7958870697027,25.85640322971699,6.072928937269785,48.82078221065598,37.20032001094032,17.82664825949237,55,0,Transportation and Aerospace,4,18.4836086366326
797,Adopter,98.04824317846624,86.57118853724828,-11.47705464121796,1.498906224998138,29.3428089843958,41.13380613242597,21.7820480177373,49,0,General Engineering,5,12.83786980765532
798,Adopter,79.26069622663866,116.5667417576928,37.30604553105411,5.940027455165432,191.9059941559024,42.47224430179818,27.7889938170052,173,0,General Engineering,2,18.94923537570882
799,Nonadopter,55.00076034851497,60.96152917520062,5.960768826685658,2.426730683394551,32.02458047842195,56.15764274255721,10.1197696729878,19,0,Transportation and Aerospace,2,14.16091073759182
800,Adopter,76.3359401201616,107.8906749753689,31.55473485520726,1.141482114498527,110.1372294334796,66.86162280571553,9.990923796943193,51,0,General Engineering,3,17.86176336327513
801,Nonadopter,91.97112337745058,114.1962081575,22.22508478004943,5.567851131569913,49.1255993866828,76.70415215076241,42.04345740359044,85,0,Transportation and Aerospace,4,12.48910700722006
802,Nonadopter,67.13740723860541,71.5779265944806,4.440519355875196,4.516000561736549,47.66269838490361,45.0774710333861,15.35324068943825,99,0,Transportation and Aerospace,5,16.94603460054638
803,Nonadopter,36.86893063942811,0,-36.86893063942811,2.278464079561075,46.33053875454856,69.34897447208468,6.133192888954063,29,1,General Engineering,5,17.22522054566096
804,Nonadopter,95.33423874909536,64.31026726313529,-31.02397148596008,1.580041562809326,14.47079906882304,34.38595269992919,26.12476247945337,14,1,General Engineering,1,11.57931344952877
805,Adopter,63.21792130928461,99.33688396175606,36.11896265247145,2.81855811027939,95.47577950382936,63.75830710895401,13.32639379462117,101,1,General Engineering,3,14.2644110145484
806,Nonadopter,57.63382746414816,72.51645980192876,14.8826323377806,8.421717603801016,88.46533212188858,80.4545427457962,23.16576409173956,149,0,General Engineering,5,19.36868929909802
807,Nonadopter,97.42099546363248,91.39368666934982,-6.027308794282661,1.686322451274708,43.45194563253178,74.79429527792166,14.20797888275737,59,0,General Engineering,7,16.6343745453677
808,Nonadopter,63.28948560202902,42.53643952744663,-20.75304607458239,3.642956818756129,31.28546109511356,59.18164618347275,20.07704006502568,41,0,General Engineering,5,11.45541465994098
809,Nonadopter,66.67905944512675,64.40408890803768,-2.274970537089075,2.612978667650666,68.93316272325775,47.81329368103776,8.790820869733162,50,0,Transportation and Aerospace,5,16.34670219391804
810,Adopter,135.2611278746618,158.5316213602971,23.27049348563537,11.53562016891337,75.08890225181395,66.50638304565277,69.02576135288409,86,0,General Engineering,7,19.653948752192
811,Nonadopter,86.30850879492635,81.98365269371537,-4.324856101210983,.8787373300996819,8.28168009519087,49.87971891678105,14.93834192325416,21,0,General Engineering,4,5.02561815626113
812,Nonadopter,64.67351291718651,42.83880062401375,-21.83471229317276,3.732734327151834,43.56832932913632,60.87008402729814,2.838027453206117,13,1,General Engineering,3,7.697569995932285
813,Adopter,46.44478342514304,73.42823303070679,26.98344960556375,3.960653631271569,109.68084609085,48.98003107058575,12.80809413443398,92,0,Transportation and Aerospace,2,16.79636274220179
814,Nonadopter,55.77518296227886,47.57369710765411,-8.20148585462475,.7522434691397653,49.07497781529977,73.41076495920899,17.21490850835537,34,1,Transportation and Aerospace,3,14.56760724067139
815,Nonadopter,51.62230564816198,63.35446502139072,11.73215937322873,3.26751388629331,27.29094070606681,47.17801880844725,11.04187445844724,32,1,General Engineering,5,14.78628493780415
816,Nonadopter,75.76192687792107,35.00393946875564,-40.75798740916543,4.660293196984897,38.39494617553738,38.08580959694692,12.44707453980075,25,1,General Engineering,5,15.47403522989852
817,Adopter,60.03683321851454,67.68029894860297,7.643465730088423,5.586308534104599,31.41909790890029,58.11826331979946,17.70132262401145,103,0,Heavy Equipment,3,11.63802849670245
818,Adopter,42.52802973532181,53.90745905915676,11.37942932383495,1.107882534364591,22.24901140379051,65.23181047258839,2.718909558994131,57,0,General Engineering,2,21.13349877896353
819,Nonadopter,64.44159622812671,75.46627288061248,11.02467665248577,2.773946368039954,40.02216333899035,63.23269670970802,21.61482179886951,29,0,General Engineering,2,19.52883637940682
820,Adopter,75.18134384419672,77.13214487156547,1.950801027368755,2.928154609714315,60.22239368860053,62.37071696487794,11.85078851104773,49,0,Transportation and Aerospace,4,12.63237490540074
821,Adopter,89.98740286701074,126.7228346390941,36.73543177208333,1.895173233800176,29.94181416112655,38.33871726985095,18.62509222760599,47,0,General Engineering,4,16.27655865725038
822,Adopter,86.8427280764873,98.23523625930532,11.39250818281802,1.980685617521342,43.64791217695285,63.54979408663438,21.6811183869893,43,0,Transportation and Aerospace,2,14.9624865199772
823,Adopter,102.9734110463361,144.474096785124,41.50068573878794,44.8338748712566,169.2061600555106,58.27606540253284,13.5047637667646,289,0,General Engineering,12,27.72937963561392
824,Adopter,83.44600777091983,74.55157887670347,-8.894428894216361,9.82150623087346,70.36222573857545,55.50204486482604,26.45129965369964,81,0,Transportation and Aerospace,2,15.84996102146127
825,Nonadopter,86.20752350673027,55.28943355483598,-30.91808995189429,2.187568012414188,19.07261983768838,78.15287189082008,7.908081912376522,20,0,General Engineering,2,10.20834499489033
826,Adopter,129.3747315836098,171.6214325563359,42.24670097272602,12.01925592369825,28.1367588100642,58.95221385773681,12.36197520276392,35,0,General Engineering,8,11.45991918172488
827,Nonadopter,114.5437006834242,103.9690830214431,-10.57461766198118,12.84256561407159,128.1041418706216,58.26387830106971,9.083915834281351,39,0,Transportation and Aerospace,4,9.130622238526779
828,Nonadopter,69.78093554447976,55.70952170069187,-14.07141384378789,5.17629191872191,85.27871763138036,47.99908499336382,12.05501325866232,37,0,General Engineering,8,6.36153724139637
829,Nonadopter,83.14547887627836,108.5575569116169,25.41207803533851,7.174125520454326,49.14450208480496,51.66964212726898,9.613003167097128,49,1,Transportation and Aerospace,6,5.715413904748752
830,Nonadopter,91.70683339212579,92.07687692468699,.3700435325611977,3.771581318583677,13.42981998865908,61.86168588621042,10.89567538912886,21,0,Transportation and Aerospace,4,15.58609375770828
831,Nonadopter,70.93908723811123,36.68578200540024,-34.25330523271099,1.849315425104141,65.85724007743796,56.25742381191191,6.389067013563234,52,0,General Engineering,2,10.46475968015137
832,Adopter,105.182229017985,107.118953400203,1.93672438221806,8.558898632459574,32.3569606607032,59.18821230434294,30.06059282856278,87,0,Transportation and Aerospace,5,22.67182350066224
833,Adopter,93.84682129800213,130.4451436718378,36.59832237383564,3.820401837924785,18.35306265910669,67.32739794714728,10.72733309160153,52,0,General Engineering,2,9.806087794756239
834,Adopter,77.93410201500248,48.33953032391943,-29.59457169108305,4.417102953560731,120.8481200988086,69.41036343191385,11.85426240323084,81,1,Heavy Equipment,4,17.02157775323844
835,Adopter,96.221901671198,135.6177517224079,39.39585005120989,13.76806048880553,169.6351231795824,59.64119684355939,20.53433103017148,131,1,Heavy Equipment,9,11.01475407111455
836,Nonadopter,100.7224846766398,109.0044713274127,8.281986650772978,4.920709866178847,29.52445658618904,50.58840756893097,23.129201114669,65,0,Transportation and Aerospace,3,11.69286037472416
837,Nonadopter,72.56811819651267,99.59446917249933,27.02635097598666,.3446830088501632,30.45815344760693,60.51832897354644,2.036868346043517,24,0,General Engineering,3,14.28476998157839
838,Nonadopter,88.56512602554889,87.5665726098777,-.9985534156711964,1.267008555410433,28.11652399510241,44.01711449707781,9.602410273416744,45,0,Heavy Equipment,2,10.29884842090691
839,Nonadopter,76.86949053405186,85.90905626095456,9.039565726902694,.9487535802190836,35.54980472855739,50.6067627480361,13.65114206436612,15,0,General Engineering,1,8.736331567614512
840,Nonadopter,76.60757303592921,50.94328818913296,-25.66428484679624,3.503894301678075,37.32965290876259,45.96656004804643,12.62018093377474,27,0,General Engineering,1,6.097732785493752
841,Nonadopter,67.03907152971966,83.10533762014346,16.0662660904238,.7006455642251311,7.947201580496024,50.80388044655555,4.258480333342084,20,0,General Engineering,1,17.12552064675567
842,Nonadopter,50.69775706403151,34.8141115093425,-15.88364555468902,1.665725659072434,33.7675077802244,64.18279074609485,14.20210041760275,29,0,Heavy Equipment,2,6.376815322089248
843,Nonadopter,107.234524656322,141.5951249659642,34.36060030964227,.8340583248769717,54.91936052073765,36.718799896888,7.666918941104207,34,1,Transportation and Aerospace,5,15.78721751236647
844,Adopter,91.73660708029058,103.8772508422051,12.14064376191455,3.297333537688179,30.04567650127105,61.67689641494128,34.6329535777269,46,0,General Engineering,3,14.53488490869146
845,Adopter,125.0960394390939,148.8629055464768,23.76686610738288,7.109721587239425,150.6897238161619,77.80496310320646,28.83519384202841,114,0,General Engineering,10,14.92184067662209
846,Adopter,81.20655304948058,118.106138908337,36.89958585885641,3.846849832572039,96.71005735008706,39.90142374752439,19.41391894418539,76,0,General Engineering,5,16.43339620691111
847,Nonadopter,113.9915880812667,117.6525100780826,3.660921996815944,3.798096059849855,32.51432470229812,63.37111368313445,22.23842601356778,52,1,General Engineering,3,10.57293865777512
848,Adopter,83.2436664126752,106.1837541146131,22.9400877019379,5.784912019539395,60.87064698272415,62.16939855466173,13.47983860956183,93,0,General Engineering,4,20.68710619175283
849,Nonadopter,59.10971650925143,7.962095596628032,-51.1476209126234,2.331317037769173,40.83997248445654,56.52291630375905,13.46733332741051,31,0,General Engineering,2,4.254555728950971
850,Nonadopter,43.70381432178677,44.37172346116027,.6679091393734993,1.355320631253041,83.58379369667928,51.32495986916598,15.00145168776773,73,0,Transportation and Aerospace,2,21.5496749913798
851,Nonadopter,97.49511528478523,91.80109091690714,-5.694024367878086,12.95113790466812,45.12415924229666,63.62287735204509,20.4276941592404,55,1,General Engineering,8,17.23852028350575
852,Adopter,75.69880417761657,68.11450226336956,-7.584301914247007,4.914102910433303,46.33942332993846,54.67698249546662,5.926771782300765,49,0,General Engineering,1,15.95527150596368
853,Adopter,109.3190289457732,126.2193889975912,16.90036005181801,1.806618848756958,38.11705583053311,42.00575705917535,28.98788470612173,35,0,Transportation and Aerospace,2,7.252642134857265
854,Nonadopter,42.13046075480576,96.44869370879249,54.31823295398673,2.025739790776064,43.05468368948394,60.34362948280302,11.41754647998148,51,0,Transportation and Aerospace,4,16.39871718397692
855,Nonadopter,89.32953428724018,124.5599009376156,35.23036665037542,4.039700843634176,38.52588592312857,72.70797300652538,22.50671755507105,88,1,General Engineering,3,13.07492048851133
856,Nonadopter,99.74648631664053,87.49623735432439,-12.25024896231614,1.875220181256525,42.31505908700477,50.90356754536518,19.09826564615419,16,0,General Engineering,0,15.18817416071996
857,Adopter,47.22377456149353,65.30558674698736,18.08181218549383,5.509435533578806,60.3092971931825,43.75426765211989,25.05143952524432,122,0,General Engineering,6,20.67440468110834
858,Nonadopter,62.04390293181991,58.99361255651574,-3.050290375304172,4.952536594290203,48.82367826704062,49.42048222182135,21.28104641846699,49,0,General Engineering,3,18.90430596834288
859,Nonadopter,79.55640338544038,47.21900595169584,-32.33739743374453,6.320140312647852,63.97626743949253,61.0472960572534,11.87796226145658,74,0,General Engineering,2,14.94638369921213
860,Nonadopter,105.3730805849131,136.4259521005345,31.05287151562146,2.184508728095236,68.30223038550623,58.80223124308009,13.78594123806593,26,0,General Engineering,5,13.51435906646638
861,Adopter,43.66214565598536,60.45298579689486,16.7908401409095,4.575088964392097,79.40718294493423,57.60781236014842,26.56614537589769,94,0,General Engineering,6,13.72263424843982
862,Nonadopter,60.56481267349692,54.29999633871225,-6.264816334784662,2.693853658200719,56.22625381737341,52.07847255002862,11.82124481604594,23,0,General Engineering,4,4.663103239196552
863,Adopter,87.85707103247759,83.36686443832846,-4.490206594149129,1.407072941039584,52.79924467947714,64.54896911750471,16.96865377097149,53,0,Transportation and Aerospace,1,16.52413767050869
864,Nonadopter,78.13148513451161,120.8596490010569,42.72816386654527,16.02289123926485,71.029739120152,49.71686214873984,14.50663099095385,103,0,Transportation and Aerospace,6,9.155667234537678
865,Adopter,64.31373716392588,62.67941510997985,-1.634322053946029,2.601889129342409,44.88953304460318,59.46547483944258,14.2852238947455,59,0,General Engineering,5,15.12844082328
866,Nonadopter,56.2735719007169,28.4513359415181,-27.8222359591988,2.393410563214554,41.92414274988899,48.26945963549275,9.479447351709927,28,0,Transportation and Aerospace,3,10.36627965179358
867,Nonadopter,86.22670865024077,108.374987420712,22.14827877047119,2.662851658046464,24.98102944048672,70.67105157293283,14.42474134694302,21,0,General Engineering,3,16.95970049510127
868,Adopter,39.76802324769047,22.97795818884094,-16.79006505884954,3.680252077616552,89.57117356178422,47.82355292854332,23.04838986758095,71,0,Transportation and Aerospace,3,19.72733212840686
869,Adopter,73.19962912580601,60.28280257617175,-12.91682654963427,3.113981235349803,29.67305340831154,45.14970843727754,27.31605358076686,124,0,General Engineering,4,15.82242517529515
870,Nonadopter,72.68879938435923,63.27822335843248,-9.410576025926744,1.75646680833249,55.29009569580816,72.2884140617051,12.52255631376111,80,0,General Engineering,0,8.913701078339592
871,Nonadopter,105.4914190749162,121.5630119176623,16.07159284274603,4.376904310944176,43.10071315141771,51.61111531603392,14.45964978480314,53,0,General Engineering,3,7.84924443818292
872,Nonadopter,76.65439267588403,76.11996999827956,-.5344226776044678,3.25384363275596,85.5694173770766,59.64273428336269,12.92109851127675,36,0,General Engineering,3,15.2433970537246
873,Nonadopter,63.90024765994868,50.13033072788428,-13.7699169320644,2.723572387275035,28.37213340774056,26.14391176323198,8.173980207446716,49,0,General Engineering,3,18.14483016024562
874,Nonadopter,93.33127119306737,85.37082721997231,-7.960443973095053,2.259597074620043,25.64852332946801,75.61155074522526,12.9481015965764,38,0,General Engineering,2,12.68126453362076
875,Nonadopter,77.34061030541935,101.1388371974231,23.79822689200377,3.443626364396176,25.8759610853134,64.62447523953576,13.56424161366518,42,0,Transportation and Aerospace,3,9.95066502172492
876,Nonadopter,90.11570110713227,106.9124168473692,16.79671574023691,2.963297811615553,26.43729253134958,40.35163771945058,7.885942427564087,20,0,General Engineering,2,11.02987605295223
877,Adopter,99.79580745260479,182.9229713690365,83.12716391643174,4.71721425148105,132.1358242020943,73.06246436180049,33.16572619781569,184,0,General Engineering,3,18.36183295077567
878,Nonadopter,69.02358244447296,52.82493442570669,-16.19864801876627,3.56522926969033,21.04919755466285,30.28218551939462,19.19959641053212,33,0,General Engineering,2,11.55061454610756
879,Adopter,61.92521782806373,84.42847737149964,22.50325954343591,3.322559044106374,131.1963511511847,70.41107693641749,11.75101586628529,102,1,General Engineering,5,22.96156061010559
880,Adopter,79.62761388525421,53.44840332407442,-26.17921056117979,11.24688019665888,100.7818070477546,63.80732515076666,28.16094730437992,101,0,General Engineering,5,10.488671617918
881,Adopter,105.0308302834386,134.4689954593261,29.43816517588746,4.362180556438924,84.07005054339751,48.66616687576454,19.77627850591902,156,0,General Engineering,3,21.29283019878056
882,Nonadopter,124.8888488225186,157.7827852628168,32.89393644029818,6.286498533025408,21.96360070438754,63.06594177327497,30.81266210460053,50,1,General Engineering,5,17.30513572400697
883,Nonadopter,88.64154856653263,66.46094556112324,-22.1806030054094,5.436727590468708,41.17223769219125,44.71566511322653,28.63593743931286,58,0,General Engineering,3,14.64377166690393
884,Nonadopter,114.0708638754175,111.4287747344657,-2.642089140951853,3.504930988814093,62.72271654254965,52.65722783115393,33.72596138298318,66,0,General Engineering,3,20.50544464796679
885,Nonadopter,79.65436046188529,70.64012601862301,-9.014234443262282,2.243120487482384,20.85212572100813,61.55410143477923,25.8617992834023,71,0,General Engineering,7,19.68275064499735
886,Nonadopter,91.16539910278937,64.08324681623,-27.08215228655936,2.795210373386634,26.27849596816462,49.21949041903991,12.76441720464025,27,0,Heavy Equipment,5,8.481838396773657
887,Adopter,87.31255258664409,109.5391667127514,22.22661412610735,2.112121014921696,65.36730281649946,41.14173916396573,36.09269433387794,35,0,Transportation and Aerospace,4,12.46073305845785
888,Adopter,47.37728076051045,82.92236268100928,35.54508192049882,2.516037293649856,70.25879864647959,53.19976057357427,18.34114092355079,58,0,General Engineering,1,18.1624454307436
889,Nonadopter,78.56341457727683,76.25469824583156,-2.308716331445268,2.142834474564577,52.61078612219184,50.11840057865706,17.29414386276927,38,0,Transportation and Aerospace,5,13.10372267729367
890,Adopter,86.03072820074411,84.06764912998108,-1.96307907076303,14.45631661753527,77.25035440239054,50.69460437104849,46.76836133914433,96,0,Heavy Equipment,6,13.71721621646737
891,Nonadopter,74.12027893995811,88.20072697949379,14.08044803953568,1.144331689554904,48.3741026543145,59.70419760466579,17.40790521499601,109,0,Transportation and Aerospace,3,12.45186066344584
892,Nonadopter,45.33426769648802,26.70132101829717,-18.63294667819085,1.912359554259048,49.4871552346571,61.14642877791822,12.05424778678748,35,0,Transportation and Aerospace,1,11.30514467853935
893,Nonadopter,108.2342806176308,69.86851745352972,-38.36576316410112,.440709387883588,16.77885989987193,45.83824071857191,9.817897981859966,16,0,General Engineering,0,20.38300960484762
894,Adopter,89.34830020741592,134.2457265273656,44.89742631994969,7.549153937732548,100.6893284635663,66.6785667389909,26.84865630960443,139,0,Transportation and Aerospace,8,19.32946781765055
895,Adopter,93.17413779030211,97.58532663618945,4.411188845887338,6.621634373887537,29.11312347813133,45.27687424028682,37.42814356540031,46,0,General Engineering,3,17.25914083095332
896,Adopter,84.39714479120073,130.4754477869523,46.07830299575159,1.800016542611786,74.61939191699039,25.58605645158831,40.57313616309433,108,0,General Engineering,1,15.77742590241233
897,Nonadopter,112.9418159133652,131.9041852300832,18.96236931671805,1.337127974151037,5.518438674524708,59.05214430625998,13.84128499609514,72,1,General Engineering,3,15.67649094945133
898,Nonadopter,76.9313294344512,47.58066893090604,-29.35066050354516,1.501582038904472,63.11401170596982,65.454550634763,15.75123324332975,16,0,General Engineering,2,6.482919969980141
899,Adopter,44.81941114245244,80.16084123854779,35.34143009609535,3.086217268060228,62.2210483881704,60.08337439097585,12.62911339069854,66,0,General Engineering,3,24.49632968774159
900,Adopter,52.95643558457344,76.27752879522407,23.32109321065063,3.407822641970974,90.46857849981274,55.37517951010972,13.87286309172109,103,0,Heavy Equipment,3,17.79320250946103
901,Adopter,103.5522037814491,184.5409037112528,80.98869992980372,21.77367795222679,71.86268676787627,35.64362988244095,30.316102028196,150,0,General Engineering,9,17.87750923568517
902,Nonadopter,65.44621174089401,74.51859499106119,9.072383250167178,7.135915108223929,101.4909151398607,56.1688839880781,15.92865950558486,67,0,Transportation and Aerospace,7,15.29448735056645
903,Adopter,94.39107054754784,107.8015548222926,13.41048427474475,2.417662184303955,58.49103408366035,47.00287222121285,4.897904593966112,86,0,Transportation and Aerospace,6,18.23742703466181
904,Nonadopter,67.09297657268684,76.51749608159983,9.424519508912994,1.217861450292687,36.07417352921068,63.61297609131798,17.00116561202143,33,0,Transportation and Aerospace,4,12.61019898929598
905,Nonadopter,110.1863807572048,125.0948187143246,14.90843795711974,3.649443673904977,44.89003236891657,62.23831579933215,11.71875578925726,36,0,General Engineering,1,11.82325083379667
906,Adopter,95.68104303082744,112.0180682044852,16.33702517365775,5.18988128495293,54.72510551518278,63.18814104973024,28.30708251114743,85,1,General Engineering,4,8.920436319268857
907,Adopter,93.86814596867718,119.4256140377192,25.55746806904197,14.32771800510768,161.0088623869067,75.17772858223303,22.33939588786806,172,0,Transportation and Aerospace,7,21.87177391279965
908,Adopter,85.74493808251339,105.0272766312615,19.28233854874814,2.93410800266756,62.0355364733775,51.2750222302868,12.35198095760351,72,0,Heavy Equipment,5,16.68636044225391
909,Adopter,57.39655211384415,64.80494083759739,7.408388723753234,10.70383706302575,197.3611435930602,60.65003125531218,19.83251409108354,108,0,General Engineering,6,6.800281827678598
910,Nonadopter,80.20480646633948,35.32809723728437,-44.87670922905511,.5686382256023603,14.23036008539079,69.63201831901884,14.7701016986526,26,0,Transportation and Aerospace,0,7.183032868361523
911,Adopter,60.59573770749379,88.88080028949834,28.28506258200455,13.35376869592946,48.14515632336354,42.87496519252723,22.40501142699954,70,0,Transportation and Aerospace,8,17.72530774455373
912,Nonadopter,54.68003631008889,54.78532137617907,.1052850660901754,3.923374639779003,29.51343265136121,58.06636399106105,26.11061817907437,19,0,Transportation and Aerospace,6,13.72976042162795
913,Adopter,63.35152577413652,63.62547336336743,.2739475892309073,5.940243558166931,40.02781929611298,28.49503779923042,7.948508496165495,115,0,Transportation and Aerospace,3,12.42073858062123
914,Nonadopter,57.79943331994764,16.77045580546621,-41.02897751448143,2.022937920159812,57.33446503552663,53.97678727963167,10.68019043794272,29,1,General Engineering,2,12.90258451590697
915,Nonadopter,83.21225800921142,126.0853815343501,42.87312352513867,8.207408212935809,128.5204345657496,64.352288871041,32.03442990189832,49,1,General Engineering,2,16.04145960194261
916,Nonadopter,87.82015731909563,114.5530381301456,26.73288081104992,2.59350527345844,23.29899517081525,46.2769179969397,14.46419569845999,49,0,Transportation and Aerospace,1,15.1781409902119
917,Adopter,52.22855260779069,78.73729512053828,26.50874251274759,5.013264429062475,67.59460694567841,51.1626223563498,9.536405554968315,85,0,Transportation and Aerospace,5,15.19222891017283
918,Adopter,93.91682885713868,138.6679201570881,44.75109129994945,17.2228350276479,96.27565520458265,43.58954777854461,10.3618530584032,177,0,General Engineering,11,14.6431681664067
919,Adopter,106.7846737612396,142.0648594790204,35.28018571778072,18.50014718058141,88.95435175303476,62.12455816614706,25.37822899351466,173,0,General Engineering,7,15.73811811861059
920,Adopter,84.70271747011395,98.2588466744448,13.55612920433084,8.654593692634753,111.5491568583593,40.8413929875453,38.12531478078225,90,0,Transportation and Aerospace,7,11.70316176710766
921,Adopter,74.75252931128661,95.29087622028396,20.53834690899735,31.66281416630996,101.7977338219537,66.16217665904628,9.001878994742059,109,0,Heavy Equipment,20,22.27598787471816
922,Nonadopter,91.79382390877444,93.22092430618615,1.427100397411706,3.101012774754421,55.41570491155619,42.1244813120472,14.49058887321708,73,0,Transportation and Aerospace,5,15.46287191264212
923,Adopter,41.38582691322434,61.63011321128398,20.24428629805965,4.871327892735628,81.7657726797715,34.3869323785359,16.08294906475811,69,0,General Engineering,4,10.29236474253608
924,Nonadopter,60.18304616741325,50.95229355595973,-9.230752611453518,.8194268717245546,20.16064414807188,47.10241524256529,4.414768806873608,13,0,General Engineering,1,10.39139996812972
925,Nonadopter,72.98949798258414,99.56155270375938,26.57205472117523,6.40275420424597,126.3712931484295,68.61538252919115,26.71127918374412,39,0,Transportation and Aerospace,5,11.08632603025021
926,Adopter,98.50179031031763,92.14896139670611,-6.352828913611518,8.848527833126679,123.9241595672871,64.9246987902535,16.63091741559857,103,0,General Engineering,7,18.68729385729443
927,Nonadopter,88.92612974820614,77.35704556974069,-11.56908417846545,4.085271182280595,48.83040985980064,39.91695085785391,34.6796991271929,31,0,General Engineering,4,9.190557646451669
928,Adopter,96.89193704546838,145.4477943946425,48.55585734917415,1.345537623246536,113.2116349986032,56.0334844804595,8.422322858594148,113,0,General Engineering,7,24.61083864425945
929,Adopter,106.2111301711956,105.7350961410942,-.4760340301014025,1.392637735480425,33.27781221107546,47.18188091776351,18.01678864105161,44,1,General Engineering,0,16.51839324348208
930,Adopter,138.0905272869749,149.3802161867809,11.28968889980595,14.66781439429486,58.75382526552885,67.11237510111745,50.76967232224901,120,0,Transportation and Aerospace,7,12.03448245033932
931,Nonadopter,97.92097896455735,102.4631851511525,4.54220618659518,4.56349100008916,33.93004216842046,57.88411415728367,15.55234877425606,20,0,General Engineering,3,9.189183142404538
932,Nonadopter,67.44525493803128,95.8824854396631,28.43723050163182,5.003291830977383,47.35171797971112,38.39732474749171,11.03667267523062,45,0,General Engineering,5,15.44032549244364
933,Adopter,91.99310460520596,105.8262780730418,13.83317346783582,3.030462281432511,53.55712500778792,61.97510934788919,15.95498724736974,250,0,General Engineering,3,25.28822202574127
934,Adopter,70.55381044339578,71.5884671765135,1.034656733117728,5.828233040893752,101.3932347765153,66.76822306505628,20.72336733234893,119,0,Transportation and Aerospace,5,17.44713926548118
935,Adopter,54.8250512455524,71.29235715765626,16.46730591210385,.9842555375093314,36.68545992421559,65.23763823709363,12.59225970259813,95,0,General Engineering,3,21.06124269983188
936,Adopter,89.5354104491305,46.49513583485405,-43.04027461427644,4.238024707948464,36.48008308314731,45.19628265606288,12.77275176499348,50,0,Transportation and Aerospace,2,14.26239239175942
937,Adopter,104.3596971866719,129.2142776309549,24.85458044428306,14.72574885482711,104.2563806343706,63.70155605415609,23.82312213965112,77,0,General Engineering,8,14.1180864275571
938,Nonadopter,66.05617835214657,42.54613390189029,-23.51004445025629,1.179791557358417,66.85149601217547,33.82903302652354,6.981646738551201,35,0,Transportation and Aerospace,4,9.730665206730354
939,Nonadopter,70.39224185767166,34.03557833999679,-36.35666351767487,3.140819805616345,18.10670914030823,42.91450255226101,10.83335123392213,41,0,General Engineering,4,20.84616740084287
940,Adopter,70.50044870932308,40.40687540500574,-30.09357330431735,1.985313222183013,136.9552598794297,64.72963605696307,17.55494264208848,66,1,Transportation and Aerospace,7,12.30532711249613
941,Nonadopter,52.72925131061487,34.26129592267689,-18.46795538793798,1.019494270737827,32.36952331009068,52.67350228234105,14.76851490115875,27,0,General Engineering,2,20.55902885218577
942,Nonadopter,95.39111063220054,92.68739159172408,-2.703719040476457,15.31065630612718,117.9795850644292,63.11315465724914,33.21163337615652,44,0,Transportation and Aerospace,6,12.74952430436197
943,Nonadopter,42.8608879409358,28.77159384752212,-14.08929409341368,1.470915906683231,32.70147415197062,82.72994362196098,14.90413290476879,10,1,General Engineering,1,15.49801232519838
944,Adopter,54.61405447217477,106.8754208041183,52.26136633194351,2.898991566869563,131.9197755935059,54.3168833701799,17.4238855185448,100,1,General Engineering,4,21.38148487490228
945,Adopter,86.48641856578095,75.10770290006296,-11.37871566571799,7.462206617019465,83.18090831190158,54.02348200592883,17.82539281234115,57,0,General Engineering,5,8.726327396547275
946,Nonadopter,72.12211605294394,64.02395481344753,-8.098161239496406,3.057711927625248,43.08717821279352,66.19643666534103,8.133211524853383,76,1,Heavy Equipment,9,13.98171114748463
947,Adopter,83.87600063340258,111.6545095605418,27.77850892713923,4.607656472848024,68.12832757109143,66.4706464677961,14.50335137831918,100,0,Transportation and Aerospace,8,17.82044426774073
948,Adopter,91.07007158191831,102.6624562184445,11.59238463652616,6.133841397874273,135.1240912537145,53.7195516398632,17.43238149493533,76,0,General Engineering,6,10.65335105999873
949,Nonadopter,70.18517689728087,48.201917994417,-21.98325890286387,2.96219198748733,12.31583652091639,67.37293971143968,10.14326274848792,13,0,General Engineering,1,10.55244854577554
950,Nonadopter,37.73242209517299,27.02306264446867,-10.70935945070433,1.725718589073447,34.86317940685726,48.90319678741691,10.87531347650022,24,0,General Engineering,1,8.525137642357624
951,Adopter,50.87651919711448,51.59636323519369,.7198440380792093,2.472201467812613,86.87113458253715,41.12173371207699,11.69228508941352,59,0,General Engineering,1,10.82469175893914
952,Nonadopter,94.41902870460667,126.5856511700127,32.16662246540598,3.027933755386297,41.50571082291967,54.39568613000215,13.31387311565484,54,0,General Engineering,4,13.52537401374695
953,Adopter,105.4462292488151,176.354917976236,70.90868872742089,20.81853239393591,191.9505258568806,55.20527923927035,35.46398703336228,167,1,Transportation and Aerospace,8,11.77138227566028
954,Nonadopter,92.67109395059011,115.2490880296749,22.5779940790848,4.018351718080513,75.30807515233238,70.9843838110226,18.29344770676719,33,0,General Engineering,3,8.014717150011929
955,Nonadopter,79.07139082672649,74.70926543457087,-4.362125392155619,1.175336028766607,33.010184688971,44.8094984223855,8.055901769682038,47,0,General Engineering,5,11.9736463647463
956,Nonadopter,24.28084150877534,28.2529670846935,3.972125575918163,3.156830660365978,35.0733064790545,49.17508055659926,11.58197132413633,48,0,General Engineering,1,3.477063726251243
957,Adopter,80.09934437260583,82.50117496793405,2.401830595328221,6.893517274893016,80.39190331672312,71.67443976769154,14.2227400147018,80,0,General Engineering,6,17.0140867144557
958,Nonadopter,64.72667282540291,56.63179399424026,-8.094878831162653,3.753963250786792,12.88885883281075,53.14967278554015,9.303723024814861,8,0,Heavy Equipment,3,7.84950547409761
959,Adopter,62.35803659790478,119.7736334651694,57.41559686726463,6.918729630416541,59.52958926996462,73.1496749555554,12.62449675353799,94,0,General Engineering,4,17.56630616889756
960,Nonadopter,108.5749211049405,132.7471692110232,24.17224810608271,8.084311595088467,79.43264831471653,74.79002872197532,10.66893397252275,29,0,Transportation and Aerospace,3,13.45847093335958
961,Nonadopter,161.2167425069628,196.5184105549405,35.3016680479777,43.02752368622561,118.5038841005579,60.49284342953172,61.53059263517636,141,0,Transportation and Aerospace,22,20.75037863660442
962,Nonadopter,90.0572622011525,64.96999833239292,-25.08726386875958,3.411814962208669,9.804420346037542,45.99970756267994,7.83301015721135,43,0,Transportation and Aerospace,5,12.92581728699941
963,Nonadopter,74.31403363046569,51.55932701638817,-22.75470661407752,5.126343342774942,68.44055462775154,52.18339410432302,13.32134977691861,55,0,Transportation and Aerospace,7,16.2724217755487
964,Nonadopter,92.50228688617155,105.2496895465807,12.74740266040918,3.223571225195197,40.2071756203302,55.9471543776523,12.79933322410383,33,0,Transportation and Aerospace,2,12.17767002419171
965,Adopter,78.442640245972,145.4076590782063,66.96501883223428,3.876027219840566,115.1621346344252,29.55577809271792,19.36977815512923,69,1,Heavy Equipment,2,22.18094827102251
966,Nonadopter,39.68512634274873,34.28506121065623,-5.4000651320925,2.296242080667043,78.07370690251668,67.98044459192658,7.225762499336009,46,0,Heavy Equipment,6,13.56363201536684
967,Adopter,88.86618914543708,100.895034042034,12.02884489659691,12.19728087021785,102.4361068212091,74.21131662449289,20.64969918290325,60,0,General Engineering,7,7.376109517067421
968,Adopter,67.52512985693382,127.4761692984789,59.95103944154511,5.311462118354426,23.62927735663518,54.73596084442615,10.58276264019281,101,0,Heavy Equipment,6,16.66427890409006
969,Adopter,81.19986186796548,92.31483003003869,11.11496816207321,2.358300910778431,33.05107814599237,56.10036544996163,18.74153596870594,84,0,Transportation and Aerospace,2,10.27357283453731
970,Nonadopter,117.8731972562718,120.0299323235057,2.156735067233939,4.945331099219291,86.04960306546579,54.88424925669231,24.54209893825868,12,0,Heavy Equipment,2,17.43660453142686
971,Nonadopter,69.85980832785729,49.76577181879345,-20.09403650906384,9.985831493388348,33.63978034897409,40.68582180373271,22.6227368035254,29,1,Heavy Equipment,10,12.81858852110346
972,Nonadopter,58.59686788328776,53.72363566075418,-4.873232222533574,1.362436877185051,76.41973702432811,63.46130190695721,18.49812350301058,43,0,Transportation and Aerospace,1,12.33575026663885
973,Adopter,113.3148047659872,186.1747926296018,72.85998786361458,12.02706793807333,69.66458811544376,46.29091319563273,69.15532053103071,89,0,General Engineering,4,16.68176687025442
974,Nonadopter,109.9775605725518,102.1248503082438,-7.852710264308001,27.70739850754149,64.32809925671775,68.19099460760481,18.32571060540925,31,0,General Engineering,16,10.94305852829589
975,Nonadopter,97.93507170665433,100.4378799254555,2.502808218801164,1.712205047339529,48.62938196577296,55.22741760628109,34.45711047328013,58,0,General Engineering,5,12.82093607171494
976,Adopter,110.6280561411704,114.0860902785122,3.458034137341855,6.92615290501256,93.9843173864657,56.34942652437257,10.03054972011767,73,0,General Engineering,6,14.73625565482093
977,Adopter,114.505615441881,181.1846416639255,66.67902622204454,14.67275129802631,97.56480433246738,63.5376027370344,46.53178674361482,119,0,Transportation and Aerospace,4,18.60602706529692
978,Nonadopter,99.59275363832448,110.212848516475,10.62009487815057,18.97095314778148,49.51736546588795,58.30897894811057,35.20793232876559,80,0,General Engineering,10,12.95506275353396
979,Adopter,126.0756642504257,127.9680105194364,1.892346269010702,9.200099288057212,117.3098528538377,63.48609282869657,45.34874621905116,68,1,Transportation and Aerospace,6,8.305196015809038
980,Adopter,72.52511921538385,100.7973942459582,28.27227503057432,2.928358597958209,36.25101987913969,57.56844834913934,12.96163789973583,107,0,General Engineering,2,21.70573685854697
981,Nonadopter,74.81903576934774,91.59203116351145,16.77299539416371,2.920984131746273,119.1936007033157,55.78591936017401,6.784140542540454,91,0,Heavy Equipment,2,16.85013992128814
982,Adopter,119.6414111367969,124.7795885522837,5.138177415486837,9.350940039080921,97.74728674305025,63.10294620858467,9.603314153166499,68,0,Transportation and Aerospace,6,20.21063574516216
983,Adopter,70.97813455572211,91.14254743624431,20.16441288052221,1.749261174180983,21.33567841112993,46.04855327065022,22.18590948258521,76,0,General Engineering,4,10.49935727990555
984,Nonadopter,72.87104259712132,98.53864882981671,25.66760623269539,2.479375919558305,32.01317520790831,58.11259682280433,3.137898372217492,106,0,General Engineering,2,12.67285809832673
985,Nonadopter,82.27021905314054,103.9212615468164,21.65104249367589,3.887227619072823,19.06287473815433,61.49419507635736,15.1445699760067,46,0,General Engineering,3,12.82222323187931
986,Nonadopter,86.29518771340391,96.2454074366441,9.950219723240195,3.54443924570796,102.967873021509,42.03598921391094,18.74389181746258,36,0,General Engineering,3,15.53782118310405
987,Adopter,104.8166838291173,141.089054804788,36.27237097567068,6.356946526413885,89.33892355466801,65.75086991327245,23.31783901833914,293,0,Transportation and Aerospace,1,28.40742611200834
988,Adopter,108.330396423702,69.9693244373704,-38.36107198633155,2.359863604611972,29.25162922554117,66.92579674418667,11.27603005443546,43,0,General Engineering,1,3.314151536013068
989,Nonadopter,53.07736670219298,36.83178437672318,-16.2455823254698,2.647735957543301,29.57804093904445,37.6595577229601,4.957290644442415,21,0,General Engineering,3,13.11981635718316
990,Nonadopter,99.56856585105334,59.82710706612006,-39.74145878493328,4.080372569460694,19.83683010424657,37.6536954404022,7.036827852479094,17,0,General Engineering,5,6.343486548057642
991,Nonadopter,72.96600385871625,57.51515526032119,-15.45084859839505,4.869073313050946,29.53467874570333,51.48215556099503,8.352655522727902,86,0,General Engineering,5,8.25917225663262
992,Nonadopter,79.35396019381751,91.74102192733625,12.38706173351873,11.2152692423536,63.25162425452,57.12342151054195,45.6373782367092,83,0,Transportation and Aerospace,4,20.3268090772665
993,Nonadopter,101.5612863723268,90.13115853835939,-11.43012783396738,3.480612186007298,34.80411556539751,67.34351080065716,13.85103600151961,36,0,Transportation and Aerospace,4,12.64554217245079
994,Nonadopter,71.6563356905958,37.71037760759724,-33.94595808299856,1.3365756002503,33.19335673246251,69.06131287867689,15.9286258048486,45,0,General Engineering,5,15.30506815031689
995,Nonadopter,99.88997201869462,88.00653009610934,-11.88344192258528,2.75083026333568,49.44011554307487,80.18463908764934,11.40879845336096,84,0,Heavy Equipment,4,10.67336280312861
996,Nonadopter,76.53353525750127,70.30162946253076,-6.231905794970515,5.008554478967316,112.3737117883125,50.23307323436405,15.27297725802622,108,0,Transportation and Aerospace,6,26.66727027129329
997,Adopter,68.32415043722104,91.19210888527553,22.86795844805449,1.506068571262713,64.23374463438569,58.81895096905207,9.668442487976682,76,1,Transportation and Aerospace,1,12.86031860161122
998,Nonadopter,102.0008877362974,148.1486982644696,46.14781052817223,11.48393189540664,64.11052234004984,31.44426881722481,29.40061232910057,34,0,Transportation and Aerospace,8,3.421977027776373
999,Nonadopter,97.93063927667949,154.837721562599,56.90708228591954,6.760824489020766,43.16153726869208,41.74362190726008,17.07293126835144,129,0,General Engineering,6,20.8627969799011
1000,Adopter,110.1311414425639,118.5395700482472,8.408428605683241,4.585152019143329,96.47113072166809,58.21593478960848,20.22579803733783,106,1,Transportation and Aerospace,3,14.39189614450722
1001,Nonadopter,94.74006110725517,95.47492565426624,.7348645470110711,4.333767979139619,35.40579592807255,53.09714863207525,24.09611645803853,27,1,Heavy Equipment,6,11.89883320643507
1002,Adopter,71.7414738558784,89.53417550774383,17.79270165186543,7.600547353246323,57.63539540833151,69.18199045357576,19.70721218430674,94,1,Heavy Equipment,6,17.631988478163
1003,Adopter,77.78734219358979,87.36127688968357,9.573934696093772,4.574586473204096,91.43580397451701,70.34073636990848,6.87825328637722,33,0,General Engineering,5,11.53263446843848
1004,Nonadopter,101.7254451033542,65.40540766556109,-36.32003743779308,4.071983106924738,51.30475736719602,43.41483063381099,22.92155063335851,49,0,Heavy Equipment,2,17.96648790841881
1005,Adopter,109.8135888080011,116.4061780108972,6.592589202896079,3.364927596605777,42.21509123395339,62.94737400423186,5.933529622537509,55,0,Transportation and Aerospace,1,12.49488962832239
1006,Nonadopter,66.23912580321883,108.2845415633456,42.04541576012682,1.871669441579629,40.78606268928799,49.09962500357909,10.37023467354763,46,0,General Engineering,4,15.51729678305427
1007,Nonadopter,47.50667276385688,53.22594376101113,5.719270997154247,4.952545001224919,25.09863882146794,49.65648410810643,7.945041879075993,20,0,General Engineering,3,10.40878254354674
1008,Nonadopter,53.01347363812911,49.19296787121533,-3.820505766913783,4.613480824377525,23.14686836659897,65.46807929005816,15.07745948724939,16,0,General Engineering,4,15.01229780628092
1009,Nonadopter,60.15173925072204,54.61269399518088,-5.539045255541161,2.084838647294408,44.59244103936422,62.3388101836232,20.09410484834377,58,0,Heavy Equipment,4,15.99407207071742
1010,Adopter,104.9853686588652,115.8784125929645,10.89304393409927,12.49594778405913,180.9417090370439,54.00910600105654,14.54947239585913,89,0,General Engineering,11,15.95434709500752
1011,Adopter,40.98724498207636,63.55467368284894,22.56742870077258,5.419624810441312,110.5005413177019,52.59747045462424,15.8569009079361,38,0,General Engineering,3,24.99569053966313
1012,Adopter,89.32373708748122,79.9507677599231,-9.372969327558124,3.10549412526557,38.97131663069646,51.28334489311128,11.55662555985352,35,0,General Engineering,4,12.79372727272604
1013,Nonadopter,94.08385965164533,129.9489400522249,35.86508040057959,4.03372228161008,78.13106634669653,75.82968823759144,17.07971978296467,119,0,Transportation and Aerospace,5,18.83748249087864
1014,Nonadopter,61.83899594284355,57.16564649459242,-4.67334944825113,9.043016802154524,71.11410738916778,59.96468866654074,24.61050126350149,58,0,General Engineering,5,8.940936095214816
1015,Adopter,60.99154766412529,101.8939412973562,40.90239363323086,4.049593429111742,74.95332750488299,51.88090530665532,19.05425714715657,142,0,Transportation and Aerospace,3,20.45248998338058
1016,Nonadopter,63.62143428385063,67.03043879057059,3.409004506719953,2.463326018225386,18.68743367087154,49.27150416009269,16.22630841707899,18,0,General Engineering,2,3.460509070226124
1017,Adopter,68.54194890416102,84.83924980849956,16.29730090433854,3.038789598877321,93.30816484443444,45.86966273161687,18.92923221669191,121,0,General Engineering,3,16.47171486083845
1018,Nonadopter,70.55847954270327,62.34834285574337,-8.210136686959899,2.703026045355233,35.0891376383699,42.4131999822328,6.154828630136564,45,0,General Engineering,6,13.59351313886014
1019,Nonadopter,101.1474754371822,55.72607171726678,-45.42140371991538,6.248889535097694,112.197808002286,61.29016727958894,26.42191003449257,55,0,Heavy Equipment,5,11.4536632640017
1020,Nonadopter,61.12841354528118,55.17436805654518,-5.954045488736,4.495123699538196,91.49417364452709,51.76267887445388,31.38113190087092,45,0,General Engineering,1,17.72757996352235
1021,Adopter,95.70558500034174,102.2772462958651,6.571661295523356,7.270385294555458,127.3198819018356,68.30845439884975,30.65155704225387,116,0,Heavy Equipment,5,16.82747103479188
1022,Nonadopter,82.91268803224165,69.56681334820112,-13.34587468404052,1.151122839871185,35.90082281954274,66.1209763151265,6.218413128684007,69,0,General Engineering,3,12.27337043075294
1023,Nonadopter,71.72461534396032,76.00548174369982,4.280866399739494,4.65818451365188,59.7670546090318,35.6496574173271,13.0694559917487,95,0,General Engineering,5,11.56037618411396
1024,Adopter,127.5839276452544,152.2331027755726,24.64917513031821,6.852534237391593,133.1891407274524,41.82043029426508,22.0786012437481,33,0,General Engineering,1,10.93849626041379
1025,Adopter,92.8900703303413,93.03095479143785,.1408844610965474,3.078762137876793,60.4730875082039,50.42195172114414,20.45450259502788,191,0,General Engineering,2,14.59414083228278
1026,Nonadopter,105.7483982944751,104.6226186686133,-1.125779625861838,7.30962305528762,29.63987565776153,33.36170574576399,27.60157380531887,79,0,General Engineering,5,11.69418224896065
1027,Nonadopter,61.98795250114376,36.58710888127023,-25.40084361987353,4.418361645285479,122.8270577459516,59.36359675525732,9.819829472702853,28,0,General Engineering,0,12.68899528108035
1028,Nonadopter,62.92674647019007,14.78328480758236,-48.14346166260771,3.619031950259708,77.60828072014195,36.27638372112415,18.60723205443004,52,0,Heavy Equipment,2,9.755493472992212
1029,Nonadopter,55.5307063183127,39.18441751345573,-16.34628880485698,4.586188379853446,39.03851458229364,49.67479307346953,17.11764792604884,58,0,General Engineering,6,14.64263153676036
1030,Adopter,91.63739459710769,114.3833590677448,22.74596447063712,9.258788358693714,59.72490628290285,67.83132315416495,21.44869329901156,183,0,General Engineering,4,26.04133140907354
1031,Adopter,66.22175523987477,90.40358906602944,24.18183382615467,7.461215532527116,163.0790662841654,60.40686067147929,16.67332254001888,56,0,General Engineering,7,15.23560881123408
1032,Adopter,90.93413790329119,133.3302447951939,42.3961068919027,9.150823017278537,353.2956966972619,45.66860055054327,26.15627777026511,114,0,Heavy Equipment,5,13.37133325011574
1033,Nonadopter,72.53765747078903,115.1029795061258,42.56532203533682,4.734338014153499,9.130355285104029,59.64250060699565,16.45123054312496,85,1,General Engineering,5,17.80559290916364
1034,Adopter,78.6057244319974,136.9522958688881,58.34657143689068,2.578244542264045,114.4085481434563,87.54089789402107,25.21609622319289,126,0,General Engineering,2,21.08994145373734
1035,Adopter,68.1151614468527,57.72690958593231,-10.38825186092038,5.894125830016653,41.14772393650234,66.90749731631671,34.34942559767767,89,0,General Engineering,2,4.110381685938325
1036,Adopter,114.2170255578057,136.175319186779,21.95829362897324,6.557654267440113,123.2825454593392,59.99930257020745,21.46837822343505,65,0,Transportation and Aerospace,7,18.17305147031021
1037,Nonadopter,80.14495723668263,47.82290402904869,-32.32205320763394,3.568888506395659,32.97729158766822,56.74341532141317,11.32240403602174,59,0,General Engineering,4,14.67015586877359
1038,Adopter,61.33023605852379,88.66120137063301,27.33096531210922,1.319067685317215,86.48023636687782,38.6962138001693,16.305973120422,155,0,Transportation and Aerospace,1,25.69171461899181
1039,Nonadopter,79.79022941351323,64.25972196058284,-15.53050745293039,2.103803438821637,44.65382279057514,60.77557055619842,39.08486012485567,33,0,General Engineering,2,17.41894194028469
1040,Nonadopter,66.70204018364512,66.18392992386492,-.518110259780201,5.602169391930136,36.44651573326508,48.86310444444823,12.54094293965645,81,1,General Engineering,4,13.71873331018721
1041,Nonadopter,60.98689569275065,73.74377555298335,12.7568798602327,1.673793476232059,24.7452501449439,44.78579121817113,17.83929507806811,46,0,Heavy Equipment,1,16.60649921788128
1042,Nonadopter,76.04021052619342,95.19120920869233,19.15099868249891,.5635047544969465,19.21717483382323,56.4980245513001,9.794066870401512,54,0,General Engineering,0,7.888691977534886
1043,Adopter,118.7096820429084,189.966628538139,71.25694649523066,18.72634651369405,148.5076926208775,59.10965562374322,27.87472067086539,30,0,Transportation and Aerospace,11,16.22866286654299
1044,Nonadopter,76.53219679258649,108.4094980789809,31.87730128639441,7.40807650727344,28.77881291652763,40.31284212671667,15.96439926096744,43,0,General Engineering,6,8.128675388880527
1045,Adopter,63.45860828706022,123.9145180304899,60.45590974342964,8.573407570904694,65.21362968136522,63.28487361617888,10.0026729227217,100,0,General Engineering,8,11.3360820407806
1046,Nonadopter,124.855662262995,132.8804231692336,8.024760906238598,1.315998472674652,24.41431341731107,45.94526152920327,13.29228452814827,69,0,General Engineering,3,9.118578105116796
1047,Adopter,80.01060745846382,109.2982816202023,29.28767416173849,1.263734913564118,37.0803462129796,79.03737176943544,23.80975462962146,33,0,Transportation and Aerospace,2,13.75917824755042
1048,Adopter,104.7871275748959,120.6047073440697,15.81757976917378,2.762324480429906,32.45174375791687,73.95004776983157,27.35277732991358,25,0,Transportation and Aerospace,3,14.43178229153529
1049,Adopter,82.89311515413559,124.1151327569905,41.2220176028549,4.419719117585792,69.0040191452695,67.54193795887039,22.53493239425045,71,0,General Engineering,4,13.78464370049937
1050,Nonadopter,87.12848528545776,161.371455652239,74.24297036678125,9.560023521075513,45.00204955308379,45.06178630092754,9.899338741376949,70,0,Transportation and Aerospace,7,16.37522092170002
1051,Nonadopter,87.53200142566749,64.84901588132685,-22.68298554434064,2.826217372163492,114.0090725001,41.18770882107063,17.57313863692928,35,0,General Engineering,6,11.03285750465657
1052,Nonadopter,72.52071788630754,67.78857726104857,-4.732140625258964,1.06616189483605,62.05336693527723,48.00926646077377,8.77843673461121,29,0,General Engineering,3,15.9413462085352
1053,Nonadopter,62.66896017206524,36.77819289687405,-25.89076727519119,.7432083624217182,18.1947205571842,77.63660518968689,12.20198663381889,21,0,General Engineering,2,18.15595541632001
1054,Nonadopter,76.41655604538681,66.16013164336957,-10.25642440201725,9.802045629371856,34.32638430539715,51.65076372382842,10.9393527231352,27,0,Transportation and Aerospace,9,5.481909279895225
1055,Nonadopter,56.91202825866157,65.60184382379944,8.68981556513787,2.926665714770759,125.5548243921502,61.11143238614687,10.74629457821383,24,0,General Engineering,2,6.795778795445994
1056,Adopter,70.18282000440547,82.53502663404205,12.35220662963658,5.333912501775933,61.11915603868967,39.68579008916933,11.20308205193392,53,0,General Engineering,1,11.78285798307194
1057,Adopter,104.2925125533945,149.4985777201883,45.20606516679375,23.02779789703736,100.0305289868034,55.13774047696474,20.70480369749463,84,0,Transportation and Aerospace,8,9.280117523459712
1058,Adopter,74.55057517849117,124.8480731862248,50.29749800773358,3.16445832379267,139.6186758312869,52.88973394520796,10.33913825057519,153,0,Transportation and Aerospace,4,19.70592269351144
1059,Nonadopter,47.01589282729673,57.5100915933833,10.49419876608657,1.585766496003449,40.88416298262119,38.12608417461492,5.487333006819493,44,0,Heavy Equipment,3,9.04131007374583
1060,Nonadopter,60.82664306480129,62.77209186486213,1.945448800060845,4.96071503136323,101.6818209875674,64.21325916241247,19.09186375988518,65,1,General Engineering,4,11.55321330978112
1061,Nonadopter,63.38783247945814,54.08134427248976,-9.306488206968382,2.929806812849172,29.10901398408414,55.58295846842892,13.69905575499746,107,1,General Engineering,4,13.13651245215196
1062,Nonadopter,95.10514480315479,100.4464629094591,5.341318106304271,9.862802496166562,89.35255837549275,53.89395213951017,9.730589795949809,32,0,General Engineering,5,12.56420126990264
1063,Adopter,73.94242381606553,81.7311392724793,7.788715456413769,2.476317760637918,66.47945078629306,52.0563528870171,32.40928416175777,47,0,General Engineering,6,10.0040558613341
1064,Adopter,73.16785579156216,87.1381067427816,13.97025095121944,1.346818591859713,37.65488318727124,45.11411186216773,16.87501275547712,86,1,Transportation and Aerospace,5,13.32101336763222
1065,Nonadopter,82.32004874032948,107.6543083380109,25.33425959768144,5.998798500461472,48.55729996985482,53.14076657693236,19.63724815757184,54,0,General Engineering,4,17.58736517541161
1066,Nonadopter,95.95902488321656,108.1904350124579,12.23141012924138,1.217050509279076,28.15331030416562,55.64799633060408,14.09554358455588,32,0,Transportation and Aerospace,3,11.66610751462856
1067,Nonadopter,101.0976881280985,123.2287502988693,22.13106217077083,4.005651042253127,77.98184586083669,54.48158277122837,13.68920235240705,41,0,Transportation and Aerospace,2,17.42117179798426
1068,Nonadopter,89.58747013333482,70.79924867983905,-18.78822145349577,2.394166495137938,40.72274380085244,67.24895788129837,15.49876149607178,41,0,General Engineering,2,16.53339681813316
1069,Nonadopter,41.48240985202719,5.322615156194843,-36.15979469583235,2.685789287824513,68.35492780998865,50.29221278530299,10.11724012237307,40,0,General Engineering,1,19.8707271294174
1070,Nonadopter,76.41711063886932,49.8390780751138,-26.57803256375551,2.215964891938675,17.4323436248608,86.03410253259278,15.00394443725378,33,0,General Engineering,5,12.90033366071106
1071,Nonadopter,97.30444585332188,88.79298995829474,-8.51145589502714,4.656503495009489,9.429575865584939,56.16621037559129,22.29888091619216,39,0,General Engineering,1,17.40428384388154
1072,Nonadopter,44.54721093546395,5.733359114089275,-38.81385182137468,2.019823780505604,35.78640689880847,47.25505205539368,9.136193818758191,23,0,Transportation and Aerospace,3,9.611044750841796
1073,Nonadopter,106.9323799671956,136.7817175797174,29.84933761252181,22.12823491716892,121.6481824760544,56.40292752261893,26.23070568077252,88,0,Heavy Equipment,12,15.00276905753613
1074,Adopter,75.12141948861868,109.1325028456035,34.01108335698477,4.771967339961928,70.5977897834304,42.98429601690972,21.60688838558763,88,0,General Engineering,6,17.08413369455766
1075,Adopter,54.94657136800225,113.1949540226431,58.24838265464088,7.523289134348762,94.78661866176496,65.31099312681447,15.63817346714711,65,0,Transportation and Aerospace,6,24.37904707768807
1076,Adopter,53.04509596809479,81.6893194512364,28.64422348314161,.7022352661589337,72.69127662550171,63.4155141114407,9.920713875167612,45,0,Transportation and Aerospace,6,9.286934561001559
1077,Nonadopter,91.84039671158345,63.46863209963726,-28.37176461194619,1.825209477356309,62.3922374961513,31.41325889588036,11.98479358568306,14,0,General Engineering,2,14.13600131202199
1078,Adopter,51.0416105655727,43.4613201503299,-7.5802904152428,2.431433909793346,96.94737295619231,65.33236503314154,12.44185648096027,44,0,Heavy Equipment,3,11.28558693492831
1079,Nonadopter,83.3360419178116,97.32894992272132,13.99290800490972,1.529067481269923,46.01521519402069,37.96643012980216,10.3210431644601,70,0,General Engineering,2,10.95037545232051
1080,Nonadopter,106.245103808405,84.48775937032757,-21.75734443807741,.6398090961739312,17.19424273423805,57.0640256595758,16.87222551915947,46,0,General Engineering,1,12.89909267614861
1081,Nonadopter,59.34862274475941,50.47785066718112,-8.870772077578295,4.031601232434673,36.03309024528541,60.83695657850245,11.6791774813899,57,1,General Engineering,4,19.56325352009809
1082,Adopter,63.68955277862678,60.66441226053816,-3.02514051808862,12.33258632813201,50.64719480201955,45.17801313272932,17.73685432831861,65,0,Transportation and Aerospace,8,13.93593939638821
1083,Adopter,98.12323220358873,97.89616308596801,-.2270691176207151,.859618494240708,94.71695610041748,59.60502778228518,9.538464991063615,40,0,Transportation and Aerospace,2,21.70871228828204
1084,Adopter,86.5781680438155,122.8949207483654,36.31675270454994,3.104177769608964,45.78978397448351,50.39201905695028,17.39385128919858,82,0,General Engineering,1,16.01814919334719
1085,Nonadopter,32.26769361265147,6.667626628622131,-25.60006698402934,2.108656389106863,19.9144246855451,72.14376355221886,16.9032627148796,23,0,Heavy Equipment,4,15.69948483396296
1086,Adopter,74.91646329498461,105.2530010234392,30.33653772845456,2.490623214939978,62.81965034450246,45.61182130282979,8.305280728616882,77,0,Transportation and Aerospace,7,13.66842269229448
1087,Nonadopter,71.71365476714156,53.48510017531818,-18.22855459182338,3.540212087775517,82.21675996628507,76.38979319377695,34.10788867721055,86,0,General Engineering,4,12.72968940661961
1088,Adopter,33.57250251965206,0,-33.57250251965206,.9022623984348729,24.17938025879927,47.07293605502424,8.507595805600255,81,0,General Engineering,1,16.55651748117096
1089,Nonadopter,63.86092266781854,34.56192897624736,-29.29899369157118,3.062724046592249,28.87328401587197,41.74928408163439,15.05247499699082,44,0,General Engineering,7,15.63652727951373
1090,Adopter,101.5506773477759,107.5885723192453,6.037894971469328,6.051234627146735,144.2282413763051,68.6092927755961,12.2640677618558,77,1,Heavy Equipment,3,22.82646814116503
1091,Nonadopter,85.27773862068257,88.0460275515029,2.768288930820333,3.472264743641874,19.70816982867847,58.41323076808702,36.2779301081999,53,0,Transportation and Aerospace,3,20.35260053068268
1092,Adopter,94.54765569379056,163.239307982853,68.69165228906245,17.08309113836819,321.1752283826203,39.8137441277053,21.899695070738,280,0,General Engineering,4,22.6093896666796
1093,Nonadopter,77.6137963459973,83.75420662602805,6.14041028003075,2.763668444365992,20.19322439031539,74.8100202560928,10.77621888712043,73,1,General Engineering,7,15.51279976741781
1094,Adopter,124.5961855182114,185.0162504773888,60.42006495917741,17.18057873634082,336.1525906968038,36.12536852143398,8.062231400701842,134,0,Transportation and Aerospace,10,18.0773273278082
1095,Nonadopter,52.28857262960298,13.728478954614,-38.56009367498898,2.607212369587129,46.9883243126072,78.54938014561013,11.09564286594962,109,0,General Engineering,2,15.4771318569354
1096,Adopter,81.68911578333169,58.06343479352527,-23.62568098980641,2.259061954508715,124.9211819029495,57.53988330553062,16.35812602278822,58,0,General Engineering,2,13.91777917407755
1097,Nonadopter,50.70398541759913,31.65685350447526,-19.04713191312387,6.936183429461646,53.56789485319223,54.79932511688376,15.9873795514641,82,1,General Engineering,6,13.37559492358929
1098,Nonadopter,128.8266575343357,147.0662053101241,18.2395477757884,8.021617627496347,28.13961338353259,37.14377506929555,31.79209366122643,66,0,General Engineering,6,11.01628367738067
1099,Nonadopter,50.04533863272342,5.286031157751246,-44.75930747497218,.6667352397123848,20.21479231050188,43.52930008743536,7.662594059648159,14,0,Heavy Equipment,3,11.6230944612834
1100,Adopter,63.69780456029724,51.93758531281345,-11.76021924748379,1.120009059740253,138.6081851206781,59.04293138833536,15.66341336334497,122,0,General Engineering,4,16.76128864729075
1101,Adopter,102.0889700770962,132.024473885457,29.93550380836075,7.238574255514314,66.8983644167656,68.07235912334161,8.067593637659698,67,0,Heavy Equipment,8,13.68615874851509
1102,Adopter,116.6054554337911,178.8615223239011,62.25606689011006,6.769751826794193,75.50662765044301,51.96483337958196,38.52177302695131,79,1,General Engineering,5,15.68367641529546
1103,Adopter,113.439953235165,122.1376235016826,8.697670266517534,10.34210788583801,90.87160993773333,57.19256164869277,34.86660589763483,42,0,General Engineering,9,7.913317439773823
1104,Nonadopter,81.41101145098737,83.14583125722901,1.734819806241632,5.867137790609839,117.3018993005882,60.72245246934555,21.28517710906189,53,1,General Engineering,8,16.20031921875965
1105,Adopter,92.74104769841193,97.90737992737694,5.166332228965004,7.628157616015461,32.7273459241423,80.41257413891068,10.28100762685291,86,1,Transportation and Aerospace,2,15.18078877542519
1106,Nonadopter,96.46864396761806,123.6850202603376,27.21637629271952,7.511769242451752,20.75236081957826,50.70254462228499,18.01759272435308,20,0,Transportation and Aerospace,7,12.80251827714318
1107,Adopter,150.3495431754157,131.9929215606044,-18.35662161481133,2.070494150296204,58.9028848142232,53.03669145007822,41.90224870872465,76,0,General Engineering,2,14.16444168471109
1108,Nonadopter,69.53613427423835,67.46323497215585,-2.072899302082504,2.390410017211823,60.21475629742277,25.48300985212084,13.06261673109231,82,0,General Engineering,3,11.23477851858334
1109,Adopter,77.64466171842793,123.2443346652732,45.59967294684529,1.88036798029252,92.81013854880695,47.25200626279972,29.91047373827651,168,0,General Engineering,2,14.1608608554303
1110,Adopter,69.86995793859425,108.1249096681944,38.25495172960019,1.830780249590962,171.2803242593759,55.37112955972736,4.517134047206895,72,0,Transportation and Aerospace,4,13.58616240847227
1111,Nonadopter,97.18350493209702,86.63816951016065,-10.54533542193637,8.862671264488405,42.9794782812454,53.53234366681973,32.75544920219617,104,0,Transportation and Aerospace,5,21.82761850412138
1112,Adopter,67.29489956391552,78.35047078518308,11.05557122126756,4.52132974653541,94.3720922077344,56.78555881514787,28.47327611939752,41,0,General Engineering,2,8.657396666380137
1113,Nonadopter,97.39020399492061,89.29326217955983,-8.096941815360779,10.228282706146,44.02773253433011,84.68217367953636,23.8412242364705,51,0,General Engineering,6,9.749354633792976
1114,Adopter,74.41041736389442,103.5426638044983,29.13224644060386,3.6484738348332,59.12914533288166,82.90034592137337,23.06384376231321,111,0,General Engineering,1,16.31771803859007
1115,Nonadopter,100.6316494095047,108.0868264524834,7.455177042978605,9.582832490572677,218.888668419999,65.8576986562182,47.99337313876676,96,0,General Engineering,4,16.22302122332372
1116,Adopter,60.15891802888173,75.39349139755188,15.23457336867015,2.233053344561375,62.05899940070088,42.70946790446554,21.90822813583277,34,0,General Engineering,5,15.99580096012531
1117,Adopter,61.76804811626295,96.07837639189208,34.31032827562913,1.369966412025863,42.26802817793632,55.26801565435286,9.765076815236883,44,0,Transportation and Aerospace,2,13.47901012464233
1118,Adopter,69.27559962668258,132.8915913423409,63.61599171565828,5.115101866304751,63.17513612310745,56.54102556895579,11.01940244069244,56,0,General Engineering,4,19.42387752170618
1119,Nonadopter,71.79116510611971,12.88246539991668,-58.90869970620303,6.959138878690617,39.65371020804187,71.72843096110887,7.57961925612129,71,0,Transportation and Aerospace,9,21.60087548317073
1120,Adopter,85.20612843820464,89.10386301099393,3.89773457278929,5.627202865460228,69.81526696965446,72.91601703207979,17.41480267415276,101,0,Heavy Equipment,1,19.06849442468521
1121,Nonadopter,95.9909257584283,101.2556153538695,5.264689595441212,2.414122591640092,50.71203258260403,37.67134625243855,9.18752675265533,51,0,General Engineering,5,8.523736200533802
1122,Nonadopter,84.63212932996601,95.27522963269419,10.64310030272819,3.964826904391051,29.33423601302955,37.63457765947334,23.29724759560116,102,0,Transportation and Aerospace,4,18.40686152527796
1123,Adopter,68.6196395924118,92.83428259845671,24.21464300604491,.976142724038812,31.7383382562061,46.51592304855446,7.156415292495085,65,1,Heavy Equipment,3,11.59896889647222
1124,Adopter,99.83101105430384,133.4706974470651,33.63968639276123,2.720313636127266,96.66386979510705,38.65081721562023,20.06029887205277,124,0,Heavy Equipment,4,16.11379712221156
1125,Adopter,125.8155264521336,206.5060872971361,80.69056084500252,4.575741451030599,179.582032037909,42.10284551541505,20.34252709520807,119,0,General Engineering,0,16.93652862060894
1126,Nonadopter,63.81935757089047,52.64332228823154,-11.17603528265893,1.222162474591518,10.14531393977653,53.16746310704264,10.80335976250497,11,0,General Engineering,2,10.61803605942833
1127,Adopter,86.5745141881266,113.9936261793143,27.41911199118771,1.757192683802405,177.8297689381659,54.51557034004077,7.145629858628034,33,0,General Engineering,7,14.07881001789637
1128,Nonadopter,102.2069636895217,115.69762853111,13.49066484158827,1.350131300979329,42.908189238896,62.73957250195802,9.271914969807275,67,1,General Engineering,4,8.560699495471917
1129,Adopter,77.2005793202741,88.92577111686612,11.72519179659201,3.439257997795073,29.11705904833657,40.9624718576089,8.540441852151348,43,0,General Engineering,5,4.711955014406618
1130,Nonadopter,48.25195858284048,43.82125328189803,-4.430705300942449,10.31628325143553,40.34252489723055,42.76443212112648,9.504403228381291,35,0,Transportation and Aerospace,5,11.97867474411362
1131,Nonadopter,123.8318006543168,102.0438484795406,-21.78795217477615,5.305568232903108,79.40851366359965,40.70005891346436,16.35893093378806,30,0,General Engineering,4,11.1161062750582
1132,Adopter,104.8399723356072,139.6390517280891,34.7990793924819,1.934789048042304,51.57337654116027,49.88283278991255,18.27110510029726,36,0,General Engineering,2,4.594782314023339
1133,Nonadopter,84.30655840835202,79.0375515141013,-5.269006894250722,2.135515779878349,45.56753941395947,41.22451953809114,11.55858319014295,49,1,General Engineering,3,12.62370656643667
1134,Nonadopter,116.9454853430206,124.6649382812362,7.719452938215525,3.257351068318366,115.5193533591565,40.06019138091897,16.91460472324098,46,0,General Engineering,4,17.59134621150045
1135,Adopter,73.88753247714223,139.5384923066171,65.65095982947489,7.773108272015874,138.7232665596871,35.96622179050607,44.81487003111399,118,0,General Engineering,3,18.98063186326289
1136,Adopter,61.51109130190861,81.45953376927997,19.94844246737136,3.65361248608085,62.67939407912863,46.03718850474993,31.02753385724923,74,0,General Engineering,7,12.65406503226939
1137,Adopter,86.7199299408398,102.8706422912683,16.15071235042852,2.908435250836126,41.9936015447411,65.54433652473477,17.82158693681053,106,0,General Engineering,4,21.22567137324431
1138,Nonadopter,58.48847678966769,55.16755068277809,-3.320926106889601,3.629538007718838,31.15121211263451,58.70479898374131,10.54105130548475,40,1,General Engineering,1,9.686047106317842
1139,Adopter,65.12775262324271,95.44729884330941,30.3195462200667,7.987185680207853,47.73178799589352,49.40067505073589,7.139293551311662,28,0,General Engineering,5,10.37068158132653
1140,Nonadopter,84.13921161991621,92.784618794203,8.645407174286788,4.948728253252003,36.49361076770168,52.76326593962518,7.229895283766244,75,0,General Engineering,5,19.02119715522187
1141,Adopter,94.31967108757773,112.2099191033787,17.89024801580099,19.43381820111127,174.4734712838004,41.01086163707748,24.41649940839042,105,1,General Engineering,8,10.50110405164932
1142,Nonadopter,60.78703244648914,67.490395427621,6.703362981131853,4.746621512456648,37.69509081504142,40.15352677375248,14.49588311968063,19,1,Transportation and Aerospace,3,12.63825619100237
1143,Adopter,98.38639011580656,139.5470951023822,41.16070498657567,2.448985388107916,145.0382728332336,66.76983818833789,27.71864452773386,112,0,Transportation and Aerospace,1,21.41008714693639
1144,Adopter,70.65048418653311,97.41957682939749,26.76909264286438,1.032764849120042,38.39850724995755,34.69212651710398,22.15410456029876,57,0,General Engineering,2,15.51435725833138
1145,Nonadopter,72.71083620147861,61.09501293899071,-11.61582326248791,3.023262101304707,49.01483743477854,42.29377034625276,17.02818971679976,30,0,General Engineering,5,12.23467376695349
1146,Nonadopter,86.24357650278799,86.2258518062071,-.0177246965808848,4.777711319140518,71.79121509259517,58.37417245397685,13.98185639513452,59,0,General Engineering,5,20.04443550919079
1147,Adopter,92.56280540767632,124.0714325112675,31.50862710359117,5.660987354231175,62.24138638645706,37.11549097852055,26.19725353053501,107,0,General Engineering,7,19.61593122222278
1148,Nonadopter,83.04508235160823,110.6349639764226,27.58988162481432,8.652321636461073,93.51813103422471,55.27962496009824,14.43535003395918,80,0,Heavy Equipment,8,12.59814895877736
