buyer_id,region,rollout_q,quarter,app_live,event_time,sales,tau_it
1,3,7,1,0,-6,21.47244057075316,0
1,3,7,2,0,-5,17.90532489058944,0
1,3,7,3,0,-4,21.63962482276214,0
1,3,7,4,0,-3,17.51409971519666,0
1,3,7,5,0,-2,21.56816659868264,0
1,3,7,6,0,-1,20.63055858610566,0
1,3,7,7,1,0,20.26373068883299,.5
1,3,7,8,1,1,21.11808563792049,1
1,3,7,9,1,2,20.32486506125981,1.5
1,3,7,10,1,3,27.17772035023967,2
1,3,7,11,1,4,21.28575580070031,2.5
1,3,7,12,1,5,22.77083066128944,3
2,4,7,1,0,-6,12.21841992535105,0
2,4,7,2,0,-5,16.15640775692482,0
2,4,7,3,0,-4,18.03919021491624,0
2,4,7,4,0,-3,18.02773978067965,0
2,4,7,5,0,-2,13.92452992901335,0
2,4,7,6,0,-1,14.12052259266063,0
2,4,7,7,1,0,19.60520839111464,.5
2,4,7,8,1,1,12.14634779111331,1
2,4,7,9,1,2,16.20975149371531,1.5
2,4,7,10,1,3,22.63461885492312,2
2,4,7,11,1,4,18.92440986631618,2.5
2,4,7,12,1,5,30.79910326760494,3
3,5,9,1,0,-8,16.01650386485536,0
3,5,9,2,0,-7,21.43609986837224,0
3,5,9,3,0,-6,18.37535654805315,0
3,5,9,4,0,-5,23.63957267073488,0
3,5,9,5,0,-4,18.59426391733183,0
3,5,9,6,0,-3,17.81300368518661,0
3,5,9,7,0,-2,14.72648496922035,0
3,5,9,8,0,-1,26.26193172636553,0
3,5,9,9,1,0,23.19172741965952,.35
3,5,9,10,1,1,22.4502712835689,.7
3,5,9,11,1,2,16.24132856604469,1.05
3,5,9,12,1,3,18.29439279704985,1.4
4,2,5,1,0,-4,8.73208363246777,0
4,2,5,2,0,-3,10.11566993396245,0
4,2,5,3,0,-2,6.302775056120748,0
4,2,5,4,0,-1,5.261022516530393,0
4,2,5,5,1,0,7.807356558987823,.75
4,2,5,6,1,1,11.56584044237045,1.5
4,2,5,7,1,2,12.39129193454538,2.25
4,2,5,8,1,3,9.622477535865418,3
4,2,5,9,1,4,11.90128979612975,3.75
4,2,5,10,1,5,11.52642420842136,4.5
4,2,5,11,1,6,17.91570954865771,5.25
4,2,5,12,1,7,16.8347008259119,6
5,2,5,1,0,-4,3.449902522209432,0
5,2,5,2,0,-3,6.397529469945225,0
5,2,5,3,0,-2,4.916982135165833,0
5,2,5,4,0,-1,7.177925002848538,0
5,2,5,5,1,0,4.866301130214605,.75
5,2,5,6,1,1,7.66957238547398,1.5
5,2,5,7,1,2,11.45731274125776,2.25
5,2,5,8,1,3,14.68816869971767,3
5,2,5,9,1,4,15.86218277890628,3.75
5,2,5,10,1,5,8.799457402411527,4.5
5,2,5,11,1,6,14.84974309649483,5.25
5,2,5,12,1,7,15.76848723901018,6
6,1,5,1,0,-4,17.27183186460392,0
6,1,5,2,0,-3,14.07296360699709,0
6,1,5,3,0,-2,12.99919225306806,0
6,1,5,4,0,-1,15.70431951611472,0
6,1,5,5,1,0,18.21788396700751,.75
6,1,5,6,1,1,15.38803142825861,1.5
6,1,5,7,1,2,21.95711760578921,2.25
6,1,5,8,1,3,18.78900644585994,3
6,1,5,9,1,4,25.21133022683099,3.75
6,1,5,10,1,5,21.3575246548105,4.5
6,1,5,11,1,6,16.45577508726576,5.25
6,1,5,12,1,7,21.86164374906543,6
7,7,,1,0,,11.51219807684484,0
7,7,,2,0,,16.54457420190548,0
7,7,,3,0,,18.11652350393201,0
7,7,,4,0,,20.990382850494,0
7,7,,5,0,,16.55806149592028,0
7,7,,6,0,,13.17096927130139,0
7,7,,7,0,,22.76155348629101,0
7,7,,8,0,,22.28847099433469,0
7,7,,9,0,,18.34913615695434,0
7,7,,10,0,,21.37429149740069,0
7,7,,11,0,,22.93693541788418,0
7,7,,12,0,,19.16893346942646,0
8,3,7,1,0,-6,15.06595406933334,0
8,3,7,2,0,-5,15.49721065369508,0
8,3,7,3,0,-4,19.51197743788634,0
8,3,7,4,0,-3,16.19852095441683,0
8,3,7,5,0,-2,16.20979274523501,0
8,3,7,6,0,-1,13.29341393961335,0
8,3,7,7,1,0,19.13401922049433,.5
8,3,7,8,1,1,16.02049684625947,1
8,3,7,9,1,2,22.9523312529953,1.5
8,3,7,10,1,3,17.41012482924203,2
8,3,7,11,1,4,20.3636103695527,2.5
8,3,7,12,1,5,17.64106224551638,3
9,3,7,1,0,-6,5.496355061037073,0
9,3,7,2,0,-5,11.26858841294574,0
9,3,7,3,0,-4,17.60174509821215,0
9,3,7,4,0,-3,17.64247496880368,0
9,3,7,5,0,-2,12.55376697941437,0
9,3,7,6,0,-1,16.15260159659181,0
9,3,7,7,1,0,16.49329530185127,.5
9,3,7,8,1,1,17.38707957462069,1
9,3,7,9,1,2,15.25063384392003,1.5
9,3,7,10,1,3,17.25144449586837,2
9,3,7,11,1,4,16.83703111785876,2.5
9,3,7,12,1,5,22.17867513234798,3
10,6,9,1,0,-8,13.05456492258351,0
10,6,9,2,0,-7,17.78470037898568,0
10,6,9,3,0,-6,13.54354406932151,0
10,6,9,4,0,-5,21.37396281713073,0
10,6,9,5,0,-4,10.51282890065655,0
10,6,9,6,0,-3,16.33198674073827,0
10,6,9,7,0,-2,17.07428111211631,0
10,6,9,8,0,-1,19.03486688707495,0
10,6,9,9,1,0,15.88525437423285,.35
10,6,9,10,1,1,18.31655780454633,.7
10,6,9,11,1,2,14.84491434375851,1.05
10,6,9,12,1,3,20.67492750246753,1.4
11,2,5,1,0,-4,10.80985883292505,0
11,2,5,2,0,-3,22.17268183167313,0
11,2,5,3,0,-2,15.21400297932556,0
11,2,5,4,0,-1,17.17438709688422,0
11,2,5,5,1,0,13.38237672599118,.75
11,2,5,6,1,1,16.0228655326675,1.5
11,2,5,7,1,2,17.21350159452135,2.25
11,2,5,8,1,3,19.21928770077996,3
11,2,5,9,1,4,21.37781862742827,3.75
11,2,5,10,1,5,25.325763673782,4.5
11,2,5,11,1,6,29.75282661070322,5.25
11,2,5,12,1,7,30.95977897726443,6
12,3,7,1,0,-6,12.35505346563393,0
12,3,7,2,0,-5,14.57368480999928,0
12,3,7,3,0,-4,13.48783117600636,0
12,3,7,4,0,-3,12.80926822120888,0
12,3,7,5,0,-2,15.98345249463161,0
12,3,7,6,0,-1,12.28452611073749,0
12,3,7,7,1,0,16.99441564084597,.5
12,3,7,8,1,1,22.70663337856868,1
12,3,7,9,1,2,19.95888744863772,1.5
12,3,7,10,1,3,17.33173912173485,2
12,3,7,11,1,4,16.8727080653781,2.5
12,3,7,12,1,5,19.38305974056546,3
13,7,,1,0,,17.90578025964104,0
13,7,,2,0,,15.4584962291854,0
13,7,,3,0,,16.06727786293339,0
13,7,,4,0,,16.86144148494027,0
13,7,,5,0,,16.50823109564561,0
13,7,,6,0,,14.24810358572351,0
13,7,,7,0,,17.14773023613821,0
13,7,,8,0,,24.66883446688639,0
13,7,,9,0,,19.63607841249514,0
13,7,,10,0,,19.26693223793449,0
13,7,,11,0,,17.33375967886533,0
13,7,,12,0,,23.8194883715923,0
14,7,,1,0,,10.48122330185236,0
14,7,,2,0,,15.89696921684889,0
14,7,,3,0,,8.067435705968219,0
14,7,,4,0,,16.08461770651827,0
14,7,,5,0,,11.06961222252142,0
14,7,,6,0,,14.04664441524744,0
14,7,,7,0,,16.95576742349491,0
14,7,,8,0,,13.36512076960743,0
14,7,,9,0,,11.25841290835111,0
14,7,,10,0,,13.02514463753456,0
14,7,,11,0,,9.522990138650041,0
14,7,,12,0,,14.78968123688094,0
15,3,7,1,0,-6,12.53688631447935,0
15,3,7,2,0,-5,21.07330738519483,0
15,3,7,3,0,-4,13.30388609326204,0
15,3,7,4,0,-3,17.03175801472075,0
15,3,7,5,0,-2,15.30612662131228,0
15,3,7,6,0,-1,19.26464405319806,0
15,3,7,7,1,0,17.08737899731856,.5
15,3,7,8,1,1,21.97821040429114,1
15,3,7,9,1,2,23.13244311867565,1.5
15,3,7,10,1,3,21.98194904172231,2
15,3,7,11,1,4,24.81868539975427,2.5
15,3,7,12,1,5,21.96396384633722,3
16,6,9,1,0,-8,15.23119124480977,0
16,6,9,2,0,-7,19.37205154283487,0
16,6,9,3,0,-6,21.47664427360568,0
16,6,9,4,0,-5,15.70154367037128,0
16,6,9,5,0,-4,20.45344826772537,0
16,6,9,6,0,-3,16.09814135578808,0
16,6,9,7,0,-2,18.37249481354675,0
16,6,9,8,0,-1,20.49261822480898,0
16,6,9,9,1,0,14.74113886302732,.35
16,6,9,10,1,1,17.78014453081398,.7
16,6,9,11,1,2,19.97256839573668,1.05
16,6,9,12,1,3,21.40981433281085,1.4
17,4,7,1,0,-6,18.60768151011349,0
17,4,7,2,0,-5,16.95094816580722,0
17,4,7,3,0,-4,15.15444098491935,0
17,4,7,4,0,-3,17.8778661401949,0
17,4,7,5,0,-2,17.70984688932573,0
17,4,7,6,0,-1,14.27374531915202,0
17,4,7,7,1,0,17.00160590589543,.5
17,4,7,8,1,1,16.8778095738244,1
17,4,7,9,1,2,20.69565302601345,1.5
17,4,7,10,1,3,18.98625072591543,2
17,4,7,11,1,4,18.57419178710084,2.5
17,4,7,12,1,5,22.74837713198332,3
18,3,7,1,0,-6,14.35810034444419,0
18,3,7,2,0,-5,15.56598273289934,0
18,3,7,3,0,-4,22.22282491851988,0
18,3,7,4,0,-3,17.24539665364273,0
18,3,7,5,0,-2,21.9227331962692,0
18,3,7,6,0,-1,18.03066492095149,0
18,3,7,7,1,0,23.75132330336495,.5
18,3,7,8,1,1,25.53975423886902,1
18,3,7,9,1,2,22.86658739188565,1.5
18,3,7,10,1,3,20.20885374423693,2
18,3,7,11,1,4,21.03193195606597,2.5
18,3,7,12,1,5,21.066870571498,3
19,3,7,1,0,-6,24.07838230574923,0
19,3,7,2,0,-5,17.97983138476068,0
19,3,7,3,0,-4,16.69174741661451,0
19,3,7,4,0,-3,18.503401721297,0
19,3,7,5,0,-2,17.75346365946669,0
19,3,7,6,0,-1,19.43223125880963,0
19,3,7,7,1,0,12.13724076121381,.5
19,3,7,8,1,1,19.90372022726724,1
19,3,7,9,1,2,19.13996034058279,1.5
19,3,7,10,1,3,18.61955703783436,2
19,3,7,11,1,4,18.95528487132144,2.5
19,3,7,12,1,5,26.75479899536971,3
20,3,7,1,0,-6,20.78377672479209,0
20,3,7,2,0,-5,25.48773387156272,0
20,3,7,3,0,-4,25.25871696857968,0
20,3,7,4,0,-3,25.21032351119864,0
20,3,7,5,0,-2,19.02153479465313,0
20,3,7,6,0,-1,23.78228330454748,0
20,3,7,7,1,0,21.00096036655967,.5
20,3,7,8,1,1,25.77334349372448,1
20,3,7,9,1,2,21.04274712828897,1.5
20,3,7,10,1,3,27.65327180155767,2
20,3,7,11,1,4,27.1071179969133,2.5
20,3,7,12,1,5,28.69078389294705,3
21,5,9,1,0,-8,21.06853466814527,0
21,5,9,2,0,-7,19.52697432221082,0
21,5,9,3,0,-6,17.28419889247125,0
21,5,9,4,0,-5,25.99253913808499,0
21,5,9,5,0,-4,26.66266053264453,0
21,5,9,6,0,-3,23.12789287243493,0
21,5,9,7,0,-2,25.0325207370024,0
21,5,9,8,0,-1,21.53045069093661,0
21,5,9,9,1,0,26.59884240381868,.35
21,5,9,10,1,1,25.98834276978964,.7
21,5,9,11,1,2,23.35119331767607,1.05
21,5,9,12,1,3,29.96413190148336,1.4
22,7,,1,0,,20.04497802164078,0
22,7,,2,0,,22.86494654605817,0
22,7,,3,0,,22.68027398414378,0
22,7,,4,0,,23.95688058892188,0
22,7,,5,0,,25.33552945398696,0
22,7,,6,0,,22.08982530418326,0
22,7,,7,0,,24.01416826484405,0
22,7,,8,0,,31.52781897899081,0
22,7,,9,0,,29.08504887740136,0
22,7,,10,0,,25.41870076568996,0
22,7,,11,0,,23.47026281996314,0
22,7,,12,0,,30.07069085402315,0
23,2,5,1,0,-4,11.34833956905573,0
23,2,5,2,0,-3,6.757019706320986,0
23,2,5,3,0,-2,12.12958471832155,0
23,2,5,4,0,-1,16.04656130718084,0
23,2,5,5,1,0,7.531500717004064,.75
23,2,5,6,1,1,7.462004329391823,1.5
23,2,5,7,1,2,14.32268611979906,2.25
23,2,5,8,1,3,18.48570128715984,3
23,2,5,9,1,4,12.64865094553614,3.75
23,2,5,10,1,5,19.93959426318773,4.5
23,2,5,11,1,6,22.55906346646116,5.25
23,2,5,12,1,7,21.11911429601043,6
24,2,5,1,0,-4,14.31297179298653,0
24,2,5,2,0,-3,23.51129004003366,0
24,2,5,3,0,-2,20.42006583101711,0
24,2,5,4,0,-1,21.38202366552395,0
24,2,5,5,1,0,19.5107088278512,.75
24,2,5,6,1,1,16.13627312548116,1.5
24,2,5,7,1,2,23.26139400842217,2.25
24,2,5,8,1,3,27.32590263880027,3
24,2,5,9,1,4,20.65449949088345,3.75
24,2,5,10,1,5,21.25247038328699,4.5
24,2,5,11,1,6,24.96549007112006,5.25
24,2,5,12,1,7,26.65672029734204,6
25,7,,1,0,,15.92233555593353,0
25,7,,2,0,,11.83035671119156,0
25,7,,3,0,,5.446495594326334,0
25,7,,4,0,,15.45442830877985,0
25,7,,5,0,,14.86374623922786,0
25,7,,6,0,,11.81483719199237,0
25,7,,7,0,,14.82488912480402,0
25,7,,8,0,,16.40199279412271,0
25,7,,9,0,,13.2342181848186,0
25,7,,10,0,,11.7111925754934,0
25,7,,11,0,,11.372054422392,0
25,7,,12,0,,17.69756046809434,0
26,7,,1,0,,10.14547501441799,0
26,7,,2,0,,9.317879800153923,0
26,7,,3,0,,6.156254722548191,0
26,7,,4,0,,9.94524183658441,0
26,7,,5,0,,6.731610095848935,0
26,7,,6,0,,7.259828959201974,0
26,7,,7,0,,13.35173020778642,0
26,7,,8,0,,18.3721674609603,0
26,7,,9,0,,14.21458868804712,0
26,7,,10,0,,9.773595993143299,0
26,7,,11,0,,13.88963160906946,0
26,7,,12,0,,10.64698858992807,0
27,5,9,1,0,-8,17.55214619129429,0
27,5,9,2,0,-7,19.94244478478606,0
27,5,9,3,0,-6,13.21037260798931,0
27,5,9,4,0,-5,19.96200221324074,0
27,5,9,5,0,-4,15.7267889512185,0
27,5,9,6,0,-3,16.0788628835442,0
27,5,9,7,0,-2,21.86537246124549,0
27,5,9,8,0,-1,22.28594433559583,0
27,5,9,9,1,0,17.19853215354508,.35
27,5,9,10,1,1,19.96979472704794,.7
27,5,9,11,1,2,24.3656194266413,1.05
27,5,9,12,1,3,23.79869107704601,1.4
28,4,7,1,0,-6,10.60310883211148,0
28,4,7,2,0,-5,11.93473917271253,0
28,4,7,3,0,-4,7.875320925209909,0
28,4,7,4,0,-3,15.82191372511102,0
28,4,7,5,0,-2,15.07600285758628,0
28,4,7,6,0,-1,19.38174186120737,0
28,4,7,7,1,0,15.83622827181645,.5
28,4,7,8,1,1,16.15782019686226,1
28,4,7,9,1,2,20.28130900810635,1.5
28,4,7,10,1,3,19.60812305231812,2
28,4,7,11,1,4,22.90725957099302,2.5
28,4,7,12,1,5,21.42475456454391,3
29,7,,1,0,,24.33677923795301,0
29,7,,2,0,,22.24402911240448,0
29,7,,3,0,,26.99480710318722,0
29,7,,4,0,,25.54280675835612,0
29,7,,5,0,,25.53670621511543,0
29,7,,6,0,,24.90248028480656,0
29,7,,7,0,,26.90168184013164,0
29,7,,8,0,,25.55280190837444,0
29,7,,9,0,,30.23423902732302,0
29,7,,10,0,,31.03629530514615,0
29,7,,11,0,,31.95324849081367,0
29,7,,12,0,,33.21711307644246,0
30,8,,1,0,,11.10804770824782,0
30,8,,2,0,,12.03324195164357,0
30,8,,3,0,,15.42834633784596,0
30,8,,4,0,,10.24961199819608,0
30,8,,5,0,,12.144551807538,0
30,8,,6,0,,11.03569136411781,0
30,8,,7,0,,17.45382640730161,0
30,8,,8,0,,12.6206114917831,0
30,8,,9,0,,13.29347498816479,0
30,8,,10,0,,12.29764805642997,0
30,8,,11,0,,14.4826649053613,0
30,8,,12,0,,9.200249525473778,0
31,3,7,1,0,-6,15.72542039823052,0
31,3,7,2,0,-5,14.24638318138774,0
31,3,7,3,0,-4,16.50785692361998,0
31,3,7,4,0,-3,18.03620088781007,0
31,3,7,5,0,-2,12.96422183504465,0
31,3,7,6,0,-1,18.77142030935251,0
31,3,7,7,1,0,11.17414819857614,.5
31,3,7,8,1,1,15.01460032850215,1
31,3,7,9,1,2,15.83637542228312,1.5
31,3,7,10,1,3,15.14487394270237,2
31,3,7,11,1,4,20.68776412787331,2.5
31,3,7,12,1,5,16.92829678050977,3
32,1,5,1,0,-4,20.37148034318445,0
32,1,5,2,0,-3,13.14409104340822,0
32,1,5,3,0,-2,13.6314816127142,0
32,1,5,4,0,-1,16.45060218944891,0
32,1,5,5,1,0,14.1657728924677,.75
32,1,5,6,1,1,23.73830528765385,1.5
32,1,5,7,1,2,21.11035077335541,2.25
32,1,5,8,1,3,23.12731265741528,3
32,1,5,9,1,4,15.93430886648015,3.75
32,1,5,10,1,5,25.67001430027118,4.5
32,1,5,11,1,6,24.71202855892984,5.25
32,1,5,12,1,7,19.47273230303996,6
33,6,9,1,0,-8,7.223141623676439,0
33,6,9,2,0,-7,12.36356240234335,0
33,6,9,3,0,-6,11.21548952629401,0
33,6,9,4,0,-5,11.35988585362007,0
33,6,9,5,0,-4,9.06300118640546,0
33,6,9,6,0,-3,20.39874296890577,0
33,6,9,7,0,-2,16.06362823759102,0
33,6,9,8,0,-1,13.67387993198616,0
33,6,9,9,1,0,8.181188221646641,.35
33,6,9,10,1,1,18.6310484070721,.7
33,6,9,11,1,2,12.26985831105552,1.05
33,6,9,12,1,3,16.11451743605761,1.4
34,8,,1,0,,7.832237857800462,0
34,8,,2,0,,10.85326178272006,0
34,8,,3,0,,11.5821412933542,0
34,8,,4,0,,9.44808711249787,0
34,8,,5,0,,12.66427433675149,0
34,8,,6,0,,17.50541020212236,0
34,8,,7,0,,7.989345433716164,0
34,8,,8,0,,17.02364215271168,0
34,8,,9,0,,17.70600687603812,0
34,8,,10,0,,17.46628915267691,0
34,8,,11,0,,15.36615593168622,0
34,8,,12,0,,9.129865293993991,0
35,8,,1,0,,14.1959530540308,0
35,8,,2,0,,13.56617006393682,0
35,8,,3,0,,13.00983191406961,0
35,8,,4,0,,9.223092122954132,0
35,8,,5,0,,13.5776688017931,0
35,8,,6,0,,10.24784804524135,0
35,8,,7,0,,9.173461380238166,0
35,8,,8,0,,17.67077760090013,0
35,8,,9,0,,13.64165270253019,0
35,8,,10,0,,16.47705879734136,0
35,8,,11,0,,13.73286514444348,0
35,8,,12,0,,18.11572681010907,0
36,5,9,1,0,-8,15.93488294686748,0
36,5,9,2,0,-7,19.30777226329031,0
36,5,9,3,0,-6,23.71586917496019,0
36,5,9,4,0,-5,24.57243003151549,0
36,5,9,5,0,-4,23.01306952766615,0
36,5,9,6,0,-3,23.57092479632695,0
36,5,9,7,0,-2,21.78805504099657,0
36,5,9,8,0,-1,23.595323516488,0
36,5,9,9,1,0,20.93135179831951,.35
36,5,9,10,1,1,27.29617898986646,.7
36,5,9,11,1,2,21.31749067158099,1.05
36,5,9,12,1,3,21.07495432197596,1.4
37,6,9,1,0,-8,16.44440658737246,0
37,6,9,2,0,-7,15.82643108945944,0
37,6,9,3,0,-6,13.05183307787086,0
37,6,9,4,0,-5,18.95156589295063,0
37,6,9,5,0,-4,13.37258657661365,0
37,6,9,6,0,-3,17.10808468269338,0
37,6,9,7,0,-2,16.27566024278723,0
37,6,9,8,0,-1,18.61625793116185,0
37,6,9,9,1,0,20.8658388921665,.35
37,6,9,10,1,1,18.47527759996476,.7
37,6,9,11,1,2,20.89858528217643,1.05
37,6,9,12,1,3,23.09210194345465,1.4
38,7,,1,0,,18.29403009721982,0
38,7,,2,0,,16.49482544406163,0
38,7,,3,0,,10.39124811008308,0
38,7,,4,0,,11.96090689480898,0
38,7,,5,0,,10.61020860372228,0
38,7,,6,0,,14.44633953964196,0
38,7,,7,0,,19.83947136454537,0
38,7,,8,0,,16.15277330089199,0
38,7,,9,0,,12.94933946303624,0
38,7,,10,0,,13.7839213453138,0
38,7,,11,0,,18.59453606406079,0
38,7,,12,0,,18.82804138405794,0
39,4,7,1,0,-6,15.30753225597321,0
39,4,7,2,0,-5,10.38265129962718,0
39,4,7,3,0,-4,25.47024643542871,0
39,4,7,4,0,-3,18.93288325968004,0
39,4,7,5,0,-2,15.38432181117269,0
39,4,7,6,0,-1,23.70684071205985,0
39,4,7,7,1,0,22.26423208776529,.5
39,4,7,8,1,1,15.14314028314011,1
39,4,7,9,1,2,21.38585737716634,1.5
39,4,7,10,1,3,24.43728934138422,2
39,4,7,11,1,4,13.50076099124789,2.5
39,4,7,12,1,5,24.77771315053655,3
40,1,5,1,0,-4,22.93482961725219,0
40,1,5,2,0,-3,29.83235640392196,0
40,1,5,3,0,-2,23.49076921517057,0
40,1,5,4,0,-1,27.98834101130229,0
40,1,5,5,1,0,24.23002519087742,.75
40,1,5,6,1,1,26.44190004651254,1.5
40,1,5,7,1,2,27.50663683759146,2.25
40,1,5,8,1,3,29.45341999559951,3
40,1,5,9,1,4,30.4282677300344,3.75
40,1,5,10,1,5,30.23980435383241,4.5
40,1,5,11,1,6,29.95613820820656,5.25
40,1,5,12,1,7,32.14619225111379,6
41,1,5,1,0,-4,14.37614938519606,0
41,1,5,2,0,-3,13.28919165081726,0
41,1,5,3,0,-2,13.54705406257662,0
41,1,5,4,0,-1,12.23927088982053,0
41,1,5,5,1,0,10.92301945512614,.75
41,1,5,6,1,1,14.95575758989206,1.5
41,1,5,7,1,2,17.44532660683158,2.25
41,1,5,8,1,3,16.01382555369685,3
41,1,5,9,1,4,16.23501155170396,3.75
41,1,5,10,1,5,18.18615829038079,4.5
41,1,5,11,1,6,21.52225000525155,5.25
41,1,5,12,1,7,25.55281285915539,6
42,8,,1,0,,10.5847684977888,0
42,8,,2,0,,10.34352298823666,0
42,8,,3,0,,9.099673799840707,0
42,8,,4,0,,18.68922187993534,0
42,8,,5,0,,14.07172826056707,0
42,8,,6,0,,7.577511358328359,0
42,8,,7,0,,17.80440127152569,0
42,8,,8,0,,17.19987579904146,0
42,8,,9,0,,21.9594398231246,0
42,8,,10,0,,10.20286317187351,0
42,8,,11,0,,18.41117682234484,0
42,8,,12,0,,18.29306916860926,0
43,7,,1,0,,16.5592655641514,0
43,7,,2,0,,11.24005635649488,0
43,7,,3,0,,14.52292654367189,0
43,7,,4,0,,11.03542002020939,0
43,7,,5,0,,9.550285838901612,0
43,7,,6,0,,13.32097657412243,0
43,7,,7,0,,11.38829012250449,0
43,7,,8,0,,13.25485459289403,0
43,7,,9,0,,12.92399362418536,0
43,7,,10,0,,16.02220432647687,0
43,7,,11,0,,14.1840412186166,0
43,7,,12,0,,19.10714216559276,0
44,3,7,1,0,-6,28.6404257602674,0
44,3,7,2,0,-5,21.14125505565165,0
44,3,7,3,0,-4,26.9486460455189,0
44,3,7,4,0,-3,28.46827286291713,0
44,3,7,5,0,-2,24.12099805434341,0
44,3,7,6,0,-1,31.11803513214155,0
44,3,7,7,1,0,30.3691554498723,.5
44,3,7,8,1,1,24.25614679083268,1
44,3,7,9,1,2,25.61820421889596,1.5
44,3,7,10,1,3,30.81920462240543,2
44,3,7,11,1,4,33.66513053492881,2.5
44,3,7,12,1,5,30.95174259627149,3
45,1,5,1,0,-4,18.85579560296878,0
45,1,5,2,0,-3,22.4072909902342,0
45,1,5,3,0,-2,15.57293435926218,0
45,1,5,4,0,-1,17.45004004873153,0
45,1,5,5,1,0,19.00344089602017,.75
45,1,5,6,1,1,19.78407132659519,1.5
45,1,5,7,1,2,23.25540268902662,2.25
45,1,5,8,1,3,28.2912380168664,3
45,1,5,9,1,4,24.66302983369378,3.75
45,1,5,10,1,5,22.53168238652122,4.5
45,1,5,11,1,6,23.92912339812747,5.25
45,1,5,12,1,7,31.72094678114547,6
46,3,7,1,0,-6,12.66340586270598,0
46,3,7,2,0,-5,19.82494617081552,0
46,3,7,3,0,-4,20.03441874013304,0
46,3,7,4,0,-3,19.7148290643632,0
46,3,7,5,0,-2,20.83921906732065,0
46,3,7,6,0,-1,21.78219861951574,0
46,3,7,7,1,0,21.86697334519623,.5
46,3,7,8,1,1,24.95570484749395,1
46,3,7,9,1,2,21.0613032799476,1.5
46,3,7,10,1,3,20.22686117104895,2
46,3,7,11,1,4,21.6763302511458,2.5
46,3,7,12,1,5,30.83377454595635,3
47,1,5,1,0,-4,12.69179625420182,0
47,1,5,2,0,-3,14.04229342322282,0
47,1,5,3,0,-2,15.2657503312241,0
47,1,5,4,0,-1,15.50881629284345,0
47,1,5,5,1,0,19.16537547326183,.75
47,1,5,6,1,1,22.17324626101525,1.5
47,1,5,7,1,2,20.3885557784945,2.25
47,1,5,8,1,3,26.88003266956906,3
47,1,5,9,1,4,27.21645253371402,3.75
47,1,5,10,1,5,23.51092873549949,4.5
47,1,5,11,1,6,23.77980480184824,5.25
47,1,5,12,1,7,29.04018476501238,6
48,7,,1,0,,15.79201530577529,0
48,7,,2,0,,12.13857887825471,0
48,7,,3,0,,17.44361627008931,0
48,7,,4,0,,16.36338106051123,0
48,7,,5,0,,12.45623399972782,0
48,7,,6,0,,11.99458443828462,0
48,7,,7,0,,15.07157364041114,0
48,7,,8,0,,16.99618489625495,0
48,7,,9,0,,15.04288327493591,0
48,7,,10,0,,16.85970481165811,0
48,7,,11,0,,20.01715014132939,0
48,7,,12,0,,20.69125578188351,0
49,2,5,1,0,-4,21.41518676304748,0
49,2,5,2,0,-3,18.29804982258693,0
49,2,5,3,0,-2,26.65512460077949,0
49,2,5,4,0,-1,23.57532718373117,0
49,2,5,5,1,0,21.22753024136227,.75
49,2,5,6,1,1,24.92790777046627,1.5
49,2,5,7,1,2,21.63698114053838,2.25
49,2,5,8,1,3,22.78601635283636,3
49,2,5,9,1,4,24.39185219231796,3.75
49,2,5,10,1,5,29.32422776977462,4.5
49,2,5,11,1,6,26.52464198723937,5.25
49,2,5,12,1,7,27.09474304245878,6
50,8,,1,0,,17.63150569992774,0
50,8,,2,0,,14.74538688587386,0
50,8,,3,0,,21.27038626574353,0
50,8,,4,0,,21.06691836903907,0
50,8,,5,0,,20.0913317201383,0
50,8,,6,0,,22.20392072194574,0
50,8,,7,0,,15.81112630894288,0
50,8,,8,0,,22.96324837260979,0
50,8,,9,0,,21.18108444977337,0
50,8,,10,0,,19.62003411274963,0
50,8,,11,0,,19.56866999743053,0
50,8,,12,0,,27.10316674385058,0
51,6,9,1,0,-8,14.7081096858334,0
51,6,9,2,0,-7,15.92009974040434,0
51,6,9,3,0,-6,12.6810540476331,0
51,6,9,4,0,-5,11.96509814295344,0
51,6,9,5,0,-4,13.82206351929301,0
51,6,9,6,0,-3,12.8657065215271,0
51,6,9,7,0,-2,20.12990281286967,0
51,6,9,8,0,-1,16.22552221489346,0
51,6,9,9,1,0,9.6526471045809,.35
51,6,9,10,1,1,21.29792881374637,.7
51,6,9,11,1,2,18.10513565809619,1.05
51,6,9,12,1,3,16.61674612399717,1.4
52,8,,1,0,,23.9657753567923,0
52,8,,2,0,,16.43081590158318,0
52,8,,3,0,,14.55358200541926,0
52,8,,4,0,,15.09032489171781,0
52,8,,5,0,,15.62735290515339,0
52,8,,6,0,,13.4712349581151,0
52,8,,7,0,,14.58088790262888,0
52,8,,8,0,,20.57585921918754,0
52,8,,9,0,,15.39559335042388,0
52,8,,10,0,,21.78330187824351,0
52,8,,11,0,,22.00028953808102,0
52,8,,12,0,,19.83199866510926,0
53,2,5,1,0,-4,15.54213165170402,0
53,2,5,2,0,-3,16.68462094654364,0
53,2,5,3,0,-2,22.13983691484052,0
53,2,5,4,0,-1,22.22741986620096,0
53,2,5,5,1,0,22.43742382248492,.75
53,2,5,6,1,1,20.23760948592682,1.5
53,2,5,7,1,2,19.9252347580469,2.25
53,2,5,8,1,3,23.68809085505146,3
53,2,5,9,1,4,26.36771709817881,3.75
53,2,5,10,1,5,25.37004945484951,4.5
53,2,5,11,1,6,24.82077144020212,5.25
53,2,5,12,1,7,31.15026595627313,6
54,5,9,1,0,-8,25.68236412523925,0
54,5,9,2,0,-7,22.57984982943273,0
54,5,9,3,0,-6,24.54320432869753,0
54,5,9,4,0,-5,24.54054392963301,0
54,5,9,5,0,-4,23.60968707257664,0
54,5,9,6,0,-3,27.30918966761294,0
54,5,9,7,0,-2,25.44783155956301,0
54,5,9,8,0,-1,23.82970225569352,0
54,5,9,9,1,0,23.7292417678829,.35
54,5,9,10,1,1,24.70277353521195,.7
54,5,9,11,1,2,22.4456930158049,1.05
54,5,9,12,1,3,31.60424656187722,1.4
55,3,7,1,0,-6,17.07944047468175,0
55,3,7,2,0,-5,19.60664914495666,0
55,3,7,3,0,-4,15.51308278710093,0
55,3,7,4,0,-3,25.27599286787225,0
55,3,7,5,0,-2,19.64639529237284,0
55,3,7,6,0,-1,18.16350584203316,0
55,3,7,7,1,0,23.53668826598159,.5
55,3,7,8,1,1,27.61075477253705,1
55,3,7,9,1,2,15.7320274118888,1.5
55,3,7,10,1,3,20.56203161637023,2
55,3,7,11,1,4,17.69300106911172,2.5
55,3,7,12,1,5,26.74362124947581,3
56,4,7,1,0,-6,11.49626865579159,0
56,4,7,2,0,-5,12.81983402592017,0
56,4,7,3,0,-4,20.58441531605118,0
56,4,7,4,0,-3,10.18608383913125,0
56,4,7,5,0,-2,17.94533823098758,0
56,4,7,6,0,-1,14.66004216409558,0
56,4,7,7,1,0,12.27904373338118,.5
56,4,7,8,1,1,16.4323474331761,1
56,4,7,9,1,2,15.07062190114616,1.5
56,4,7,10,1,3,21.21591252383035,2
56,4,7,11,1,4,24.16879981001464,2.5
56,4,7,12,1,5,20.49477291445691,3
57,6,9,1,0,-8,23.67249907917996,0
57,6,9,2,0,-7,17.73337685127026,0
57,6,9,3,0,-6,22.6641373105192,0
57,6,9,4,0,-5,19.27086377369596,0
57,6,9,5,0,-4,19.29590854759084,0
57,6,9,6,0,-3,19.3608728005487,0
57,6,9,7,0,-2,19.39039527049348,0
57,6,9,8,0,-1,25.10957343954739,0
57,6,9,9,1,0,19.87988218755222,.35
57,6,9,10,1,1,25.43433754443078,.7
57,6,9,11,1,2,22.16241637892061,1.05
57,6,9,12,1,3,19.98326155398664,1.4
58,2,5,1,0,-4,19.281432938993,0
58,2,5,2,0,-3,27.80159033521732,0
58,2,5,3,0,-2,22.28463649757989,0
58,2,5,4,0,-1,24.19952350091008,0
58,2,5,5,1,0,23.13943191442393,.75
58,2,5,6,1,1,30.94421484529295,1.5
58,2,5,7,1,2,22.14954778504072,2.25
58,2,5,8,1,3,22.27448860715526,3
58,2,5,9,1,4,25.98921360525522,3.75
58,2,5,10,1,5,30.40763160747063,4.5
58,2,5,11,1,6,23.70093989296896,5.25
58,2,5,12,1,7,33.55706765745123,6
59,2,5,1,0,-4,17.59168274086643,0
59,2,5,2,0,-3,18.11545309497562,0
59,2,5,3,0,-2,20.58396964097408,0
59,2,5,4,0,-1,13.46592235711752,0
59,2,5,5,1,0,15.73666132124919,.75
59,2,5,6,1,1,20.36742196387018,1.5
59,2,5,7,1,2,23.09138887630429,2.25
59,2,5,8,1,3,23.95243459522669,3
59,2,5,9,1,4,21.17544113050905,3.75
59,2,5,10,1,5,27.22270897695335,4.5
59,2,5,11,1,6,26.64320104764322,5.25
59,2,5,12,1,7,27.40687790134102,6
60,8,,1,0,,22.46424753819764,0
60,8,,2,0,,25.22171615175695,0
60,8,,3,0,,29.88713738039714,0
60,8,,4,0,,25.12145358395324,0
60,8,,5,0,,22.68219117408071,0
60,8,,6,0,,30.25761302295173,0
60,8,,7,0,,21.80151748716364,0
60,8,,8,0,,24.04281710828941,0
60,8,,9,0,,26.60216228249856,0
60,8,,10,0,,22.352664468044,0
60,8,,11,0,,28.59627080321334,0
60,8,,12,0,,26.13619096397447,0
61,7,,1,0,,21.45817890036954,0
61,7,,2,0,,19.97786307346696,0
61,7,,3,0,,14.39454236593348,0
61,7,,4,0,,15.70594892120176,0
61,7,,5,0,,20.36462418127899,0
61,7,,6,0,,16.69496052653386,0
61,7,,7,0,,17.05671163471172,0
61,7,,8,0,,24.44742775757167,0
61,7,,9,0,,15.14662462925545,0
61,7,,10,0,,23.20250918872416,0
61,7,,11,0,,20.64490582965118,0
61,7,,12,0,,22.38819946707052,0
62,8,,1,0,,24.4658869042594,0
62,8,,2,0,,21.05261028985235,0
62,8,,3,0,,27.44472347230496,0
62,8,,4,0,,22.23818677508164,0
62,8,,5,0,,23.72854305535381,0
62,8,,6,0,,24.87062852383131,0
62,8,,7,0,,25.47730542117035,0
62,8,,8,0,,29.06197030931749,0
62,8,,9,0,,30.65978305072934,0
62,8,,10,0,,26.27238098398567,0
62,8,,11,0,,22.86183889176009,0
62,8,,12,0,,31.10214271478569,0
63,1,5,1,0,-4,21.98059053920775,0
63,1,5,2,0,-3,20.85785019593813,0
63,1,5,3,0,-2,18.5372768363626,0
63,1,5,4,0,-1,16.79717043506422,0
63,1,5,5,1,0,22.56808618002574,.75
63,1,5,6,1,1,18.83192473695184,1.5
63,1,5,7,1,2,18.3757215672035,2.25
63,1,5,8,1,3,20.15106103548937,3
63,1,5,9,1,4,22.89745798941886,3.75
63,1,5,10,1,5,28.42357601087726,4.5
63,1,5,11,1,6,29.55936174658634,5.25
63,1,5,12,1,7,27.34415307671525,6
64,1,5,1,0,-4,7.943052829083593,0
64,1,5,2,0,-3,12.13086697550846,0
64,1,5,3,0,-2,15.75379744883448,0
64,1,5,4,0,-1,15.19253816780343,0
64,1,5,5,1,0,19.29849132966499,.75
64,1,5,6,1,1,15.59045907173224,1.5
64,1,5,7,1,2,13.83057092427635,2.25
64,1,5,8,1,3,20.31399680583613,3
64,1,5,9,1,4,15.48268775733377,3.75
64,1,5,10,1,5,30.16469823442202,4.5
64,1,5,11,1,6,25.31695091893694,5.25
64,1,5,12,1,7,26.21365354015649,6
65,6,9,1,0,-8,20.6242436756301,0
65,6,9,2,0,-7,20.96271320800054,0
65,6,9,3,0,-6,17.58510619411632,0
65,6,9,4,0,-5,23.3131541803939,0
65,6,9,5,0,-4,30.07370398170691,0
65,6,9,6,0,-3,21.64470372798648,0
65,6,9,7,0,-2,20.93103440671408,0
65,6,9,8,0,-1,27.92773352486387,0
65,6,9,9,1,0,20.30610671084531,.35
65,6,9,10,1,1,22.47799850136747,.7
65,6,9,11,1,2,24.14861714947153,1.05
65,6,9,12,1,3,25.84210868926906,1.4
66,8,,1,0,,26.9197729165053,0
66,8,,2,0,,22.48612461317818,0
66,8,,3,0,,21.80750572855341,0
66,8,,4,0,,23.41751223300187,0
66,8,,5,0,,23.44316306397125,0
66,8,,6,0,,22.83048262461425,0
66,8,,7,0,,20.35806024813407,0
66,8,,8,0,,25.77717668975813,0
66,8,,9,0,,24.01275053237442,0
66,8,,10,0,,18.51291668957387,0
66,8,,11,0,,21.8451072935577,0
66,8,,12,0,,26.07179057901586,0
67,4,7,1,0,-6,7.108494509349177,0
67,4,7,2,0,-5,12.69894001241837,0
67,4,7,3,0,-4,12.8047315528485,0
67,4,7,4,0,-3,11.41060274088338,0
67,4,7,5,0,-2,9.309699981406926,0
67,4,7,6,0,-1,8.790227950528468,0
67,4,7,7,1,0,12.75030626022376,.5
67,4,7,8,1,1,13.85819214288056,1
67,4,7,9,1,2,13.5972468456706,1.5
67,4,7,10,1,3,13.53795459523508,2
67,4,7,11,1,4,19.0527735468003,2.5
67,4,7,12,1,5,19.97328581494365,3
68,2,5,1,0,-4,3.877947274194997,0
68,2,5,2,0,-3,3.606620932838646,0
68,2,5,3,0,-2,4.114883217478653,0
68,2,5,4,0,-1,5.689531128257935,0
68,2,5,5,1,0,6.001289811149245,.75
68,2,5,6,1,1,12.07068686824299,1.5
68,2,5,7,1,2,8.642345497410336,2.25
68,2,5,8,1,3,10.85100081846573,3
68,2,5,9,1,4,10.00680580078153,3.75
68,2,5,10,1,5,14.06264282762097,4.5
68,2,5,11,1,6,16.28972140707555,5.25
68,2,5,12,1,7,17.01125690317041,6
69,3,7,1,0,-6,20.06182206711285,0
69,3,7,2,0,-5,20.97446305260531,0
69,3,7,3,0,-4,17.66512239657165,0
69,3,7,4,0,-3,17.56770848498556,0
69,3,7,5,0,-2,16.64980835623206,0
69,3,7,6,0,-1,18.29094860914508,0
69,3,7,7,1,0,18.45333977409513,.5
69,3,7,8,1,1,22.11993072354149,1
69,3,7,9,1,2,25.80056785563872,1.5
69,3,7,10,1,3,28.55953883207341,2
69,3,7,11,1,4,30.68228018049233,2.5
69,3,7,12,1,5,28.12502359475181,3
70,2,5,1,0,-4,18.92325637144477,0
70,2,5,2,0,-3,6.646594426188534,0
70,2,5,3,0,-2,16.32781031305786,0
70,2,5,4,0,-1,12.39918323069066,0
70,2,5,5,1,0,7.399393333629973,.75
70,2,5,6,1,1,11.22907711287539,1.5
70,2,5,7,1,2,18.00072079081901,2.25
70,2,5,8,1,3,19.24954216566001,3
70,2,5,9,1,4,17.96812585421666,3.75
70,2,5,10,1,5,19.03001368536067,4.5
70,2,5,11,1,6,24.51179666801224,5.25
70,2,5,12,1,7,23.50685401102124,6
71,6,9,1,0,-8,17.85188381995989,0
71,6,9,2,0,-7,17.50111008974355,0
71,6,9,3,0,-6,15.31064021027472,0
71,6,9,4,0,-5,19.63188529027079,0
71,6,9,5,0,-4,12.86915494598442,0
71,6,9,6,0,-3,18.18798977379514,0
71,6,9,7,0,-2,15.84372003833529,0
71,6,9,8,0,-1,18.75631246848685,0
71,6,9,9,1,0,17.98949517338567,.35
71,6,9,10,1,1,19.11467400754201,.7
71,6,9,11,1,2,19.59454739775999,1.05
71,6,9,12,1,3,18.52840592679515,1.4
72,2,5,1,0,-4,19.42681450810364,0
72,2,5,2,0,-3,23.77205039488341,0
72,2,5,3,0,-2,19.68456433030168,0
72,2,5,4,0,-1,18.05641621173235,0
72,2,5,5,1,0,17.69209482850296,.75
72,2,5,6,1,1,26.0475310585732,1.5
72,2,5,7,1,2,21.60313488432354,2.25
72,2,5,8,1,3,21.30526926075231,3
72,2,5,9,1,4,21.36793003918518,3.75
72,2,5,10,1,5,31.7805110383753,4.5
72,2,5,11,1,6,25.08354976930412,5.25
72,2,5,12,1,7,28.70052907825265,6
73,1,5,1,0,-4,27.90783851083591,0
73,1,5,2,0,-3,25.92820662723574,0
73,1,5,3,0,-2,23.1027416129112,0
73,1,5,4,0,-1,31.31667075682801,0
73,1,5,5,1,0,23.43655357764859,.75
73,1,5,6,1,1,28.35383730660293,1.5
73,1,5,7,1,2,27.94248897528615,2.25
73,1,5,8,1,3,25.97216158788988,3
73,1,5,9,1,4,31.29646700987228,3.75
73,1,5,10,1,5,32.18583323914413,4.5
73,1,5,11,1,6,28.4391260991057,5.25
73,1,5,12,1,7,36.42766664020537,6
74,5,9,1,0,-8,17.68908890878503,0
74,5,9,2,0,-7,21.92182248016748,0
74,5,9,3,0,-6,15.38223108022976,0
74,5,9,4,0,-5,21.11050954191513,0
74,5,9,5,0,-4,19.27867429192386,0
74,5,9,6,0,-3,23.38870949451658,0
74,5,9,7,0,-2,20.99841439717461,0
74,5,9,8,0,-1,31.02306757537515,0
74,5,9,9,1,0,24.43013445682818,.35
74,5,9,10,1,1,26.01264307406866,.7
74,5,9,11,1,2,26.43564889354492,1.05
74,5,9,12,1,3,24.45377662822268,1.4
75,5,9,1,0,-8,17.82229306351578,0
75,5,9,2,0,-7,13.42392140138632,0
75,5,9,3,0,-6,13.08489735588478,0
75,5,9,4,0,-5,12.97866007861494,0
75,5,9,5,0,-4,15.9966281994647,0
75,5,9,6,0,-3,16.570527110681,0
75,5,9,7,0,-2,20.61232102109137,0
75,5,9,8,0,-1,16.90948800650467,0
75,5,9,9,1,0,18.27030053811626,.35
75,5,9,10,1,1,24.97687758872265,.7
75,5,9,11,1,2,16.39799987083518,1.05
75,5,9,12,1,3,26.52751517026261,1.4
76,8,,1,0,,6.66184535664237,0
76,8,,2,0,,6.800212430568646,0
76,8,,3,0,,10.58630103201381,0
76,8,,4,0,,13.79061627476474,0
76,8,,5,0,,9.163244534083365,0
76,8,,6,0,,12.8688519783562,0
76,8,,7,0,,15.9069259990977,0
76,8,,8,0,,14.5610214395476,0
76,8,,9,0,,15.46742818147616,0
76,8,,10,0,,13.62805157677921,0
76,8,,11,0,,13.37734843928204,0
76,8,,12,0,,17.12589148552332,0
77,8,,1,0,,11.17779652328764,0
77,8,,2,0,,12.64741929932933,0
77,8,,3,0,,12.20135908291476,0
77,8,,4,0,,19.00891667721515,0
77,8,,5,0,,19.88471141927875,0
77,8,,6,0,,16.98599896186787,0
77,8,,7,0,,17.76493792017935,0
77,8,,8,0,,20.0748520827613,0
77,8,,9,0,,21.15665933577982,0
77,8,,10,0,,17.56491915508541,0
77,8,,11,0,,15.11642529731288,0
77,8,,12,0,,17.7627011435269,0
78,4,7,1,0,-6,20.50330897640032,0
78,4,7,2,0,-5,16.37624712482097,0
78,4,7,3,0,-4,23.05487122523784,0
78,4,7,4,0,-3,24.18079279311448,0
78,4,7,5,0,-2,19.44133279011363,0
78,4,7,6,0,-1,16.57738442859821,0
78,4,7,7,1,0,16.89477931188771,.5
78,4,7,8,1,1,27.03500755750515,1
78,4,7,9,1,2,25.18542475456773,1.5
78,4,7,10,1,3,17.82318509147412,2
78,4,7,11,1,4,21.61647955871622,2.5
78,4,7,12,1,5,25.58527647501236,3
79,7,,1,0,,16.49124291409663,0
79,7,,2,0,,14.86298276827428,0
79,7,,3,0,,19.49390015992736,0
79,7,,4,0,,20.92888505812525,0
79,7,,5,0,,22.12571838170339,0
79,7,,6,0,,17.25047405206832,0
79,7,,7,0,,17.62692191877038,0
79,7,,8,0,,18.14829575779946,0
79,7,,9,0,,13.66125870129584,0
79,7,,10,0,,16.03536276204427,0
79,7,,11,0,,18.05825666781748,0
79,7,,12,0,,21.69229935757571,0
80,7,,1,0,,9.176944513245807,0
80,7,,2,0,,17.50684224947051,0
80,7,,3,0,,16.00456413636978,0
80,7,,4,0,,16.91382765178434,0
80,7,,5,0,,17.84675814826779,0
80,7,,6,0,,13.2627823340689,0
80,7,,7,0,,16.02191235965394,0
80,7,,8,0,,14.876679691854,0
80,7,,9,0,,19.15498285255119,0
80,7,,10,0,,16.2270612750521,0
80,7,,11,0,,16.1918132739727,0
80,7,,12,0,,21.13811518990103,0
81,5,9,1,0,-8,25.73151338179328,0
81,5,9,2,0,-7,27.54613575278702,0
81,5,9,3,0,-6,24.75365494389972,0
81,5,9,4,0,-5,25.03136961951833,0
81,5,9,5,0,-4,29.23784873335597,0
81,5,9,6,0,-3,22.00459851465039,0
81,5,9,7,0,-2,27.22015061287259,0
81,5,9,8,0,-1,25.82154795012201,0
81,5,9,9,1,0,29.7287982924983,.35
81,5,9,10,1,1,27.96052188675939,.7
81,5,9,11,1,2,24.104783912551,1.05
81,5,9,12,1,3,34.19252960471665,1.4
82,8,,1,0,,17.19657949447419,0
82,8,,2,0,,20.41256567073595,0
82,8,,3,0,,23.60396821274438,0
82,8,,4,0,,26.3607353509201,0
82,8,,5,0,,27.92982549623508,0
82,8,,6,0,,20.38142451326083,0
82,8,,7,0,,19.61455903433037,0
82,8,,8,0,,23.82709901176054,0
82,8,,9,0,,33.61426843615848,0
82,8,,10,0,,18.90410964732279,0
82,8,,11,0,,23.90130012599965,0
82,8,,12,0,,23.47853676216377,0
83,7,,1,0,,10.41313523327846,0
83,7,,2,0,,7.379912742162483,0
83,7,,3,0,,9.912873827513707,0
83,7,,4,0,,6.759846125432746,0
83,7,,5,0,,5.354065712007708,0
83,7,,6,0,,11.02786394153769,0
83,7,,7,0,,8.3011175835732,0
83,7,,8,0,,13.77827208921921,0
83,7,,9,0,,11.00193149916816,0
83,7,,10,0,,6.577458371120714,0
83,7,,11,0,,10.31583372880626,0
83,7,,12,0,,6.756799816303175,0
84,8,,1,0,,16.37935302812699,0
84,8,,2,0,,21.19576310010031,0
84,8,,3,0,,17.98749013165512,0
84,8,,4,0,,18.65483128343554,0
84,8,,5,0,,22.92893139472091,0
84,8,,6,0,,20.86524006543209,0
84,8,,7,0,,24.07487494927904,0
84,8,,8,0,,22.34518670099186,0
84,8,,9,0,,24.45118118446896,0
84,8,,10,0,,18.4820906474065,0
84,8,,11,0,,26.83240520902532,0
84,8,,12,0,,24.21866782703812,0
85,5,9,1,0,-8,11.35654446574488,0
85,5,9,2,0,-7,6.852081090757094,0
85,5,9,3,0,-6,16.26500172249141,0
85,5,9,4,0,-5,17.04237790955396,0
85,5,9,5,0,-4,12.09977307344542,0
85,5,9,6,0,-3,14.67834439248595,0
85,5,9,7,0,-2,14.36922680953618,0
85,5,9,8,0,-1,15.42830805328235,0
85,5,9,9,1,0,15.33304009810888,.35
85,5,9,10,1,1,20.85637118845663,.7
85,5,9,11,1,2,17.1525869256071,1.05
85,5,9,12,1,3,15.40302709048003,1.4
86,6,9,1,0,-8,15.65304890216796,0
86,6,9,2,0,-7,18.19180748090754,0
86,6,9,3,0,-6,23.00568092747281,0
86,6,9,4,0,-5,23.8069421925178,0
86,6,9,5,0,-4,22.37133425229626,0
86,6,9,6,0,-3,21.10421393650784,0
86,6,9,7,0,-2,18.38591825833024,0
86,6,9,8,0,-1,20.92510250106144,0
86,6,9,9,1,0,22.00554750686525,.35
86,6,9,10,1,1,22.12376730847434,.7
86,6,9,11,1,2,20.52152571270607,1.05
86,6,9,12,1,3,30.46627500567219,1.4
87,4,7,1,0,-6,14.82645489925018,0
87,4,7,2,0,-5,10.82336556108504,0
87,4,7,3,0,-4,14.09717906278934,0
87,4,7,4,0,-3,18.11874050982444,0
87,4,7,5,0,-2,13.4137099764594,0
87,4,7,6,0,-1,21.20539737333878,0
87,4,7,7,1,0,22.63951440125642,.5
87,4,7,8,1,1,24.08292602001039,1
87,4,7,9,1,2,17.65653274360254,1.5
87,4,7,10,1,3,22.49748517890502,2
87,4,7,11,1,4,19.14897075731523,2.5
87,4,7,12,1,5,19.54638842215806,3
88,8,,1,0,,24.76982361459246,0
88,8,,2,0,,23.26601543453557,0
88,8,,3,0,,18.80193563383182,0
88,8,,4,0,,20.4678920601681,0
88,8,,5,0,,23.26533247158253,0
88,8,,6,0,,19.0886930765394,0
88,8,,7,0,,26.56455949602025,0
88,8,,8,0,,21.83430717718178,0
88,8,,9,0,,20.96226381291609,0
88,8,,10,0,,22.78330750194925,0
88,8,,11,0,,23.53748261810437,0
88,8,,12,0,,23.42416101247138,0
89,3,7,1,0,-6,13.23113838014316,0
89,3,7,2,0,-5,14.86441162030615,0
89,3,7,3,0,-4,14.0447928987299,0
89,3,7,4,0,-3,15.66710334245879,0
89,3,7,5,0,-2,15.97310158831677,0
89,3,7,6,0,-1,15.45292146753531,0
89,3,7,7,1,0,14.86794765723036,.5
89,3,7,8,1,1,12.88841017461387,1
89,3,7,9,1,2,15.9955785546242,1.5
89,3,7,10,1,3,22.00567992974476,2
89,3,7,11,1,4,16.80563135887644,2.5
89,3,7,12,1,5,19.62921868893715,3
90,2,5,1,0,-4,11.51375718055048,0
90,2,5,2,0,-3,4.106644920275346,0
90,2,5,3,0,-2,5.745459163801821,0
90,2,5,4,0,-1,5.919277158770633,0
90,2,5,5,1,0,.1696445302900074,.75
90,2,5,6,1,1,7.305997915607085,1.5
90,2,5,7,1,2,10.83989956152043,2.25
90,2,5,8,1,3,13.42171685977646,3
90,2,5,9,1,4,12.53779618217216,3.75
90,2,5,10,1,5,13.60577174801586,4.5
90,2,5,11,1,6,15.46463159284829,5.25
90,2,5,12,1,7,14.75292038081783,6
91,2,5,1,0,-4,20.22070807254349,0
91,2,5,2,0,-3,23.5402112524777,0
91,2,5,3,0,-2,24.65148283675265,0
91,2,5,4,0,-1,25.02498918586268,0
91,2,5,5,1,0,27.02516949194396,.75
91,2,5,6,1,1,24.41617209736197,1.5
91,2,5,7,1,2,28.72452621396594,2.25
91,2,5,8,1,3,29.19695141488308,3
91,2,5,9,1,4,33.87897066430339,3.75
91,2,5,10,1,5,26.22623013045182,4.5
91,2,5,11,1,6,29.70659840362565,5.25
91,2,5,12,1,7,23.77460921615021,6
92,5,9,1,0,-8,15.16159550237728,0
92,5,9,2,0,-7,10.45789545711862,0
92,5,9,3,0,-6,12.28388094762468,0
92,5,9,4,0,-5,13.29365860002703,0
92,5,9,5,0,-4,13.41500681991009,0
92,5,9,6,0,-3,18.49006956924336,0
92,5,9,7,0,-2,22.26250867451443,0
92,5,9,8,0,-1,13.48608996586844,0
92,5,9,9,1,0,15.71945484237364,.35
92,5,9,10,1,1,18.68245977143104,.7
92,5,9,11,1,2,13.90503740451786,1.05
92,5,9,12,1,3,16.31020932767106,1.4
93,5,9,1,0,-8,5.490681077058312,0
93,5,9,2,0,-7,15.47763790116261,0
93,5,9,3,0,-6,10.56160911192471,0
93,5,9,4,0,-5,7.331394250225236,0
93,5,9,5,0,-4,12.86789580469404,0
93,5,9,6,0,-3,10.67765906844569,0
93,5,9,7,0,-2,7.407465312393219,0
93,5,9,8,0,-1,16.24381669621421,0
93,5,9,9,1,0,11.70298003262704,.35
93,5,9,10,1,1,11.41813087837662,.7
93,5,9,11,1,2,7.496969378524855,1.05
93,5,9,12,1,3,8.624404101763368,1.4
94,2,5,1,0,-4,16.7216378963326,0
94,2,5,2,0,-3,18.1724518502181,0
94,2,5,3,0,-2,16.00998550546233,0
94,2,5,4,0,-1,17.98817850822521,0
94,2,5,5,1,0,10.88761875635457,.75
94,2,5,6,1,1,12.23387559945029,1.5
94,2,5,7,1,2,18.61957815684474,2.25
94,2,5,8,1,3,20.29079492606126,3
94,2,5,9,1,4,18.79816337064171,3.75
94,2,5,10,1,5,25.47209997307566,4.5
94,2,5,11,1,6,21.54159297217693,5.25
94,2,5,12,1,7,24.36113023258907,6
95,8,,1,0,,12.18801366746322,0
95,8,,2,0,,21.97131525009237,0
95,8,,3,0,,16.95390770885853,0
95,8,,4,0,,18.81741896000931,0
95,8,,5,0,,18.74858354926117,0
95,8,,6,0,,22.59388883211572,0
95,8,,7,0,,20.55995384850068,0
95,8,,8,0,,20.48693803642606,0
95,8,,9,0,,23.19056992768679,0
95,8,,10,0,,23.34966210564882,0
95,8,,11,0,,18.51459342731274,0
95,8,,12,0,,19.58822909000299,0
96,4,7,1,0,-6,9.843174927303693,0
96,4,7,2,0,-5,15.28869192732216,0
96,4,7,3,0,-4,11.64234088611184,0
96,4,7,4,0,-3,14.89425596370156,0
96,4,7,5,0,-2,9.257952001073264,0
96,4,7,6,0,-1,12.91381985510939,0
96,4,7,7,1,0,14.18141406178254,.5
96,4,7,8,1,1,11.70114647900459,1
96,4,7,9,1,2,16.65405612887792,1.5
96,4,7,10,1,3,19.6174939404896,2
96,4,7,11,1,4,21.80930201462343,2.5
96,4,7,12,1,5,21.87412744253953,3
97,1,5,1,0,-4,3.447085966974868,0
97,1,5,2,0,-3,.8565577157694761,0
97,1,5,3,0,-2,4.873437202183257,0
97,1,5,4,0,-1,4.424058123898281,0
97,1,5,5,1,0,1.50019371110527,.75
97,1,5,6,1,1,12.41939188390934,1.5
97,1,5,7,1,2,13.08802183508272,2.25
97,1,5,8,1,3,8.937908767543082,3
97,1,5,9,1,4,9.780297132579486,3.75
97,1,5,10,1,5,14.03858690899175,4.5
97,1,5,11,1,6,15.42989925190867,5.25
97,1,5,12,1,7,12.31675654953258,6
98,3,7,1,0,-6,18.28934545457183,0
98,3,7,2,0,-5,13.92968383629571,0
98,3,7,3,0,-4,11.13480952273312,0
98,3,7,4,0,-3,15.06390564759099,0
98,3,7,5,0,-2,14.07711256017629,0
98,3,7,6,0,-1,14.75253798714928,0
98,3,7,7,1,0,12.80535099495523,.5
98,3,7,8,1,1,14.28514586805976,1
98,3,7,9,1,2,18.90894026808057,1.5
98,3,7,10,1,3,22.2155303078035,2
98,3,7,11,1,4,19.40568080220437,2.5
98,3,7,12,1,5,16.86814677245381,3
99,4,7,1,0,-6,31.80633533850793,0
99,4,7,2,0,-5,27.96259173903371,0
99,4,7,3,0,-4,28.00491488840127,0
99,4,7,4,0,-3,28.33414463814065,0
99,4,7,5,0,-2,31.63824406048657,0
99,4,7,6,0,-1,30.30858112690552,0
99,4,7,7,1,0,22.16835916188731,.5
99,4,7,8,1,1,30.60233155539449,1
99,4,7,9,1,2,30.06386578225314,1.5
99,4,7,10,1,3,32.43321981630982,2
99,4,7,11,1,4,28.14011817383247,2.5
99,4,7,12,1,5,34.65543066654294,3
100,1,5,1,0,-4,19.17696610176814,0
100,1,5,2,0,-3,17.50988210434223,0
100,1,5,3,0,-2,23.09551548699349,0
100,1,5,4,0,-1,15.97447238645663,0
100,1,5,5,1,0,19.02539601319039,.75
100,1,5,6,1,1,18.79853374978274,1.5
100,1,5,7,1,2,19.70344310018636,2.25
100,1,5,8,1,3,24.87768526496121,3
100,1,5,9,1,4,23.24497317043677,3.75
100,1,5,10,1,5,23.32910273032119,4.5
100,1,5,11,1,6,26.1968218157296,5.25
100,1,5,12,1,7,33.71709346958225,6
101,4,7,1,0,-6,14.75146689412931,0
101,4,7,2,0,-5,15.26180963888046,0
101,4,7,3,0,-4,8.307332843102177,0
101,4,7,4,0,-3,10.32643384453254,0
101,4,7,5,0,-2,13.77440325072196,0
101,4,7,6,0,-1,14.92620332944382,0
101,4,7,7,1,0,11.48653738179123,.5
101,4,7,8,1,1,14.89749227700518,1
101,4,7,9,1,2,17.81302372131136,1.5
101,4,7,10,1,3,16.5360549611196,2
101,4,7,11,1,4,17.15045994245423,2.5
101,4,7,12,1,5,20.07797046239484,3
102,2,5,1,0,-4,21.92160893065637,0
102,2,5,2,0,-3,18.06457397101335,0
102,2,5,3,0,-2,21.26134417192476,0
102,2,5,4,0,-1,24.21531554001179,0
102,2,5,5,1,0,26.54074325961164,.75
102,2,5,6,1,1,26.17977073990447,1.5
102,2,5,7,1,2,27.7633946493732,2.25
102,2,5,8,1,3,27.35701228785074,3
102,2,5,9,1,4,31.04167470689264,3.75
102,2,5,10,1,5,30.13134833866912,4.5
102,2,5,11,1,6,29.28436436831349,5.25
102,2,5,12,1,7,34.64847799553684,6
103,2,5,1,0,-4,9.740883623137817,0
103,2,5,2,0,-3,8.119621507633589,0
103,2,5,3,0,-2,11.84915821222429,0
103,2,5,4,0,-1,10.97108904342545,0
103,2,5,5,1,0,12.35443971328552,.75
103,2,5,6,1,1,10.56772621411197,1.5
103,2,5,7,1,2,14.24378608410615,2.25
103,2,5,8,1,3,14.40310193593504,3
103,2,5,9,1,4,14.70649085046829,3.75
103,2,5,10,1,5,19.50281432144872,4.5
103,2,5,11,1,6,15.73556623181635,5.25
103,2,5,12,1,7,20.05759584537222,6
104,2,5,1,0,-4,12.20764410165566,0
104,2,5,2,0,-3,9.844962797012229,0
104,2,5,3,0,-2,7.539693594512274,0
104,2,5,4,0,-1,9.12910457791371,0
104,2,5,5,1,0,6.566905498667558,.75
104,2,5,6,1,1,9.54195484567926,1.5
104,2,5,7,1,2,14.60643255567754,2.25
104,2,5,8,1,3,21.26097357402072,3
104,2,5,9,1,4,19.69321536547075,3.75
104,2,5,10,1,5,18.72685677034319,4.5
104,2,5,11,1,6,20.00111321506352,5.25
104,2,5,12,1,7,16.51857720635671,6
105,2,5,1,0,-4,26.19673172439033,0
105,2,5,2,0,-3,19.67777150634555,0
105,2,5,3,0,-2,19.83783924702605,0
105,2,5,4,0,-1,20.07495097432505,0
105,2,5,5,1,0,19.33105117254363,.75
105,2,5,6,1,1,18.77874560488871,1.5
105,2,5,7,1,2,21.02948675952469,2.25
105,2,5,8,1,3,25.07633296639578,3
105,2,5,9,1,4,20.99855341081259,3.75
105,2,5,10,1,5,24.9913962736641,4.5
105,2,5,11,1,6,27.06704244793626,5.25
105,2,5,12,1,7,30.31904395579199,6
106,1,5,1,0,-4,24.69593489773207,0
106,1,5,2,0,-3,26.12179222024908,0
106,1,5,3,0,-2,25.49279134956113,0
106,1,5,4,0,-1,32.51762242254239,0
106,1,5,5,1,0,23.94913363728345,.75
106,1,5,6,1,1,30.23441913549035,1.5
106,1,5,7,1,2,33.16222206395919,2.25
106,1,5,8,1,3,32.80156938462179,3
106,1,5,9,1,4,35.16700307125121,3.75
106,1,5,10,1,5,33.72518338295987,4.5
106,1,5,11,1,6,32.5222874483992,5.25
106,1,5,12,1,7,36.04292777927473,6
107,7,,1,0,,10.53184554765035,0
107,7,,2,0,,12.83036638430461,0
107,7,,3,0,,9.439006700493685,0
107,7,,4,0,,7.780769943547384,0
107,7,,5,0,,13.98270675115423,0
107,7,,6,0,,11.52889791095217,0
107,7,,7,0,,11.92385478985081,0
107,7,,8,0,,11.70037071748122,0
107,7,,9,0,,15.35149106627159,0
107,7,,10,0,,12.04932020541724,0
107,7,,11,0,,13.55469985253143,0
107,7,,12,0,,14.39740103847766,0
108,8,,1,0,,26.01715505197318,0
108,8,,2,0,,22.17332902246562,0
108,8,,3,0,,25.3796587698269,0
108,8,,4,0,,25.57301552929409,0
108,8,,5,0,,27.30749174239592,0
108,8,,6,0,,24.16324213024134,0
108,8,,7,0,,28.73201855541831,0
108,8,,8,0,,23.73887890406839,0
108,8,,9,0,,23.11791667960136,0
108,8,,10,0,,23.20822188499218,0
108,8,,11,0,,26.5073377360927,0
108,8,,12,0,,25.18719462647287,0
109,7,,1,0,,9.066950189135975,0
109,7,,2,0,,10.73591318595535,0
109,7,,3,0,,9.968414777413109,0
109,7,,4,0,,13.51251449537547,0
109,7,,5,0,,6.415416527411757,0
109,7,,6,0,,10.22308036905643,0
109,7,,7,0,,12.2787937012934,0
109,7,,8,0,,5.751728576228856,0
109,7,,9,0,,7.753655703813075,0
109,7,,10,0,,10.59596025660325,0
109,7,,11,0,,11.30016922317007,0
109,7,,12,0,,17.6629170139101,0
110,1,5,1,0,-4,11.92169215324562,0
110,1,5,2,0,-3,17.88060816861203,0
110,1,5,3,0,-2,10.73839347693128,0
110,1,5,4,0,-1,12.69798660831165,0
110,1,5,5,1,0,16.22438452285685,.75
110,1,5,6,1,1,16.79895483751378,1.5
110,1,5,7,1,2,13.2615778506554,2.25
110,1,5,8,1,3,14.39482778011669,3
110,1,5,9,1,4,16.70650976537616,3.75
110,1,5,10,1,5,13.71993188277274,4.5
110,1,5,11,1,6,18.34095123075504,5.25
110,1,5,12,1,7,26.48942569284906,6
111,5,9,1,0,-8,19.38841143475094,0
111,5,9,2,0,-7,14.56299331307553,0
111,5,9,3,0,-6,9.700450758387031,0
111,5,9,4,0,-5,18.36218906705605,0
111,5,9,5,0,-4,17.57347591113621,0
111,5,9,6,0,-3,13.47894249948358,0
111,5,9,7,0,-2,15.00764865381598,0
111,5,9,8,0,-1,21.05718644414372,0
111,5,9,9,1,0,19.45690383417924,.35
111,5,9,10,1,1,13.12943312204399,.7
111,5,9,11,1,2,12.05939293258523,1.05
111,5,9,12,1,3,16.60747426514706,1.4
112,1,5,1,0,-4,29.13010658729054,0
112,1,5,2,0,-3,23.85844519415259,0
112,1,5,3,0,-2,22.86706252103098,0
112,1,5,4,0,-1,28.97743388138798,0
112,1,5,5,1,0,24.9260062501781,.75
112,1,5,6,1,1,31.05562109491974,1.5
112,1,5,7,1,2,32.7699542666377,2.25
112,1,5,8,1,3,32.71646860740028,3
112,1,5,9,1,4,35.68297419902409,3.75
112,1,5,10,1,5,31.56137934347157,4.5
112,1,5,11,1,6,31.82605725427202,5.25
112,1,5,12,1,7,31.38499723642848,6
113,6,9,1,0,-8,20.45555759173426,0
113,6,9,2,0,-7,19.56362016587931,0
113,6,9,3,0,-6,21.54005767717041,0
113,6,9,4,0,-5,18.8198535865968,0
113,6,9,5,0,-4,17.51405480566589,0
113,6,9,6,0,-3,22.0245196086504,0
113,6,9,7,0,-2,18.06070423247882,0
113,6,9,8,0,-1,24.30679132886994,0
113,6,9,9,1,0,22.06471719172871,.35
113,6,9,10,1,1,23.61821740042866,.7
113,6,9,11,1,2,26.76316016880052,1.05
113,6,9,12,1,3,21.66901546694919,1.4
114,6,9,1,0,-8,22.75466850554855,0
114,6,9,2,0,-7,20.3488563744444,0
114,6,9,3,0,-6,23.01765539041256,0
114,6,9,4,0,-5,19.78909801637847,0
114,6,9,5,0,-4,28.14610564641265,0
114,6,9,6,0,-3,24.99990742905145,0
114,6,9,7,0,-2,27.83719452123737,0
114,6,9,8,0,-1,31.2787669678959,0
114,6,9,9,1,0,23.66443445547722,.35
114,6,9,10,1,1,23.47337408912593,.7
114,6,9,11,1,2,25.2168663209827,1.05
114,6,9,12,1,3,26.38707269418502,1.4
115,1,5,1,0,-4,20.9565589640858,0
115,1,5,2,0,-3,24.55319188776585,0
115,1,5,3,0,-2,16.13239524144635,0
115,1,5,4,0,-1,27.62761264917407,0
115,1,5,5,1,0,16.9508407177187,.75
115,1,5,6,1,1,26.58074369765494,1.5
115,1,5,7,1,2,27.60134770916132,2.25
115,1,5,8,1,3,27.08008414265275,3
115,1,5,9,1,4,24.50168614982369,3.75
115,1,5,10,1,5,28.14274386456408,4.5
115,1,5,11,1,6,30.72425337329027,5.25
115,1,5,12,1,7,32.1746475983435,6
116,1,5,1,0,-4,13.73444088027788,0
116,1,5,2,0,-3,9.369138121567669,0
116,1,5,3,0,-2,8.727220782873125,0
116,1,5,4,0,-1,12.70968665039738,0
116,1,5,5,1,0,15.25791009373394,.75
116,1,5,6,1,1,4.251068830936539,1.5
116,1,5,7,1,2,17.46720531916538,2.25
116,1,5,8,1,3,10.10210937189436,3
116,1,5,9,1,4,13.43587239773659,3.75
116,1,5,10,1,5,22.29334025287768,4.5
116,1,5,11,1,6,15.75625698142766,5.25
116,1,5,12,1,7,14.1074935177274,6
117,3,7,1,0,-6,15.08485081146013,0
117,3,7,2,0,-5,11.53700900149915,0
117,3,7,3,0,-4,12.73329534125884,0
117,3,7,4,0,-3,17.83951910336055,0
117,3,7,5,0,-2,11.58896021889618,0
117,3,7,6,0,-1,18.64455269580488,0
117,3,7,7,1,0,12.23740167908927,.5
117,3,7,8,1,1,17.61982167398314,1
117,3,7,9,1,2,20.33478018755861,1.5
117,3,7,10,1,3,20.03459340699411,2
117,3,7,11,1,4,20.12026284535727,2.5
117,3,7,12,1,5,26.33208294514553,3
118,7,,1,0,,18.33764765002685,0
118,7,,2,0,,15.37163343089773,0
118,7,,3,0,,17.67634483254196,0
118,7,,4,0,,21.97941070051738,0
118,7,,5,0,,21.1111144630995,0
118,7,,6,0,,20.41769333939969,0
118,7,,7,0,,20.81652854466139,0
118,7,,8,0,,22.382532123767,0
118,7,,9,0,,19.28095855056814,0
118,7,,10,0,,24.93078636717283,0
118,7,,11,0,,20.88071197169137,0
118,7,,12,0,,22.11511470391503,0
119,4,7,1,0,-6,19.13591688030496,0
119,4,7,2,0,-5,15.38235749088965,0
119,4,7,3,0,-4,17.2224915608297,0
119,4,7,4,0,-3,23.3196721310552,0
119,4,7,5,0,-2,23.13326014870376,0
119,4,7,6,0,-1,23.29658383335625,0
119,4,7,7,1,0,24.06131027294769,.5
119,4,7,8,1,1,21.94668201631842,1
119,4,7,9,1,2,24.20053239959213,1.5
119,4,7,10,1,3,23.21928146075771,2
119,4,7,11,1,4,25.62082100638694,2.5
119,4,7,12,1,5,27.71921215108287,3
120,4,7,1,0,-6,19.79310087306512,0
120,4,7,2,0,-5,18.56887397940303,0
120,4,7,3,0,-4,17.26670619547757,0
120,4,7,4,0,-3,20.985664460051,0
120,4,7,5,0,-2,20.93373296450233,0
120,4,7,6,0,-1,16.75922529304539,0
120,4,7,7,1,0,21.48793722052971,.5
120,4,7,8,1,1,24.96405339363018,1
120,4,7,9,1,2,24.98769655368162,1.5
120,4,7,10,1,3,21.94575633924705,2
120,4,7,11,1,4,18.73108777538949,2.5
120,4,7,12,1,5,24.39678663758199,3
121,8,,1,0,,17.88630513793115,0
121,8,,2,0,,14.46176924871695,0
121,8,,3,0,,17.42421972424572,0
121,8,,4,0,,17.12527771036574,0
121,8,,5,0,,19.81508449955551,0
121,8,,6,0,,27.75561424889199,0
121,8,,7,0,,20.73977857738769,0
121,8,,8,0,,17.9586286805117,0
121,8,,9,0,,18.03434172442151,0
121,8,,10,0,,13.54339007152544,0
121,8,,11,0,,19.01359335670062,0
121,8,,12,0,,23.61765091146748,0
122,2,5,1,0,-4,13.17487683119651,0
122,2,5,2,0,-3,12.95178814469306,0
122,2,5,3,0,-2,15.312955500747,0
122,2,5,4,0,-1,14.32578442218689,0
122,2,5,5,1,0,9.215428820516713,.75
122,2,5,6,1,1,13.44124878752576,1.5
122,2,5,7,1,2,21.0167786780952,2.25
122,2,5,8,1,3,18.0498786274435,3
122,2,5,9,1,4,20.84682483186062,3.75
122,2,5,10,1,5,16.75829939496481,4.5
122,2,5,11,1,6,22.88152419507716,5.25
122,2,5,12,1,7,22.67380855610929,6
123,8,,1,0,,16.92959612949803,0
123,8,,2,0,,19.98983958177837,0
123,8,,3,0,,21.50452723579225,0
123,8,,4,0,,15.68643770643712,0
123,8,,5,0,,23.79846583998818,0
123,8,,6,0,,22.99315237470933,0
123,8,,7,0,,22.75762786241936,0
123,8,,8,0,,24.87525563248085,0
123,8,,9,0,,20.43547611590693,0
123,8,,10,0,,16.92158932126964,0
123,8,,11,0,,22.59706627844038,0
123,8,,12,0,,18.30280182659654,0
124,5,9,1,0,-8,9.844125348062972,0
124,5,9,2,0,-7,14.25627814926358,0
124,5,9,3,0,-6,9.271165804932201,0
124,5,9,4,0,-5,5.598704896784583,0
124,5,9,5,0,-4,9.680585526712191,0
124,5,9,6,0,-3,6.571045314656629,0
124,5,9,7,0,-2,12.12598527867433,0
124,5,9,8,0,-1,15.03192631408375,0
124,5,9,9,1,0,7.963238415250474,.35
124,5,9,10,1,1,8.035574035236174,.7
124,5,9,11,1,2,14.93001561477472,1.05
124,5,9,12,1,3,13.61119802744881,1.4
125,1,5,1,0,-4,6.472581622004938,0
125,1,5,2,0,-3,19.64090900063788,0
125,1,5,3,0,-2,15.63308005481296,0
125,1,5,4,0,-1,15.01992208957987,0
125,1,5,5,1,0,14.84049398627712,.75
125,1,5,6,1,1,21.38160455833702,1.5
125,1,5,7,1,2,17.83443507851469,2.25
125,1,5,8,1,3,21.16574371688753,3
125,1,5,9,1,4,23.50586394240508,3.75
125,1,5,10,1,5,21.56090287882214,4.5
125,1,5,11,1,6,24.52563809726329,5.25
125,1,5,12,1,7,24.42724677334511,6
126,4,7,1,0,-6,9.871627329891529,0
126,4,7,2,0,-5,9.072199568211513,0
126,4,7,3,0,-4,9.071463541502276,0
126,4,7,4,0,-3,12.68943697971412,0
126,4,7,5,0,-2,13.21612105562874,0
126,4,7,6,0,-1,8.590471066653409,0
126,4,7,7,1,0,13.69472136257025,.5
126,4,7,8,1,1,14.52926347884703,1
126,4,7,9,1,2,12.99584058902639,1.5
126,4,7,10,1,3,14.04002214845405,2
126,4,7,11,1,4,13.84571090783662,2.5
126,4,7,12,1,5,19.24704760664615,3
127,3,7,1,0,-6,20.97386190109428,0
127,3,7,2,0,-5,22.3913249274759,0
127,3,7,3,0,-4,19.43909098393593,0
127,3,7,4,0,-3,22.53374529388729,0
127,3,7,5,0,-2,20.88316543340449,0
127,3,7,6,0,-1,20.46781098095344,0
127,3,7,7,1,0,18.82359873923249,.5
127,3,7,8,1,1,26.1894207277698,1
127,3,7,9,1,2,24.8233833281023,1.5
127,3,7,10,1,3,24.35592974772173,2
127,3,7,11,1,4,27.06815693276598,2.5
127,3,7,12,1,5,26.8741471970928,3
128,3,7,1,0,-6,21.07932375616263,0
128,3,7,2,0,-5,16.54985320109429,0
128,3,7,3,0,-4,19.35827345628437,0
128,3,7,4,0,-3,23.96155251745759,0
128,3,7,5,0,-2,17.5091028854393,0
128,3,7,6,0,-1,16.48845556690747,0
128,3,7,7,1,0,18.31409245733679,.5
128,3,7,8,1,1,22.71788954691423,1
128,3,7,9,1,2,17.84156046989851,1.5
128,3,7,10,1,3,20.54957343115733,2
128,3,7,11,1,4,21.70849839066839,2.5
128,3,7,12,1,5,25.50707828783123,3
129,6,9,1,0,-8,20.7691756304282,0
129,6,9,2,0,-7,23.66636453952326,0
129,6,9,3,0,-6,20.35748558613449,0
129,6,9,4,0,-5,26.16183571098018,0
129,6,9,5,0,-4,20.63425988231749,0
129,6,9,6,0,-3,17.61448432560153,0
129,6,9,7,0,-2,24.83150406285011,0
129,6,9,8,0,-1,16.94905464396957,0
129,6,9,9,1,0,23.41060577097799,.35
129,6,9,10,1,1,26.21233681788,.7
129,6,9,11,1,2,22.46132957545587,1.05
129,6,9,12,1,3,27.23942081888673,1.4
130,2,5,1,0,-4,5.982775056565933,0
130,2,5,2,0,-3,6.74747667327506,0
130,2,5,3,0,-2,10.1374432528842,0
130,2,5,4,0,-1,9.688901640885371,0
130,2,5,5,1,0,7.288249577696556,.75
130,2,5,6,1,1,14.30353081419834,1.5
130,2,5,7,1,2,9.809961088079476,2.25
130,2,5,8,1,3,10.52117477203949,3
130,2,5,9,1,4,14.88312977269474,3.75
130,2,5,10,1,5,9.707546886246945,4.5
130,2,5,11,1,6,15.6955041633464,5.25
130,2,5,12,1,7,16.26247371605482,6
131,6,9,1,0,-8,12.78726612405888,0
131,6,9,2,0,-7,8.327426613341437,0
131,6,9,3,0,-6,9.456635790099858,0
131,6,9,4,0,-5,9.823131518680698,0
131,6,9,5,0,-4,14.00413506514637,0
131,6,9,6,0,-3,13.76316935233659,0
131,6,9,7,0,-2,11.3505807066368,0
131,6,9,8,0,-1,12.37790779595256,0
131,6,9,9,1,0,14.79334043871788,.35
131,6,9,10,1,1,15.67470059586391,.7
131,6,9,11,1,2,14.93867249720018,1.05
131,6,9,12,1,3,13.62567804625414,1.4
132,8,,1,0,,16.6551947216417,0
132,8,,2,0,,17.18329476872492,0
132,8,,3,0,,12.32220191314743,0
132,8,,4,0,,18.10213363410817,0
132,8,,5,0,,13.39653270437862,0
132,8,,6,0,,13.46026365127528,0
132,8,,7,0,,18.55475306552266,0
132,8,,8,0,,13.67657974709451,0
132,8,,9,0,,15.0281788308958,0
132,8,,10,0,,18.52399605068491,0
132,8,,11,0,,16.99036384840828,0
132,8,,12,0,,16.28118249248986,0
133,4,7,1,0,-6,14.34639298207576,0
133,4,7,2,0,-5,15.54775167648081,0
133,4,7,3,0,-4,12.00240650215545,0
133,4,7,4,0,-3,14.96810367222944,0
133,4,7,5,0,-2,18.07278368873886,0
133,4,7,6,0,-1,16.6717555077426,0
133,4,7,7,1,0,18.70121764367362,.5
133,4,7,8,1,1,19.45074794110349,1
133,4,7,9,1,2,17.12292404050589,1.5
133,4,7,10,1,3,23.57133664776531,2
133,4,7,11,1,4,21.52351595914695,2.5
133,4,7,12,1,5,23.23114512637476,3
134,1,5,1,0,-4,27.28854195403125,0
134,1,5,2,0,-3,18.27870001141136,0
134,1,5,3,0,-2,18.87418461556109,0
134,1,5,4,0,-1,26.06474250301808,0
134,1,5,5,1,0,17.85230974037272,.75
134,1,5,6,1,1,23.62313496417511,1.5
134,1,5,7,1,2,22.17031476447969,2.25
134,1,5,8,1,3,31.20414962616843,3
134,1,5,9,1,4,30.85813129510115,3.75
134,1,5,10,1,5,30.8554924580763,4.5
134,1,5,11,1,6,29.7147419240981,5.25
134,1,5,12,1,7,29.24881063198168,6
135,3,7,1,0,-6,17.94592562351416,0
135,3,7,2,0,-5,18.24592687939035,0
135,3,7,3,0,-4,15.40981662706233,0
135,3,7,4,0,-3,19.87615429841593,0
135,3,7,5,0,-2,19.20097172405058,0
135,3,7,6,0,-1,14.70560748278373,0
135,3,7,7,1,0,16.6185715617354,.5
135,3,7,8,1,1,16.81159473517243,1
135,3,7,9,1,2,18.65968257858759,1.5
135,3,7,10,1,3,22.97317515043275,2
135,3,7,11,1,4,20.98981441967332,2.5
135,3,7,12,1,5,23.80998002658945,3
136,8,,1,0,,21.92626750834958,0
136,8,,2,0,,23.20355867444857,0
136,8,,3,0,,19.09153976893903,0
136,8,,4,0,,27.82289327885074,0
136,8,,5,0,,25.72939669791806,0
136,8,,6,0,,19.95483228201972,0
136,8,,7,0,,26.41821052153413,0
136,8,,8,0,,30.37202998514051,0
136,8,,9,0,,29.8220260950459,0
136,8,,10,0,,28.24527191880244,0
136,8,,11,0,,27.52863220867514,0
136,8,,12,0,,28.56261554380747,0
137,1,5,1,0,-4,12.54446196954821,0
137,1,5,2,0,-3,10.89962017139232,0
137,1,5,3,0,-2,5.14459107252851,0
137,1,5,4,0,-1,13.64873826898019,0
137,1,5,5,1,0,12.66678518059257,.75
137,1,5,6,1,1,10.14628606264709,1.5
137,1,5,7,1,2,16.3138583622819,2.25
137,1,5,8,1,3,13.17878068588628,3
137,1,5,9,1,4,12.33351982674361,3.75
137,1,5,10,1,5,16.74265128885396,4.5
137,1,5,11,1,6,13.01909924852028,5.25
137,1,5,12,1,7,17.11375164036655,6
138,5,9,1,0,-8,11.92056127663612,0
138,5,9,2,0,-7,15.17063210885182,0
138,5,9,3,0,-6,14.12310909695356,0
138,5,9,4,0,-5,14.82941821486827,0
138,5,9,5,0,-4,19.66172703754626,0
138,5,9,6,0,-3,14.96275927539608,0
138,5,9,7,0,-2,13.13835836785285,0
138,5,9,8,0,-1,18.40665187824261,0
138,5,9,9,1,0,15.09431113895469,.35
138,5,9,10,1,1,15.48829088790078,.7
138,5,9,11,1,2,16.74578245325163,1.05
138,5,9,12,1,3,21.27071568388122,1.4
139,3,7,1,0,-6,2.168405879817877,0
139,3,7,2,0,-5,5.823902450601715,0
139,3,7,3,0,-4,3.936596714404267,0
139,3,7,4,0,-3,2.582756542738424,0
139,3,7,5,0,-2,1.024393172313761,0
139,3,7,6,0,-1,4.377628410798538,0
139,3,7,7,1,0,10.82474933275852,.5
139,3,7,8,1,1,6.886707746568374,1
139,3,7,9,1,2,4.951900077533171,1.5
139,3,7,10,1,3,13.34506731114189,2
139,3,7,11,1,4,7.162892218869693,2.5
139,3,7,12,1,5,16.01895461730646,3
140,5,9,1,0,-8,21.16899312483183,0
140,5,9,2,0,-7,20.627915013315,0
140,5,9,3,0,-6,25.68048094512822,0
140,5,9,4,0,-5,12.4906844433278,0
140,5,9,5,0,-4,20.51751468380694,0
140,5,9,6,0,-3,20.47302040896863,0
140,5,9,7,0,-2,21.10320609239417,0
140,5,9,8,0,-1,20.17549419636663,0
140,5,9,9,1,0,22.39547721289027,.35
140,5,9,10,1,1,20.05629956027187,.7
140,5,9,11,1,2,19.20679809054428,1.05
140,5,9,12,1,3,20.58242603521111,1.4
141,1,5,1,0,-4,24.76319663695693,0
141,1,5,2,0,-3,26.41249532225515,0
141,1,5,3,0,-2,22.71151622689383,0
141,1,5,4,0,-1,28.66496494341716,0
141,1,5,5,1,0,23.96816683491275,.75
141,1,5,6,1,1,21.40889404671215,1.5
141,1,5,7,1,2,25.88903924127829,2.25
141,1,5,8,1,3,24.98342904574173,3
141,1,5,9,1,4,27.74642415448369,3.75
141,1,5,10,1,5,28.02112813964596,4.5
141,1,5,11,1,6,33.47174110914632,5.25
141,1,5,12,1,7,31.33966264605703,6
142,6,9,1,0,-8,16.73795452456784,0
142,6,9,2,0,-7,21.38882925763856,0
142,6,9,3,0,-6,17.90249282549168,0
142,6,9,4,0,-5,23.34234525329167,0
142,6,9,5,0,-4,20.05518343595649,0
142,6,9,6,0,-3,18.82397424781979,0
142,6,9,7,0,-2,18.20863165253927,0
142,6,9,8,0,-1,18.87850479575151,0
142,6,9,9,1,0,20.71638549236865,.35
142,6,9,10,1,1,19.31603760960146,.7
142,6,9,11,1,2,19.47788391217929,1.05
142,6,9,12,1,3,19.46059671249474,1.4
143,2,5,1,0,-4,16.90634928030645,0
143,2,5,2,0,-3,11.43304154131456,0
143,2,5,3,0,-2,12.33389493611993,0
143,2,5,4,0,-1,17.86026190621998,0
143,2,5,5,1,0,21.2498896624643,.75
143,2,5,6,1,1,17.41112119144908,1.5
143,2,5,7,1,2,12.87653679452881,2.25
143,2,5,8,1,3,15.33861235722724,3
143,2,5,9,1,4,16.39839798188908,3.75
143,2,5,10,1,5,20.87185071305145,4.5
143,2,5,11,1,6,17.84811560044261,5.25
143,2,5,12,1,7,16.50959605986217,6
144,4,7,1,0,-6,14.23941554894935,0
144,4,7,2,0,-5,13.27390967694379,0
144,4,7,3,0,-4,8.434136423113776,0
144,4,7,4,0,-3,10.57798428668186,0
144,4,7,5,0,-2,19.57672565780289,0
144,4,7,6,0,-1,9.757974426369305,0
144,4,7,7,1,0,16.5336375255219,.5
144,4,7,8,1,1,20.44804826058366,1
144,4,7,9,1,2,21.14684154728777,1.5
144,4,7,10,1,3,15.90277311367782,2
144,4,7,11,1,4,18.45001653467221,2.5
144,4,7,12,1,5,21.86672711228618,3
145,7,,1,0,,20.91603865577514,0
145,7,,2,0,,14.56306247827442,0
145,7,,3,0,,17.52860545186671,0
145,7,,4,0,,14.12104353014441,0
145,7,,5,0,,18.16138054660782,0
145,7,,6,0,,20.27893630965156,0
145,7,,7,0,,18.96427130187342,0
145,7,,8,0,,22.04952844222527,0
145,7,,9,0,,22.39445730450359,0
145,7,,10,0,,23.20666248043836,0
145,7,,11,0,,17.41449306215914,0
145,7,,12,0,,22.29607886343556,0
146,8,,1,0,,12.12460448734997,0
146,8,,2,0,,14.83033388590209,0
146,8,,3,0,,12.37057376729835,0
146,8,,4,0,,14.36692096468272,0
146,8,,5,0,,14.59766856027975,0
146,8,,6,0,,16.57905070272699,0
146,8,,7,0,,15.40340715462388,0
146,8,,8,0,,11.90934745609029,0
146,8,,9,0,,13.22690711663805,0
146,8,,10,0,,14.71890368192722,0
146,8,,11,0,,14.4308330025809,0
146,8,,12,0,,10.21982047059503,0
147,8,,1,0,,23.49982448240152,0
147,8,,2,0,,12.09075494819006,0
147,8,,3,0,,19.00679359583645,0
147,8,,4,0,,22.66718043995786,0
147,8,,5,0,,22.06888259585195,0
147,8,,6,0,,20.98204164777053,0
147,8,,7,0,,18.52307139698664,0
147,8,,8,0,,24.33916669290037,0
147,8,,9,0,,14.89010082595694,0
147,8,,10,0,,17.89748001842047,0
147,8,,11,0,,11.99884268481268,0
147,8,,12,0,,16.59499479243164,0
148,3,7,1,0,-6,10.1703880153093,0
148,3,7,2,0,-5,11.23525823287235,0
148,3,7,3,0,-4,16.01658561353805,0
148,3,7,4,0,-3,8.712995832463964,0
148,3,7,5,0,-2,11.51406930035,0
148,3,7,6,0,-1,10.1541725521475,0
148,3,7,7,1,0,14.46096034594629,.5
148,3,7,8,1,1,13.75018324429112,1
148,3,7,9,1,2,18.55555670862744,1.5
148,3,7,10,1,3,12.17581090152597,2
148,3,7,11,1,4,13.75027634404624,2.5
148,3,7,12,1,5,22.22934570937921,3
149,5,9,1,0,-8,21.74577784009454,0
149,5,9,2,0,-7,15.52673613396203,0
149,5,9,3,0,-6,14.39715779228959,0
149,5,9,4,0,-5,21.30803789514675,0
149,5,9,5,0,-4,15.19232048966921,0
149,5,9,6,0,-3,12.01399020749172,0
149,5,9,7,0,-2,18.17997263180616,0
149,5,9,8,0,-1,19.51014196471844,0
149,5,9,9,1,0,19.67544631385217,.35
149,5,9,10,1,1,18.89514471398311,.7
149,5,9,11,1,2,26.30826198822303,1.05
149,5,9,12,1,3,17.13453515303055,1.4
150,7,,1,0,,27.51218206446379,0
150,7,,2,0,,18.56366276410672,0
150,7,,3,0,,25.15665568488854,0
150,7,,4,0,,25.8567532962103,0
150,7,,5,0,,27.25485425268787,0
150,7,,6,0,,22.88605015770066,0
150,7,,7,0,,24.77725014691888,0
150,7,,8,0,,23.41931577974765,0
150,7,,9,0,,20.78301602736855,0
150,7,,10,0,,25.44319649960758,0
150,7,,11,0,,31.11548728072226,0
150,7,,12,0,,27.97110746900535,0
151,7,,1,0,,13.70653573738344,0
151,7,,2,0,,12.85974152568196,0
151,7,,3,0,,22.70844480545182,0
151,7,,4,0,,23.93138627289606,0
151,7,,5,0,,22.15915032491775,0
151,7,,6,0,,13.24155355245872,0
151,7,,7,0,,17.31750133423537,0
151,7,,8,0,,24.44568827555661,0
151,7,,9,0,,15.3852515132517,0
151,7,,10,0,,16.10780577620005,0
151,7,,11,0,,19.29904003481025,0
151,7,,12,0,,22.77864954066645,0
152,1,5,1,0,-4,8.460225275628273,0
152,1,5,2,0,-3,5.928548637023353,0
152,1,5,3,0,-2,5.567024580498002,0
152,1,5,4,0,-1,6.926099345465137,0
152,1,5,5,1,0,9.739366885697789,.75
152,1,5,6,1,1,9.164513762774813,1.5
152,1,5,7,1,2,10.79673785991112,2.25
152,1,5,8,1,3,13.88599960540252,3
152,1,5,9,1,4,11.47907421693845,3.75
152,1,5,10,1,5,9.127187789814883,4.5
152,1,5,11,1,6,16.61964760066764,5.25
152,1,5,12,1,7,14.64630044799218,6
153,3,7,1,0,-6,5.737522403333533,0
153,3,7,2,0,-5,17.1311983709985,0
153,3,7,3,0,-4,8.314838435487484,0
153,3,7,4,0,-3,12.41869022370388,0
153,3,7,5,0,-2,10.201778128734,0
153,3,7,6,0,-1,16.6811002124538,0
153,3,7,7,1,0,15.86320580743486,.5
153,3,7,8,1,1,21.54713166660186,1
153,3,7,9,1,2,9.947632180240142,1.5
153,3,7,10,1,3,14.80546645123814,2
153,3,7,11,1,4,26.6152414793863,2.5
153,3,7,12,1,5,25.12045381556375,3
154,8,,1,0,,13.13222440773767,0
154,8,,2,0,,18.80694012962553,0
154,8,,3,0,,16.62531399574778,0
154,8,,4,0,,22.78954406758475,0
154,8,,5,0,,18.94212889829091,0
154,8,,6,0,,16.25513791505957,0
154,8,,7,0,,18.14506848076645,0
154,8,,8,0,,20.62245319865901,0
154,8,,9,0,,23.01401505630111,0
154,8,,10,0,,20.00376490759857,0
154,8,,11,0,,21.49695052607438,0
154,8,,12,0,,24.08983422725724,0
155,1,5,1,0,-4,17.59634610493833,0
155,1,5,2,0,-3,22.06777136485709,0
155,1,5,3,0,-2,9.355331946046018,0
155,1,5,4,0,-1,22.7374410057193,0
155,1,5,5,1,0,23.20531531268835,.75
155,1,5,6,1,1,22.98830875937871,1.5
155,1,5,7,1,2,21.23071621827564,2.25
155,1,5,8,1,3,26.37141025186293,3
155,1,5,9,1,4,24.81177986463063,3.75
155,1,5,10,1,5,25.44100158916881,4.5
155,1,5,11,1,6,23.14659099819348,5.25
155,1,5,12,1,7,27.83355500356105,6
156,8,,1,0,,13.51276466897975,0
156,8,,2,0,,16.99872141672204,0
156,8,,3,0,,10.58109768042064,0
156,8,,4,0,,20.6975604550968,0
156,8,,5,0,,16.08665628293526,0
156,8,,6,0,,14.08179563134407,0
156,8,,7,0,,17.86158448294024,0
156,8,,8,0,,23.20876869874098,0
156,8,,9,0,,22.90102280972624,0
156,8,,10,0,,17.62841608552958,0
156,8,,11,0,,21.23177868795169,0
156,8,,12,0,,24.99697790565355,0
157,3,7,1,0,-6,9.03848358856855,0
157,3,7,2,0,-5,8.618104895398019,0
157,3,7,3,0,-4,7.875442963057778,0
157,3,7,4,0,-3,12.62121147418133,0
157,3,7,5,0,-2,9.632523549372372,0
157,3,7,6,0,-1,12.1042566322896,0
157,3,7,7,1,0,9.36493537101016,.5
157,3,7,8,1,1,15.81676221310124,1
157,3,7,9,1,2,10.02405253021965,1.5
157,3,7,10,1,3,12.11986959719781,2
157,3,7,11,1,4,16.31005291775275,2.5
157,3,7,12,1,5,17.82096936172573,3
158,1,5,1,0,-4,19.86844326211636,0
158,1,5,2,0,-3,22.02818458949713,0
158,1,5,3,0,-2,26.96898284947078,0
158,1,5,4,0,-1,26.42132981512545,0
158,1,5,5,1,0,27.27396778764165,.75
158,1,5,6,1,1,25.89320379501802,1.5
158,1,5,7,1,2,25.29773733571227,2.25
158,1,5,8,1,3,28.76217640012973,3
158,1,5,9,1,4,21.57039418510774,3.75
158,1,5,10,1,5,32.21869922057422,4.5
158,1,5,11,1,6,27.49372915674323,5.25
158,1,5,12,1,7,31.22045558651079,6
159,7,,1,0,,11.31537247633947,0
159,7,,2,0,,9.58835059002622,0
159,7,,3,0,,8.73550754707373,0
159,7,,4,0,,3.279375466845161,0
159,7,,5,0,,11.33194871295026,0
159,7,,6,0,,9.000419800593992,0
159,7,,7,0,,15.79422505528101,0
159,7,,8,0,,16.36728459603193,0
159,7,,9,0,,12.77922661263656,0
159,7,,10,0,,12.67263954404489,0
159,7,,11,0,,11.53918179638411,0
159,7,,12,0,,13.38316366892393,0
160,5,9,1,0,-8,23.1743990070823,0
160,5,9,2,0,-7,29.79679574757645,0
160,5,9,3,0,-6,19.72168620956231,0
160,5,9,4,0,-5,22.34209319569215,0
160,5,9,5,0,-4,22.90771384378298,0
160,5,9,6,0,-3,25.78735101578926,0
160,5,9,7,0,-2,25.60175078683697,0
160,5,9,8,0,-1,20.49940206517169,0
160,5,9,9,1,0,27.22984377749612,.35
160,5,9,10,1,1,27.3271963329595,.7
160,5,9,11,1,2,28.958548341608,1.05
160,5,9,12,1,3,32.21072412124698,1.4
161,5,9,1,0,-8,15.68341598400096,0
161,5,9,2,0,-7,10.25274423416442,0
161,5,9,3,0,-6,15.4163056355172,0
161,5,9,4,0,-5,19.22197866561988,0
161,5,9,5,0,-4,18.73275118198571,0
161,5,9,6,0,-3,13.57136254209596,0
161,5,9,7,0,-2,18.50094967442562,0
161,5,9,8,0,-1,15.0448395983756,0
161,5,9,9,1,0,17.75466583039553,.35
161,5,9,10,1,1,23.00860483182012,.7
161,5,9,11,1,2,15.24919568103073,1.05
161,5,9,12,1,3,19.62633335271634,1.4
162,4,7,1,0,-6,25.25570140077393,0
162,4,7,2,0,-5,22.74365862540514,0
162,4,7,3,0,-4,28.61472103379927,0
162,4,7,4,0,-3,24.29994332793678,0
162,4,7,5,0,-2,27.39894352310506,0
162,4,7,6,0,-1,14.76056774038208,0
162,4,7,7,1,0,27.95765867754304,.5
162,4,7,8,1,1,27.24020685043653,1
162,4,7,9,1,2,22.18583908534303,1.5
162,4,7,10,1,3,22.80838479773096,2
162,4,7,11,1,4,31.21813704714114,2.5
162,4,7,12,1,5,28.93842555799048,3
163,7,,1,0,,9.951210962621628,0
163,7,,2,0,,5.301132273562806,0
163,7,,3,0,,18.26724622893476,0
163,7,,4,0,,16.96623611103997,0
163,7,,5,0,,11.17412987221579,0
163,7,,6,0,,11.22934010252454,0
163,7,,7,0,,11.58504275488697,0
163,7,,8,0,,9.136128096736023,0
163,7,,9,0,,15.59198393232263,0
163,7,,10,0,,12.45023085998281,0
163,7,,11,0,,11.45851761053109,0
163,7,,12,0,,7.243991625561973,0
164,6,9,1,0,-8,18.24779508256407,0
164,6,9,2,0,-7,21.71319987179842,0
164,6,9,3,0,-6,20.67527136491617,0
164,6,9,4,0,-5,13.69378949899456,0
164,6,9,5,0,-4,16.18458317474525,0
164,6,9,6,0,-3,20.10488726211065,0
164,6,9,7,0,-2,18.75915233426075,0
164,6,9,8,0,-1,21.77319551085813,0
164,6,9,9,1,0,23.39447669620387,.35
164,6,9,10,1,1,28.82228475209478,.7
164,6,9,11,1,2,23.65495310391368,1.05
164,6,9,12,1,3,25.83975195514677,1.4
165,5,9,1,0,-8,21.52157850301997,0
165,5,9,2,0,-7,22.94694580813499,0
165,5,9,3,0,-6,26.7499912656598,0
165,5,9,4,0,-5,19.63190961464464,0
165,5,9,5,0,-4,23.10939695976419,0
165,5,9,6,0,-3,20.35455523589493,0
165,5,9,7,0,-2,28.22483559968529,0
165,5,9,8,0,-1,23.3011468866742,0
165,5,9,9,1,0,24.31609177258545,.35
165,5,9,10,1,1,25.05220621877806,.7
165,5,9,11,1,2,23.25607778965779,1.05
165,5,9,12,1,3,32.6769827994625,1.4
166,1,5,1,0,-4,11.95688568237379,0
166,1,5,2,0,-3,13.35428296197007,0
166,1,5,3,0,-2,16.83172511229827,0
166,1,5,4,0,-1,12.92072782284519,0
166,1,5,5,1,0,18.30464151465331,.75
166,1,5,6,1,1,16.58298791649216,1.5
166,1,5,7,1,2,21.86855175638485,2.25
166,1,5,8,1,3,17.06404707023481,3
166,1,5,9,1,4,18.13555815802215,3.75
166,1,5,10,1,5,18.55950859365805,4.5
166,1,5,11,1,6,21.84323112015828,5.25
166,1,5,12,1,7,24.08957866103902,6
167,7,,1,0,,18.80258208730361,0
167,7,,2,0,,20.83286399288897,0
167,7,,3,0,,21.51799008717082,0
167,7,,4,0,,19.82427528357998,0
167,7,,5,0,,16.42231726855685,0
167,7,,6,0,,15.48929446987169,0
167,7,,7,0,,16.8249784846242,0
167,7,,8,0,,16.71439082048819,0
167,7,,9,0,,18.11061412983247,0
167,7,,10,0,,21.0261568368254,0
167,7,,11,0,,15.26510793842812,0
167,7,,12,0,,24.34463602812345,0
168,5,9,1,0,-8,20.82853603056353,0
168,5,9,2,0,-7,13.03942329756778,0
168,5,9,3,0,-6,24.5466711314518,0
168,5,9,4,0,-5,21.34522630541208,0
168,5,9,5,0,-4,17.39455218489353,0
168,5,9,6,0,-3,20.33178359320179,0
168,5,9,7,0,-2,21.63279232955612,0
168,5,9,8,0,-1,22.42775384284218,0
168,5,9,9,1,0,23.69917079626125,.35
168,5,9,10,1,1,19.2218551728165,.7
168,5,9,11,1,2,27.89692238695053,1.05
168,5,9,12,1,3,31.46086978241999,1.4
169,6,9,1,0,-8,10.64036302022733,0
169,6,9,2,0,-7,11.57926073199846,0
169,6,9,3,0,-6,13.14155632064152,0
169,6,9,4,0,-5,18.59943688392976,0
169,6,9,5,0,-4,19.00832440736091,0
169,6,9,6,0,-3,16.95584622277069,0
169,6,9,7,0,-2,16.52630759948442,0
169,6,9,8,0,-1,21.68211808288311,0
169,6,9,9,1,0,16.83891364665625,.35
169,6,9,10,1,1,16.32849791502581,.7
169,6,9,11,1,2,20.09525385854574,1.05
169,6,9,12,1,3,20.89887600363596,1.4
170,1,5,1,0,-4,21.83099582137871,0
170,1,5,2,0,-3,17.02969308270052,0
170,1,5,3,0,-2,19.00020471985651,0
170,1,5,4,0,-1,18.40209884202534,0
170,1,5,5,1,0,13.14831639483861,.75
170,1,5,6,1,1,20.12246500641143,1.5
170,1,5,7,1,2,20.83551988463602,2.25
170,1,5,8,1,3,22.96945692684631,3
170,1,5,9,1,4,18.96360745082853,3.75
170,1,5,10,1,5,20.34619712838733,4.5
170,1,5,11,1,6,25.25797622880673,5.25
170,1,5,12,1,7,23.72559940210026,6
171,1,5,1,0,-4,13.68970203199161,0
171,1,5,2,0,-3,8.608017253989097,0
171,1,5,3,0,-2,13.81528876309436,0
171,1,5,4,0,-1,9.102410261787451,0
171,1,5,5,1,0,18.22989889657467,.75
171,1,5,6,1,1,16.20007065434944,1.5
171,1,5,7,1,2,18.13120474170238,2.25
171,1,5,8,1,3,17.38993285105282,3
171,1,5,9,1,4,14.29666754421562,3.75
171,1,5,10,1,5,13.58337641183847,4.5
171,1,5,11,1,6,17.14075554009666,5.25
171,1,5,12,1,7,23.12078605154977,6
172,4,7,1,0,-6,15.59661750105966,0
172,4,7,2,0,-5,9.179152076151171,0
172,4,7,3,0,-4,16.73615711140142,0
172,4,7,4,0,-3,16.62651678272094,0
172,4,7,5,0,-2,11.28122953159356,0
172,4,7,6,0,-1,19.84870981685405,0
172,4,7,7,1,0,19.45020355796009,.5
172,4,7,8,1,1,20.72097263351086,1
172,4,7,9,1,2,17.79578293020981,1.5
172,4,7,10,1,3,18.68277589356998,2
172,4,7,11,1,4,19.1878218785889,2.5
172,4,7,12,1,5,18.96984642968313,3
173,8,,1,0,,13.84664658736346,0
173,8,,2,0,,17.34388762213909,0
173,8,,3,0,,13.03089518729034,0
173,8,,4,0,,19.61484840638973,0
173,8,,5,0,,13.01377767212515,0
173,8,,6,0,,16.01716765484636,0
173,8,,7,0,,18.98644026816558,0
173,8,,8,0,,24.52171314505981,0
173,8,,9,0,,14.0452962865146,0
173,8,,10,0,,22.04479931886522,0
173,8,,11,0,,16.48291273736255,0
173,8,,12,0,,19.17439346099851,0
174,8,,1,0,,10.28219330339224,0
174,8,,2,0,,6.224562738200849,0
174,8,,3,0,,13.32056782152442,0
174,8,,4,0,,15.51401790056986,0
174,8,,5,0,,11.74683379304027,0
174,8,,6,0,,12.03859536472254,0
174,8,,7,0,,12.26859713673022,0
174,8,,8,0,,11.51640680021493,0
174,8,,9,0,,10.22819977336956,0
174,8,,10,0,,11.72508157177943,0
174,8,,11,0,,11.58404838677381,0
174,8,,12,0,,13.32317283957328,0
175,3,7,1,0,-6,32.08198439440262,0
175,3,7,2,0,-5,23.76190566291345,0
175,3,7,3,0,-4,31.23335502294708,0
175,3,7,4,0,-3,28.75823428130646,0
175,3,7,5,0,-2,31.55974343031746,0
175,3,7,6,0,-1,30.16573405488345,0
175,3,7,7,1,0,34.63877948736199,.5
175,3,7,8,1,1,31.31179046563575,1
175,3,7,9,1,2,33.961954110237,1.5
175,3,7,10,1,3,31.64504403565602,2
175,3,7,11,1,4,30.76969101041998,2.5
175,3,7,12,1,5,37.22073553016205,3
176,4,7,1,0,-6,17.98761805293448,0
176,4,7,2,0,-5,18.25450649210569,0
176,4,7,3,0,-4,19.90424189013897,0
176,4,7,4,0,-3,20.15534703917978,0
176,4,7,5,0,-2,22.25094854169628,0
176,4,7,6,0,-1,20.87150956210088,0
176,4,7,7,1,0,25.24357761049448,.5
176,4,7,8,1,1,26.76039780778019,1
176,4,7,9,1,2,23.1771989882659,1.5
176,4,7,10,1,3,26.18199954806494,2
176,4,7,11,1,4,29.05993145516189,2.5
176,4,7,12,1,5,28.01501430426842,3
177,5,9,1,0,-8,16.29295258642942,0
177,5,9,2,0,-7,23.40287344248402,0
177,5,9,3,0,-6,24.41398988508495,0
177,5,9,4,0,-5,24.44201526539042,0
177,5,9,5,0,-4,23.12768755106713,0
177,5,9,6,0,-3,22.57174606390605,0
177,5,9,7,0,-2,26.35240971331842,0
177,5,9,8,0,-1,24.58402303171231,0
177,5,9,9,1,0,24.83456492543029,.35
177,5,9,10,1,1,30.05680473669231,.7
177,5,9,11,1,2,24.76405463915719,1.05
177,5,9,12,1,3,31.09445741119987,1.4
178,1,5,1,0,-4,8.572342797803909,0
178,1,5,2,0,-3,12.3677945397985,0
178,1,5,3,0,-2,11.81991348131144,0
178,1,5,4,0,-1,11.28006188587103,0
178,1,5,5,1,0,13.12852576317905,.75
178,1,5,6,1,1,11.99433104188894,1.5
178,1,5,7,1,2,12.25341841575153,2.25
178,1,5,8,1,3,12.89508925895786,3
178,1,5,9,1,4,18.80592455341047,3.75
178,1,5,10,1,5,18.70016829379918,4.5
178,1,5,11,1,6,15.47569560289709,5.25
178,1,5,12,1,7,20.28824848519292,6
179,3,7,1,0,-6,17.28791363955885,0
179,3,7,2,0,-5,18.18452668415083,0
179,3,7,3,0,-4,22.67630629496696,0
179,3,7,4,0,-3,16.39685783110317,0
179,3,7,5,0,-2,18.34630621882857,0
179,3,7,6,0,-1,16.91085779127925,0
179,3,7,7,1,0,20.40791703597949,.5
179,3,7,8,1,1,24.43794622520721,1
179,3,7,9,1,2,22.44595668656572,1.5
179,3,7,10,1,3,18.10022100542348,2
179,3,7,11,1,4,25.82358170642498,2.5
179,3,7,12,1,5,29.61048514369231,3
180,2,5,1,0,-4,25.70531565487822,0
180,2,5,2,0,-3,23.4212542731418,0
180,2,5,3,0,-2,19.14802176707416,0
180,2,5,4,0,-1,25.13958770915771,0
180,2,5,5,1,0,27.03443527302662,.75
180,2,5,6,1,1,28.35986211738482,1.5
180,2,5,7,1,2,29.85502924755958,2.25
180,2,5,8,1,3,28.01810729790166,3
180,2,5,9,1,4,29.24178760383993,3.75
180,2,5,10,1,5,31.04414198893526,4.5
180,2,5,11,1,6,26.57690575182619,5.25
180,2,5,12,1,7,30.83428495080538,6
181,5,9,1,0,-8,12.83361462908139,0
181,5,9,2,0,-7,13.03267614951941,0
181,5,9,3,0,-6,11.49786246057751,0
181,5,9,4,0,-5,12.98806782556484,0
181,5,9,5,0,-4,13.91162827870803,0
181,5,9,6,0,-3,18.72837345328865,0
181,5,9,7,0,-2,17.04724167997012,0
181,5,9,8,0,-1,18.80287908068628,0
181,5,9,9,1,0,16.40455803383452,.35
181,5,9,10,1,1,20.69083516668614,.7
181,5,9,11,1,2,16.22897928175615,1.05
181,5,9,12,1,3,25.93626963200823,1.4
182,7,,1,0,,24.95898399185927,0
182,7,,2,0,,28.72110978247451,0
182,7,,3,0,,23.55296887544809,0
182,7,,4,0,,26.71122452459593,0
182,7,,5,0,,28.55111314997422,0
182,7,,6,0,,24.30542296675365,0
182,7,,7,0,,24.31656914191578,0
182,7,,8,0,,29.38226199076303,0
182,7,,9,0,,26.84826715162779,0
182,7,,10,0,,28.17391897293999,0
182,7,,11,0,,26.68888701589244,0
182,7,,12,0,,32.56688860547479,0
183,6,9,1,0,-8,13.81586024115273,0
183,6,9,2,0,-7,16.48398272889076,0
183,6,9,3,0,-6,20.3717180749261,0
183,6,9,4,0,-5,14.19907834318555,0
183,6,9,5,0,-4,18.45398178691937,0
183,6,9,6,0,-3,18.11675043127365,0
183,6,9,7,0,-2,18.33759429834966,0
183,6,9,8,0,-1,21.88118704453444,0
183,6,9,9,1,0,20.32055885168615,.35
183,6,9,10,1,1,15.27934093661962,.7
183,6,9,11,1,2,19.97661791017494,1.05
183,6,9,12,1,3,25.09851762260671,1.4
184,1,5,1,0,-4,20.57150232435372,0
184,1,5,2,0,-3,22.71065122225178,0
184,1,5,3,0,-2,23.28152223231022,0
184,1,5,4,0,-1,30.3595123363837,0
184,1,5,5,1,0,27.71166083822436,.75
184,1,5,6,1,1,26.00090843708915,1.5
184,1,5,7,1,2,30.48608690829268,2.25
184,1,5,8,1,3,32.71863630240763,3
184,1,5,9,1,4,27.79776535645238,3.75
184,1,5,10,1,5,31.94506083447311,4.5
184,1,5,11,1,6,28.50158187057793,5.25
184,1,5,12,1,7,31.37535498011007,6
185,3,7,1,0,-6,15.55107021421901,0
185,3,7,2,0,-5,15.30377318700824,0
185,3,7,3,0,-4,10.94158196848929,0
185,3,7,4,0,-3,16.9701535590117,0
185,3,7,5,0,-2,13.52464678158366,0
185,3,7,6,0,-1,16.83066941983232,0
185,3,7,7,1,0,17.19270736544553,.5
185,3,7,8,1,1,18.50320234435643,1
185,3,7,9,1,2,21.11691660417349,1.5
185,3,7,10,1,3,17.29551502629239,2
185,3,7,11,1,4,18.21592107852384,2.5
185,3,7,12,1,5,18.16663956166327,3
186,4,7,1,0,-6,16.77814293248118,0
186,4,7,2,0,-5,19.20321105342729,0
186,4,7,3,0,-4,10.84340570388568,0
186,4,7,4,0,-3,15.22632450945295,0
186,4,7,5,0,-2,20.37569288020035,0
186,4,7,6,0,-1,18.81409609007543,0
186,4,7,7,1,0,17.26977949071579,.5
186,4,7,8,1,1,19.40179105335709,1
186,4,7,9,1,2,15.27716581261531,1.5
186,4,7,10,1,3,25.13768464719804,2
186,4,7,11,1,4,18.78418303930498,2.5
186,4,7,12,1,5,24.57806614489371,3
187,1,5,1,0,-4,15.01474740059907,0
187,1,5,2,0,-3,8.098141739108195,0
187,1,5,3,0,-2,16.18278242974193,0
187,1,5,4,0,-1,18.11866163511213,0
187,1,5,5,1,0,13.25753884834922,.75
187,1,5,6,1,1,20.01531426985274,1.5
187,1,5,7,1,2,16.52449353838114,2.25
187,1,5,8,1,3,24.28296892718028,3
187,1,5,9,1,4,21.88314985256971,3.75
187,1,5,10,1,5,19.24372416215713,4.5
187,1,5,11,1,6,19.43267825345477,5.25
187,1,5,12,1,7,24.925093788912,6
188,2,5,1,0,-4,14.91238090127194,0
188,2,5,2,0,-3,17.63912366816605,0
188,2,5,3,0,-2,19.41117321145476,0
188,2,5,4,0,-1,14.40591099082619,0
188,2,5,5,1,0,18.8662464769433,.75
188,2,5,6,1,1,16.93542005318524,1.5
188,2,5,7,1,2,17.67568133408537,2.25
188,2,5,8,1,3,26.61535123544659,3
188,2,5,9,1,4,28.74439764124335,3.75
188,2,5,10,1,5,25.14476706789973,4.5
188,2,5,11,1,6,27.4242964789365,5.25
188,2,5,12,1,7,25.56269415844491,6
189,5,9,1,0,-8,-1.078522322401376,0
189,5,9,2,0,-7,-4.072038662017239,0
189,5,9,3,0,-6,-2.279159713536481,0
189,5,9,4,0,-5,-3.399305396547417,0
189,5,9,5,0,-4,-1.196757318340433,0
189,5,9,6,0,-3,-2.65511218382998,0
189,5,9,7,0,-2,3.652287787615689,0
189,5,9,8,0,-1,3.956891419514021,0
189,5,9,9,1,0,.9429874417166166,.35
189,5,9,10,1,1,4.82773664370721,.7
189,5,9,11,1,2,6.396771327299886,1.05
189,5,9,12,1,3,2.316869170023554,1.4
190,1,5,1,0,-4,7.416115672295179,0
190,1,5,2,0,-3,10.07598863245942,0
190,1,5,3,0,-2,10.07486165854155,0
190,1,5,4,0,-1,11.23713863895808,0
190,1,5,5,1,0,15.59847413437348,.75
190,1,5,6,1,1,16.53623909721656,1.5
190,1,5,7,1,2,13.43193779815893,2.25
190,1,5,8,1,3,12.68173586063653,3
190,1,5,9,1,4,22.81260191652463,3.75
190,1,5,10,1,5,20.57167984384721,4.5
190,1,5,11,1,6,15.33052434674797,5.25
190,1,5,12,1,7,14.43298184285884,6
191,2,5,1,0,-4,6.544966978793364,0
191,2,5,2,0,-3,-.7501395939209563,0
191,2,5,3,0,-2,6.594855193792696,0
191,2,5,4,0,-1,3.73314571619626,0
191,2,5,5,1,0,6.759424392858639,.75
191,2,5,6,1,1,6.26709756174267,1.5
191,2,5,7,1,2,5.840475033316197,2.25
191,2,5,8,1,3,12.54226027065092,3
191,2,5,9,1,4,7.882141778401285,3.75
191,2,5,10,1,5,17.75169236221983,4.5
191,2,5,11,1,6,7.609985464233898,5.25
191,2,5,12,1,7,13.57906373840614,6
192,1,5,1,0,-4,27.47445655893878,0
192,1,5,2,0,-3,29.69607711390574,0
192,1,5,3,0,-2,20.9358390093912,0
192,1,5,4,0,-1,26.2203018824632,0
192,1,5,5,1,0,26.93977926621689,.75
192,1,5,6,1,1,22.30760012929165,1.5
192,1,5,7,1,2,30.46334890093713,2.25
192,1,5,8,1,3,26.52473530450698,3
192,1,5,9,1,4,28.3369974157138,3.75
192,1,5,10,1,5,35.5198375361936,4.5
192,1,5,11,1,6,24.8064717823185,5.25
192,1,5,12,1,7,35.48106770689234,6
193,6,9,1,0,-8,6.496375132354856,0
193,6,9,2,0,-7,12.08026810027605,0
193,6,9,3,0,-6,19.84083724356589,0
193,6,9,4,0,-5,14.27317254809186,0
193,6,9,5,0,-4,4.197898716209801,0
193,6,9,6,0,-3,11.60449319007812,0
193,6,9,7,0,-2,11.95396736256187,0
193,6,9,8,0,-1,9.946271860509604,0
193,6,9,9,1,0,13.22795419550254,.35
193,6,9,10,1,1,17.92632601703202,.7
193,6,9,11,1,2,15.66542510255302,1.05
193,6,9,12,1,3,17.78106489724456,1.4
194,3,7,1,0,-6,17.05742818804955,0
194,3,7,2,0,-5,17.79213445209865,0
194,3,7,3,0,-4,21.32568318398483,0
194,3,7,4,0,-3,23.04266760204704,0
194,3,7,5,0,-2,22.20274366230914,0
194,3,7,6,0,-1,23.56172844983281,0
194,3,7,7,1,0,23.73719681268783,.5
194,3,7,8,1,1,22.79375422496229,1
194,3,7,9,1,2,20.95408602875955,1.5
194,3,7,10,1,3,28.48653003313616,2
194,3,7,11,1,4,24.93554681249747,2.5
194,3,7,12,1,5,25.15904150131972,3
195,2,5,1,0,-4,15.14874539667114,0
195,2,5,2,0,-3,20.78399264534074,0
195,2,5,3,0,-2,17.26256499710441,0
195,2,5,4,0,-1,13.15839481954104,0
195,2,5,5,1,0,15.37736789838931,.75
195,2,5,6,1,1,18.00307607604123,1.5
195,2,5,7,1,2,23.18751769029826,2.25
195,2,5,8,1,3,20.30718992905054,3
195,2,5,9,1,4,16.64222408547817,3.75
195,2,5,10,1,5,22.35539248807025,4.5
195,2,5,11,1,6,23.16639829582808,5.25
195,2,5,12,1,7,21.21275865182428,6
196,2,5,1,0,-4,10.02866839562129,0
196,2,5,2,0,-3,11.97099138093348,0
196,2,5,3,0,-2,17.25837718516417,0
196,2,5,4,0,-1,15.29182314430353,0
196,2,5,5,1,0,15.55067429719756,.75
196,2,5,6,1,1,14.22865408313042,1.5
196,2,5,7,1,2,20.65781530918101,2.25
196,2,5,8,1,3,20.85444193533016,3
196,2,5,9,1,4,22.59544123908921,3.75
196,2,5,10,1,5,26.41179904289842,4.5
196,2,5,11,1,6,20.40539825155377,5.25
196,2,5,12,1,7,23.17663244251823,6
197,1,5,1,0,-4,13.59134273883654,0
197,1,5,2,0,-3,12.11499750403618,0
197,1,5,3,0,-2,19.30381520455568,0
197,1,5,4,0,-1,19.98994808902777,0
197,1,5,5,1,0,21.96115034781479,.75
197,1,5,6,1,1,18.89705576136167,1.5
197,1,5,7,1,2,19.16422748990343,2.25
197,1,5,8,1,3,19.10954985227299,3
197,1,5,9,1,4,20.21395949227048,3.75
197,1,5,10,1,5,22.86221720682458,4.5
197,1,5,11,1,6,24.65521085588344,5.25
197,1,5,12,1,7,26.7705923524803,6
198,4,7,1,0,-6,25.63168874185391,0
198,4,7,2,0,-5,27.07887753506668,0
198,4,7,3,0,-4,22.05231282826805,0
198,4,7,4,0,-3,27.77529058335368,0
198,4,7,5,0,-2,26.91335818936286,0
198,4,7,6,0,-1,25.26093694783754,0
198,4,7,7,1,0,27.00640290637406,.5
198,4,7,8,1,1,32.7132681069378,1
198,4,7,9,1,2,34.1148956354208,1.5
198,4,7,10,1,3,29.38086099904696,2
198,4,7,11,1,4,30.78066028311438,2.5
198,4,7,12,1,5,33.78129538271148,3
199,6,9,1,0,-8,5.104736109414395,0
199,6,9,2,0,-7,10.53638294422568,0
199,6,9,3,0,-6,12.78786949742926,0
199,6,9,4,0,-5,9.54976486823446,0
199,6,9,5,0,-4,16.34583601536185,0
199,6,9,6,0,-3,14.85487731451547,0
199,6,9,7,0,-2,12.42309471500472,0
199,6,9,8,0,-1,12.45157058845179,0
199,6,9,9,1,0,11.52471190796112,.35
199,6,9,10,1,1,12.54609613166078,.7
199,6,9,11,1,2,12.4977246434175,1.05
199,6,9,12,1,3,19.78136547736052,1.4
200,2,5,1,0,-4,13.57746311658082,0
200,2,5,2,0,-3,12.46838107810658,0
200,2,5,3,0,-2,17.66031054535907,0
200,2,5,4,0,-1,11.63558121615746,0
200,2,5,5,1,0,18.08895373057185,.75
200,2,5,6,1,1,12.1888360311446,1.5
200,2,5,7,1,2,19.38684849543694,2.25
200,2,5,8,1,3,19.15588057961654,3
200,2,5,9,1,4,16.58492046381831,3.75
200,2,5,10,1,5,21.58273573601276,4.5
200,2,5,11,1,6,16.11189268900931,5.25
200,2,5,12,1,7,22.05663901638906,6
201,4,7,1,0,-6,27.01395364967496,0
201,4,7,2,0,-5,19.71614916484432,0
201,4,7,3,0,-4,18.70605703605046,0
201,4,7,4,0,-3,29.39105778166866,0
201,4,7,5,0,-2,22.28352000185801,0
201,4,7,6,0,-1,23.34239843193994,0
201,4,7,7,1,0,25.19240543862713,.5
201,4,7,8,1,1,29.9422204757937,1
201,4,7,9,1,2,28.66940306491886,1.5
201,4,7,10,1,3,30.40671084626196,2
201,4,7,11,1,4,27.34489858788386,2.5
201,4,7,12,1,5,29.18305312703391,3
202,4,7,1,0,-6,18.35567443969163,0
202,4,7,2,0,-5,17.52451306520653,0
202,4,7,3,0,-4,17.17582262292104,0
202,4,7,4,0,-3,14.42916401483784,0
202,4,7,5,0,-2,22.55877115356623,0
202,4,7,6,0,-1,17.45223496374915,0
202,4,7,7,1,0,17.77081438886275,.5
202,4,7,8,1,1,20.56972137903788,1
202,4,7,9,1,2,18.69491169960473,1.5
202,4,7,10,1,3,19.55101658057898,2
202,4,7,11,1,4,23.91480550309569,2.5
202,4,7,12,1,5,22.2979702473447,3
203,5,9,1,0,-8,18.02577154263715,0
203,5,9,2,0,-7,11.17666586274273,0
203,5,9,3,0,-6,13.35226336948152,0
203,5,9,4,0,-5,17.90891452599116,0
203,5,9,5,0,-4,18.14826842229649,0
203,5,9,6,0,-3,14.10445462586501,0
203,5,9,7,0,-2,18.16253665539986,0
203,5,9,8,0,-1,20.12163318876764,0
203,5,9,9,1,0,18.20585108874977,.35
203,5,9,10,1,1,12.1714528522472,.7
203,5,9,11,1,2,18.91848490816418,1.05
203,5,9,12,1,3,22.46221050608921,1.4
204,6,9,1,0,-8,29.64900548430493,0
204,6,9,2,0,-7,25.10973582102415,0
204,6,9,3,0,-6,24.1005896043887,0
204,6,9,4,0,-5,23.30951186780661,0
204,6,9,5,0,-4,28.46380029353106,0
204,6,9,6,0,-3,25.28600957302362,0
204,6,9,7,0,-2,26.73339515011131,0
204,6,9,8,0,-1,31.66409589399853,0
204,6,9,9,1,0,31.69244800395714,.35
204,6,9,10,1,1,27.28707554331354,.7
204,6,9,11,1,2,30.21542039770981,1.05
204,6,9,12,1,3,39.0002970741415,1.4
205,1,5,1,0,-4,20.46730979080394,0
205,1,5,2,0,-3,16.07651644400256,0
205,1,5,3,0,-2,20.59302063599514,0
205,1,5,4,0,-1,17.77592114417976,0
205,1,5,5,1,0,26.49478673168843,.75
205,1,5,6,1,1,18.24019388606995,1.5
205,1,5,7,1,2,26.43289550988253,2.25
205,1,5,8,1,3,23.43964684319809,3
205,1,5,9,1,4,25.01745357487027,3.75
205,1,5,10,1,5,24.53107993851932,4.5
205,1,5,11,1,6,24.44384516027634,5.25
205,1,5,12,1,7,24.28417248306634,6
206,5,9,1,0,-8,30.01138841603693,0
206,5,9,2,0,-7,30.74550446055902,0
206,5,9,3,0,-6,26.97872383982826,0
206,5,9,4,0,-5,24.69882500557287,0
206,5,9,5,0,-4,28.131545772611,0
206,5,9,6,0,-3,28.13973880328426,0
206,5,9,7,0,-2,27.44254054391107,0
206,5,9,8,0,-1,29.88508279358402,0
206,5,9,9,1,0,33.49338375900997,.35
206,5,9,10,1,1,29.24852282995569,.7
206,5,9,11,1,2,31.68675646113877,1.05
206,5,9,12,1,3,31.64429496459981,1.4
207,6,9,1,0,-8,13.04878431416718,0
207,6,9,2,0,-7,14.38497233546597,0
207,6,9,3,0,-6,7.447101344834762,0
207,6,9,4,0,-5,15.03033028898392,0
207,6,9,5,0,-4,11.02870749231558,0
207,6,9,6,0,-3,13.80932021994391,0
207,6,9,7,0,-2,12.16014735073443,0
207,6,9,8,0,-1,14.59630382727449,0
207,6,9,9,1,0,10.04859814862665,.35
207,6,9,10,1,1,15.56152145260422,.7
207,6,9,11,1,2,21.26190618777208,1.05
207,6,9,12,1,3,11.46570785197428,1.4
208,4,7,1,0,-6,14.74374065425257,0
208,4,7,2,0,-5,14.03670145039118,0
208,4,7,3,0,-4,16.65823964151281,0
208,4,7,4,0,-3,15.09742712377376,0
208,4,7,5,0,-2,21.83912097868489,0
208,4,7,6,0,-1,16.36317813330775,0
208,4,7,7,1,0,22.13687349890919,.5
208,4,7,8,1,1,20.86227787010538,1
208,4,7,9,1,2,15.6032186935938,1.5
208,4,7,10,1,3,16.39018951925142,2
208,4,7,11,1,4,24.75418144306906,2.5
208,4,7,12,1,5,28.36396058493521,3
209,7,,1,0,,20.73270004698897,0
209,7,,2,0,,23.45650029161774,0
209,7,,3,0,,19.33265113481094,0
209,7,,4,0,,16.4251442519509,0
209,7,,5,0,,21.55568590210378,0
209,7,,6,0,,22.5719305943631,0
209,7,,7,0,,24.42364043755459,0
209,7,,8,0,,22.15224719077369,0
209,7,,9,0,,19.72543928176266,0
209,7,,10,0,,19.11434610786807,0
209,7,,11,0,,20.97328384537873,0
209,7,,12,0,,20.4083959772643,0
210,8,,1,0,,7.936745479001303,0
210,8,,2,0,,11.00205137235662,0
210,8,,3,0,,11.2758557955995,0
210,8,,4,0,,13.00571984889548,0
210,8,,5,0,,10.36185974471698,0
210,8,,6,0,,14.14818513987073,0
210,8,,7,0,,16.0943306907377,0
210,8,,8,0,,11.99905430737989,0
210,8,,9,0,,15.26528863052399,0
210,8,,10,0,,13.54105110138402,0
210,8,,11,0,,13.36045335268284,0
210,8,,12,0,,17.51095193465515,0
211,2,5,1,0,-4,25.53401224585424,0
211,2,5,2,0,-3,26.41257176172665,0
211,2,5,3,0,-2,26.81181957196301,0
211,2,5,4,0,-1,26.09758972163409,0
211,2,5,5,1,0,20.60296021393343,.75
211,2,5,6,1,1,28.87057062095352,1.5
211,2,5,7,1,2,28.15391822453674,2.25
211,2,5,8,1,3,36.50193380085992,3
211,2,5,9,1,4,33.94564970805958,3.75
211,2,5,10,1,5,35.85064739106569,4.5
211,2,5,11,1,6,33.76943659947774,5.25
211,2,5,12,1,7,33.27834473620071,6
212,2,5,1,0,-4,20.63507953837188,0
212,2,5,2,0,-3,22.7977004146295,0
212,2,5,3,0,-2,20.74639354776896,0
212,2,5,4,0,-1,22.89646336268851,0
212,2,5,5,1,0,19.77739026115128,.75
212,2,5,6,1,1,22.72583462549739,1.5
212,2,5,7,1,2,27.40027773237512,2.25
212,2,5,8,1,3,31.3736989363044,3
212,2,5,9,1,4,29.95744017225288,3.75
212,2,5,10,1,5,26.94927549497402,4.5
212,2,5,11,1,6,28.17703403460069,5.25
212,2,5,12,1,7,33.79334486178681,6
213,3,7,1,0,-6,20.64098627686813,0
213,3,7,2,0,-5,15.57747968659163,0
213,3,7,3,0,-4,17.08115211634184,0
213,3,7,4,0,-3,17.13049406866298,0
213,3,7,5,0,-2,13.71391938250464,0
213,3,7,6,0,-1,18.01418286877443,0
213,3,7,7,1,0,17.72413239701921,.5
213,3,7,8,1,1,17.6767883657517,1
213,3,7,9,1,2,17.534742587027,1.5
213,3,7,10,1,3,16.73475484745935,2
213,3,7,11,1,4,24.86287897411098,2.5
213,3,7,12,1,5,19.5574099259524,3
214,8,,1,0,,14.69497536559643,0
214,8,,2,0,,14.59633553020143,0
214,8,,3,0,,13.09418202149479,0
214,8,,4,0,,13.85748259335544,0
214,8,,5,0,,20.07840575970767,0
214,8,,6,0,,17.38294961942832,0
214,8,,7,0,,13.33962249755513,0
214,8,,8,0,,15.41784306305601,0
214,8,,9,0,,19.9538377210999,0
214,8,,10,0,,12.61563131176027,0
214,8,,11,0,,16.82735048143021,0
214,8,,12,0,,17.19956050120908,0
215,8,,1,0,,19.97613430554317,0
215,8,,2,0,,25.4918918949537,0
215,8,,3,0,,22.91110603945888,0
215,8,,4,0,,27.34960760416488,0
215,8,,5,0,,23.47740154409858,0
215,8,,6,0,,19.7387555589054,0
215,8,,7,0,,20.95509335050215,0
215,8,,8,0,,26.50402030205917,0
215,8,,9,0,,22.64672304714269,0
215,8,,10,0,,20.07991331624945,0
215,8,,11,0,,21.24657217066355,0
215,8,,12,0,,25.12265704673369,0
216,8,,1,0,,13.75026243773825,0
216,8,,2,0,,13.98207535519851,0
216,8,,3,0,,17.11512860566389,0
216,8,,4,0,,18.57948772602603,0
216,8,,5,0,,20.35621298242976,0
216,8,,6,0,,14.02286593193442,0
216,8,,7,0,,18.97235677910433,0
216,8,,8,0,,18.66023591213184,0
216,8,,9,0,,14.68017494488175,0
216,8,,10,0,,16.21190880538369,0
216,8,,11,0,,21.08508971878657,0
216,8,,12,0,,14.15650856832649,0
217,8,,1,0,,10.67436465264974,0
217,8,,2,0,,15.76448779485381,0
217,8,,3,0,,23.65293016889703,0
217,8,,4,0,,18.86016431934479,0
217,8,,5,0,,19.25643564736508,0
217,8,,6,0,,10.34139893080239,0
217,8,,7,0,,13.69772803550782,0
217,8,,8,0,,15.46531606272885,0
217,8,,9,0,,16.27376454597657,0
217,8,,10,0,,24.02009508592577,0
217,8,,11,0,,22.04537194656296,0
217,8,,12,0,,21.48208010693036,0
218,3,7,1,0,-6,15.27646565135898,0
218,3,7,2,0,-5,13.91766861009472,0
218,3,7,3,0,-4,14.79188867428416,0
218,3,7,4,0,-3,13.70703919345284,0
218,3,7,5,0,-2,21.34861932050703,0
218,3,7,6,0,-1,16.43895590139675,0
218,3,7,7,1,0,17.68946078466104,.5
218,3,7,8,1,1,22.66874202837493,1
218,3,7,9,1,2,18.22550626084793,1.5
218,3,7,10,1,3,17.47277415386325,2
218,3,7,11,1,4,12.12870930620028,2.5
218,3,7,12,1,5,25.32434350014645,3
219,3,7,1,0,-6,15.61140706498968,0
219,3,7,2,0,-5,14.87085684363237,0
219,3,7,3,0,-4,10.1577788851143,0
219,3,7,4,0,-3,16.04756803740205,0
219,3,7,5,0,-2,7.11499871204706,0
219,3,7,6,0,-1,16.40860547475344,0
219,3,7,7,1,0,17.2551838173884,.5
219,3,7,8,1,1,16.25812885800144,1
219,3,7,9,1,2,20.05146554485981,1.5
219,3,7,10,1,3,16.28710373100536,2
219,3,7,11,1,4,15.39948135305479,2.5
219,3,7,12,1,5,23.73518319705884,3
220,5,9,1,0,-8,15.84770753545339,0
220,5,9,2,0,-7,10.93433006430763,0
220,5,9,3,0,-6,12.37315595118281,0
220,5,9,4,0,-5,15.56258580139943,0
220,5,9,5,0,-4,12.89898659502765,0
220,5,9,6,0,-3,13.86222142892583,0
220,5,9,7,0,-2,18.82334202437984,0
220,5,9,8,0,-1,15.84953273366443,0
220,5,9,9,1,0,9.635828650988696,.35
220,5,9,10,1,1,13.64317560060282,.7
220,5,9,11,1,2,22.61964598097828,1.05
220,5,9,12,1,3,18.02055260987528,1.4
221,6,9,1,0,-8,21.15718699663298,0
221,6,9,2,0,-7,23.7797248711378,0
221,6,9,3,0,-6,30.6771693873023,0
221,6,9,4,0,-5,33.40444724107455,0
221,6,9,5,0,-4,28.10953185011361,0
221,6,9,6,0,-3,28.49465770143043,0
221,6,9,7,0,-2,28.90196838796859,0
221,6,9,8,0,-1,28.06750787701588,0
221,6,9,9,1,0,31.6005791545991,.35
221,6,9,10,1,1,31.55913748228886,.7
221,6,9,11,1,2,33.09709040089552,1.05
221,6,9,12,1,3,34.68682795962697,1.4
222,2,5,1,0,-4,25.70006693548543,0
222,2,5,2,0,-3,31.25099898672,0
222,2,5,3,0,-2,27.58121634583022,0
222,2,5,4,0,-1,30.85828004821001,0
222,2,5,5,1,0,28.28300842972586,.75
222,2,5,6,1,1,29.68206680833386,1.5
222,2,5,7,1,2,32.84193681278014,2.25
222,2,5,8,1,3,30.20192473394686,3
222,2,5,9,1,4,27.92110266519793,3.75
222,2,5,10,1,5,29.7865119942802,4.5
222,2,5,11,1,6,35.10217738708796,5.25
222,2,5,12,1,7,43.74150291524656,6
223,1,5,1,0,-4,16.40686359153192,0
223,1,5,2,0,-3,14.32139136748816,0
223,1,5,3,0,-2,13.82245108059645,0
223,1,5,4,0,-1,15.55944715590686,0
223,1,5,5,1,0,18.06556456634924,.75
223,1,5,6,1,1,18.64320424400542,1.5
223,1,5,7,1,2,21.5819809007035,2.25
223,1,5,8,1,3,22.54236470374173,3
223,1,5,9,1,4,24.34086072218794,3.75
223,1,5,10,1,5,20.89704941146691,4.5
223,1,5,11,1,6,21.26034538432602,5.25
223,1,5,12,1,7,25.18832829674382,6
224,3,7,1,0,-6,16.46037297438974,0
224,3,7,2,0,-5,21.74519573163469,0
224,3,7,3,0,-4,18.12205431498068,0
224,3,7,4,0,-3,17.39457650528232,0
224,3,7,5,0,-2,21.5810627100719,0
224,3,7,6,0,-1,25.53421257716102,0
224,3,7,7,1,0,17.09836906383052,.5
224,3,7,8,1,1,21.58016648816114,1
224,3,7,9,1,2,25.17358545922328,1.5
224,3,7,10,1,3,22.16172512747627,2
224,3,7,11,1,4,21.68421051062331,2.5
224,3,7,12,1,5,24.46343118396894,3
225,1,5,1,0,-4,21.53312450232031,0
225,1,5,2,0,-3,27.27455817665483,0
225,1,5,3,0,-2,22.06842637283018,0
225,1,5,4,0,-1,23.85955205219275,0
225,1,5,5,1,0,32.65238627569399,.75
225,1,5,6,1,1,30.24342823088802,1.5
225,1,5,7,1,2,29.98473357898884,2.25
225,1,5,8,1,3,26.11603869644217,3
225,1,5,9,1,4,34.70688682781473,3.75
225,1,5,10,1,5,31.50369539876379,4.5
225,1,5,11,1,6,29.90730201475618,5.25
225,1,5,12,1,7,29.7411762165125,6
226,6,9,1,0,-8,16.70280505511868,0
226,6,9,2,0,-7,19.02160253008821,0
226,6,9,3,0,-6,21.00545983731955,0
226,6,9,4,0,-5,19.78304866698333,0
226,6,9,5,0,-4,16.1031015231045,0
226,6,9,6,0,-3,15.22460001476045,0
226,6,9,7,0,-2,19.99385565415595,0
226,6,9,8,0,-1,22.74162774502981,0
226,6,9,9,1,0,16.25166287391144,.35
226,6,9,10,1,1,19.6233746975267,.7
226,6,9,11,1,2,23.69026094364004,1.05
226,6,9,12,1,3,24.24200927839742,1.4
227,2,5,1,0,-4,16.21649784580299,0
227,2,5,2,0,-3,16.33066829861961,0
227,2,5,3,0,-2,12.41852427863712,0
227,2,5,4,0,-1,18.61194124870234,0
227,2,5,5,1,0,19.94000160014772,.75
227,2,5,6,1,1,20.18662828667774,1.5
227,2,5,7,1,2,22.98623990726608,2.25
227,2,5,8,1,3,24.13179776813391,3
227,2,5,9,1,4,21.64271694351636,3.75
227,2,5,10,1,5,21.38546115369891,4.5
227,2,5,11,1,6,23.14115608326113,5.25
227,2,5,12,1,7,25.93635214753812,6
228,3,7,1,0,-6,13.1494123502885,0
228,3,7,2,0,-5,16.36704601735624,0
228,3,7,3,0,-4,21.4956773755472,0
228,3,7,4,0,-3,23.22915224414525,0
228,3,7,5,0,-2,17.55486101249355,0
228,3,7,6,0,-1,16.15441004087633,0
228,3,7,7,1,0,25.02598331267991,.5
228,3,7,8,1,1,28.00675025046835,1
228,3,7,9,1,2,23.41623906187285,1.5
228,3,7,10,1,3,22.69691037080562,2
228,3,7,11,1,4,18.09971818910257,2.5
228,3,7,12,1,5,26.5309201239209,3
229,2,5,1,0,-4,17.09584299532707,0
229,2,5,2,0,-3,13.6250741732985,0
229,2,5,3,0,-2,17.65322484377694,0
229,2,5,4,0,-1,20.86065381183105,0
229,2,5,5,1,0,7.314958014567431,.75
229,2,5,6,1,1,17.4782454283657,1.5
229,2,5,7,1,2,14.56149504067217,2.25
229,2,5,8,1,3,19.7410440110299,3
229,2,5,9,1,4,23.27789465021879,3.75
229,2,5,10,1,5,15.60732220319572,4.5
229,2,5,11,1,6,25.59523052178562,5.25
229,2,5,12,1,7,24.69200984707176,6
230,1,5,1,0,-4,22.43214323076214,0
230,1,5,2,0,-3,20.93588806194813,0
230,1,5,3,0,-2,24.03714898922346,0
230,1,5,4,0,-1,21.74928255297431,0
230,1,5,5,1,0,27.80738752220307,.75
230,1,5,6,1,1,26.25190331537459,1.5
230,1,5,7,1,2,31.90490009382909,2.25
230,1,5,8,1,3,30.81516123167747,3
230,1,5,9,1,4,32.04629400015392,3.75
230,1,5,10,1,5,27.35438530592341,4.5
230,1,5,11,1,6,26.90504909472931,5.25
230,1,5,12,1,7,30.76450942707109,6
231,2,5,1,0,-4,13.30200400334584,0
231,2,5,2,0,-3,9.920240406487334,0
231,2,5,3,0,-2,13.45854185781572,0
231,2,5,4,0,-1,19.16945637682175,0
231,2,5,5,1,0,13.68953334054148,.75
231,2,5,6,1,1,14.76111818846225,1.5
231,2,5,7,1,2,16.33571686070238,2.25
231,2,5,8,1,3,22.02316321878984,3
231,2,5,9,1,4,16.24398672439114,3.75
231,2,5,10,1,5,24.06191315132873,4.5
231,2,5,11,1,6,18.90680068976684,5.25
231,2,5,12,1,7,23.63364370085798,6
232,3,7,1,0,-6,14.02665486460118,0
232,3,7,2,0,-5,19.22183592960195,0
232,3,7,3,0,-4,12.36533210272533,0
232,3,7,4,0,-3,21.09711442983335,0
232,3,7,5,0,-2,13.08184550783911,0
232,3,7,6,0,-1,14.04129508740182,0
232,3,7,7,1,0,19.33492655322801,.5
232,3,7,8,1,1,24.86125662621928,1
232,3,7,9,1,2,18.66034211971065,1.5
232,3,7,10,1,3,18.39163302840004,2
232,3,7,11,1,4,21.37627121134824,2.5
232,3,7,12,1,5,20.10993069642294,3
233,1,5,1,0,-4,17.77930514696494,0
233,1,5,2,0,-3,12.13907159866232,0
233,1,5,3,0,-2,13.85034521883129,0
233,1,5,4,0,-1,18.32658492373125,0
233,1,5,5,1,0,16.22193939418753,.75
233,1,5,6,1,1,16.41886830981889,1.5
233,1,5,7,1,2,25.48717604018607,2.25
233,1,5,8,1,3,22.64711813443725,3
233,1,5,9,1,4,23.76969032549147,3.75
233,1,5,10,1,5,18.70243781864289,4.5
233,1,5,11,1,6,21.57397816674197,5.25
233,1,5,12,1,7,26.19909366398736,6
234,7,,1,0,,28.14927930056232,0
234,7,,2,0,,23.51451208650554,0
234,7,,3,0,,27.26212634293366,0
234,7,,4,0,,28.48429217284989,0
234,7,,5,0,,28.15606262220536,0
234,7,,6,0,,29.61839804838473,0
234,7,,7,0,,26.55344900829236,0
234,7,,8,0,,33.51520352423449,0
234,7,,9,0,,29.68167398967179,0
234,7,,10,0,,23.3257828592393,0
234,7,,11,0,,24.87920765575831,0
234,7,,12,0,,22.57359438611476,0
235,1,5,1,0,-4,6.349918869947616,0
235,1,5,2,0,-3,6.117152898458214,0
235,1,5,3,0,-2,9.790135012274638,0
235,1,5,4,0,-1,13.84139494402012,0
235,1,5,5,1,0,10.22608747357896,.75
235,1,5,6,1,1,16.3124976010349,1.5
235,1,5,7,1,2,13.27453242374588,2.25
235,1,5,8,1,3,14.65371495713549,3
235,1,5,9,1,4,14.56595115226017,3.75
235,1,5,10,1,5,13.61320915319296,4.5
235,1,5,11,1,6,24.06462968158255,5.25
235,1,5,12,1,7,18.57402855286911,6
236,4,7,1,0,-6,13.33824910387996,0
236,4,7,2,0,-5,13.76321197766484,0
236,4,7,3,0,-4,12.3279536505168,0
236,4,7,4,0,-3,19.49231086961933,0
236,4,7,5,0,-2,12.22401952788424,0
236,4,7,6,0,-1,12.20647595444735,0
236,4,7,7,1,0,13.08026300714396,.5
236,4,7,8,1,1,11.66329726004126,1
236,4,7,9,1,2,15.6959580620045,1.5
236,4,7,10,1,3,23.22464835368141,2
236,4,7,11,1,4,19.23289575458863,2.5
236,4,7,12,1,5,15.11101540819248,3
237,6,9,1,0,-8,17.6779575598575,0
237,6,9,2,0,-7,18.34475058276669,0
237,6,9,3,0,-6,16.27863448928059,0
237,6,9,4,0,-5,20.59029185510218,0
237,6,9,5,0,-4,22.20261969429636,0
237,6,9,6,0,-3,18.62750988284088,0
237,6,9,7,0,-2,23.42432971023249,0
237,6,9,8,0,-1,20.06470647523406,0
237,6,9,9,1,0,17.6115797894128,.35
237,6,9,10,1,1,22.08900171800762,.7
237,6,9,11,1,2,21.83369735998682,1.05
237,6,9,12,1,3,28.19888985125935,1.4
238,3,7,1,0,-6,8.758108010775429,0
238,3,7,2,0,-5,8.120956848524706,0
238,3,7,3,0,-4,12.52881721629087,0
238,3,7,4,0,-3,14.3681777848304,0
238,3,7,5,0,-2,12.09037949275574,0
238,3,7,6,0,-1,15.37988998612697,0
238,3,7,7,1,0,14.93978887824438,.5
238,3,7,8,1,1,17.20415818845489,1
238,3,7,9,1,2,12.96371255465246,1.5
238,3,7,10,1,3,13.32330641377913,2
238,3,7,11,1,4,16.22446758676557,2.5
238,3,7,12,1,5,16.69354044484748,3
239,7,,1,0,,10.22075153852425,0
239,7,,2,0,,14.12154954801036,0
239,7,,3,0,,15.66161351979336,0
239,7,,4,0,,12.42844245378876,0
239,7,,5,0,,13.82023807074615,0
239,7,,6,0,,15.41433750204057,0
239,7,,7,0,,13.27972189613736,0
239,7,,8,0,,12.42094039889718,0
239,7,,9,0,,17.93857367715839,0
239,7,,10,0,,14.65094167344722,0
239,7,,11,0,,18.50179129187486,0
239,7,,12,0,,15.16057610150556,0
240,4,7,1,0,-6,22.49821277490321,0
240,4,7,2,0,-5,22.02076980379926,0
240,4,7,3,0,-4,21.34634157694212,0
240,4,7,4,0,-3,18.53156543069484,0
240,4,7,5,0,-2,19.55725595678709,0
240,4,7,6,0,-1,14.17905395425684,0
240,4,7,7,1,0,22.90257231631932,.5
240,4,7,8,1,1,16.88979884556408,1
240,4,7,9,1,2,20.77113532499532,1.5
240,4,7,10,1,3,26.65432342999607,2
240,4,7,11,1,4,24.26821077309739,2.5
240,4,7,12,1,5,26.50597571378631,3
241,7,,1,0,,17.20709693697793,0
241,7,,2,0,,19.57272507650434,0
241,7,,3,0,,19.88494411887262,0
241,7,,4,0,,25.14400746789526,0
241,7,,5,0,,15.21831012361152,0
241,7,,6,0,,20.53180202470764,0
241,7,,7,0,,22.14591849967393,0
241,7,,8,0,,22.94376225532348,0
241,7,,9,0,,20.59558639431987,0
241,7,,10,0,,30.81796797305192,0
241,7,,11,0,,24.40300174743435,0
241,7,,12,0,,27.98947622094524,0
242,8,,1,0,,11.42294751868635,0
242,8,,2,0,,1.952253161534829,0
242,8,,3,0,,6.216909735608635,0
242,8,,4,0,,8.477996639480981,0
242,8,,5,0,,9.069933351351766,0
242,8,,6,0,,7.863562606973503,0
242,8,,7,0,,10.72655361573421,0
242,8,,8,0,,13.70515299249444,0
242,8,,9,0,,11.24403130342673,0
242,8,,10,0,,8.505789609921766,0
242,8,,11,0,,8.038010501601585,0
242,8,,12,0,,13.95837738539538,0
243,3,7,1,0,-6,9.53987921376633,0
243,3,7,2,0,-5,13.90293151399313,0
243,3,7,3,0,-4,6.456942475494818,0
243,3,7,4,0,-3,9.242051659551908,0
243,3,7,5,0,-2,12.53377464300144,0
243,3,7,6,0,-1,15.04398020689472,0
243,3,7,7,1,0,14.80962713300585,.5
243,3,7,8,1,1,13.4415928574068,1
243,3,7,9,1,2,15.06274862497715,1.5
243,3,7,10,1,3,20.24039823809437,2
243,3,7,11,1,4,19.68133893713395,2.5
243,3,7,12,1,5,17.03393931695692,3
244,2,5,1,0,-4,16.21540113722633,0
244,2,5,2,0,-3,16.760598023449,0
244,2,5,3,0,-2,21.27684038637919,0
244,2,5,4,0,-1,24.66401170893114,0
244,2,5,5,1,0,19.46728209392293,.75
244,2,5,6,1,1,19.77129226571152,1.5
244,2,5,7,1,2,25.21545154660059,2.25
244,2,5,8,1,3,25.13662180104236,3
244,2,5,9,1,4,19.95509332815537,3.75
244,2,5,10,1,5,25.42113878159689,4.5
244,2,5,11,1,6,21.65461496391118,5.25
244,2,5,12,1,7,27.91531799125762,6
245,7,,1,0,,14.39287475629982,0
245,7,,2,0,,9.086358516167891,0
245,7,,3,0,,10.2402835499793,0
245,7,,4,0,,16.65335972881963,0
245,7,,5,0,,14.99946329692246,0
245,7,,6,0,,17.17008386319904,0
245,7,,7,0,,15.23933532873021,0
245,7,,8,0,,14.42406815337787,0
245,7,,9,0,,15.61368193895811,0
245,7,,10,0,,12.60835196218952,0
245,7,,11,0,,14.13455382291788,0
245,7,,12,0,,16.00627100703985,0
246,2,5,1,0,-4,9.928658882481638,0
246,2,5,2,0,-3,15.83840072882701,0
246,2,5,3,0,-2,7.68115327225834,0
246,2,5,4,0,-1,13.1634314109553,0
246,2,5,5,1,0,10.08979965026472,.75
246,2,5,6,1,1,12.96691643997398,1.5
246,2,5,7,1,2,19.661111727584,2.25
246,2,5,8,1,3,19.36781733824636,3
246,2,5,9,1,4,23.07845921055689,3.75
246,2,5,10,1,5,26.73002823339736,4.5
246,2,5,11,1,6,24.38344521502081,5.25
246,2,5,12,1,7,18.92598043393605,6
247,3,7,1,0,-6,18.22379218349848,0
247,3,7,2,0,-5,21.45917464203097,0
247,3,7,3,0,-4,20.25675241538938,0
247,3,7,4,0,-3,22.98601238559739,0
247,3,7,5,0,-2,16.59310626717251,0
247,3,7,6,0,-1,17.31550577560382,0
247,3,7,7,1,0,12.17508903155793,.5
247,3,7,8,1,1,20.33978226907161,1
247,3,7,9,1,2,22.63809020812464,1.5
247,3,7,10,1,3,25.61834562901571,2
247,3,7,11,1,4,26.70548815938583,2.5
247,3,7,12,1,5,27.79399301188857,3
248,2,5,1,0,-4,24.34610854085982,0
248,2,5,2,0,-3,19.73711666242622,0
248,2,5,3,0,-2,16.6848857325102,0
248,2,5,4,0,-1,23.5257529003472,0
248,2,5,5,1,0,17.59904046006562,.75
248,2,5,6,1,1,18.66654647947589,1.5
248,2,5,7,1,2,23.64970464574941,2.25
248,2,5,8,1,3,27.40614254436539,3
248,2,5,9,1,4,29.31577149282212,3.75
248,2,5,10,1,5,25.46607036881572,4.5
248,2,5,11,1,6,31.77509910896896,5.25
248,2,5,12,1,7,34.75082847916671,6
249,8,,1,0,,3.091137816096308,0
249,8,,2,0,,6.542051142658305,0
249,8,,3,0,,6.450879152707357,0
249,8,,4,0,,10.28111005745816,0
249,8,,5,0,,5.983373534257774,0
249,8,,6,0,,5.869152403111677,0
249,8,,7,0,,5.687759230391357,0
249,8,,8,0,,7.063715210583259,0
249,8,,9,0,,5.080838116689771,0
249,8,,10,0,,6.561272702857991,0
249,8,,11,0,,5.437250960131574,0
249,8,,12,0,,9.003534974677741,0
250,7,,1,0,,19.11934739958435,0
250,7,,2,0,,10.27090096654579,0
250,7,,3,0,,18.82775819636485,0
250,7,,4,0,,18.751499161207,0
250,7,,5,0,,16.24230019521251,0
250,7,,6,0,,15.61132691536809,0
250,7,,7,0,,18.77304928719607,0
250,7,,8,0,,19.75985469959925,0
250,7,,9,0,,16.22569846884408,0
250,7,,10,0,,18.72200332382856,0
250,7,,11,0,,17.34233880900633,0
250,7,,12,0,,20.90476905386509,0
251,4,7,1,0,-6,15.64058029406244,0
251,4,7,2,0,-5,24.11297411084742,0
251,4,7,3,0,-4,17.45235226437046,0
251,4,7,4,0,-3,13.76699185683715,0
251,4,7,5,0,-2,15.0900707094807,0
251,4,7,6,0,-1,16.67438729114625,0
251,4,7,7,1,0,22.07940334993378,.5
251,4,7,8,1,1,19.10547066087604,1
251,4,7,9,1,2,19.19668037992324,1.5
251,4,7,10,1,3,21.38744178462554,2
251,4,7,11,1,4,24.36424042288016,2.5
251,4,7,12,1,5,26.6776321887758,3
252,4,7,1,0,-6,19.68881914440804,0
252,4,7,2,0,-5,17.00225647758196,0
252,4,7,3,0,-4,21.38086037148722,0
252,4,7,4,0,-3,18.38127235038748,0
252,4,7,5,0,-2,16.61008174506035,0
252,4,7,6,0,-1,15.27723051525019,0
252,4,7,7,1,0,18.40227098072662,.5
252,4,7,8,1,1,19.1508609333001,1
252,4,7,9,1,2,14.28462847591941,1.5
252,4,7,10,1,3,22.05399818689526,2
252,4,7,11,1,4,24.48558112229272,2.5
252,4,7,12,1,5,21.59664344734563,3
253,8,,1,0,,18.17161314374317,0
253,8,,2,0,,16.97869266315299,0
253,8,,3,0,,10.93476505343451,0
253,8,,4,0,,19.50926757724859,0
253,8,,5,0,,17.86173322549109,0
253,8,,6,0,,12.96102544451731,0
253,8,,7,0,,15.37133934907184,0
253,8,,8,0,,23.77597927732762,0
253,8,,9,0,,16.76007727256559,0
253,8,,10,0,,11.48907157139943,0
253,8,,11,0,,17.52635625549503,0
253,8,,12,0,,19.80139243808316,0
254,4,7,1,0,-6,11.69602074696478,0
254,4,7,2,0,-5,9.278170555545481,0
254,4,7,3,0,-4,7.900471953358118,0
254,4,7,4,0,-3,12.6832167446776,0
254,4,7,5,0,-2,9.307357136541645,0
254,4,7,6,0,-1,7.172751328074519,0
254,4,7,7,1,0,11.63551188383755,.5
254,4,7,8,1,1,7.164551078107902,1
254,4,7,9,1,2,12.36681851714149,1.5
254,4,7,10,1,3,9.751966709496413,2
254,4,7,11,1,4,12.0454713567609,2.5
254,4,7,12,1,5,16.05793311493644,3
255,6,9,1,0,-8,21.82013226250537,0
255,6,9,2,0,-7,17.46725129324309,0
255,6,9,3,0,-6,14.74144383764077,0
255,6,9,4,0,-5,22.01565907074961,0
255,6,9,5,0,-4,22.95693439805211,0
255,6,9,6,0,-3,19.87951624142997,0
255,6,9,7,0,-2,18.29979376586307,0
255,6,9,8,0,-1,20.16950812199624,0
255,6,9,9,1,0,25.49598596916087,.35
255,6,9,10,1,1,25.81855173429307,.7
255,6,9,11,1,2,19.94256236937773,1.05
255,6,9,12,1,3,26.01978798813677,1.4
256,7,,1,0,,18.03561863353297,0
256,7,,2,0,,17.44461387600063,0
256,7,,3,0,,11.4171825258337,0
256,7,,4,0,,21.67685549406095,0
256,7,,5,0,,19.4550152792873,0
256,7,,6,0,,10.56856498958342,0
256,7,,7,0,,18.84797752812513,0
256,7,,8,0,,17.69990776125877,0
256,7,,9,0,,17.25902161288905,0
256,7,,10,0,,18.06185702561818,0
256,7,,11,0,,18.2938012388358,0
256,7,,12,0,,18.49366292166449,0
257,4,7,1,0,-6,16.92425381487408,0
257,4,7,2,0,-5,15.86185051422148,0
257,4,7,3,0,-4,15.57854073634622,0
257,4,7,4,0,-3,16.87666550009124,0
257,4,7,5,0,-2,18.03167805356599,0
257,4,7,6,0,-1,17.50470994566657,0
257,4,7,7,1,0,18.04045660743747,.5
257,4,7,8,1,1,19.37583078160836,1
257,4,7,9,1,2,23.41154565298211,1.5
257,4,7,10,1,3,18.08747162700458,2
257,4,7,11,1,4,16.12729406149586,2.5
257,4,7,12,1,5,23.77141483537887,3
258,7,,1,0,,14.97520438289613,0
258,7,,2,0,,18.2918744945931,0
258,7,,3,0,,13.0813466822149,0
258,7,,4,0,,18.86041740020731,0
258,7,,5,0,,11.64876756962389,0
258,7,,6,0,,13.4061505715189,0
258,7,,7,0,,11.601892455515,0
258,7,,8,0,,18.90243912601375,0
258,7,,9,0,,17.14405366342285,0
258,7,,10,0,,16.04954969675613,0
258,7,,11,0,,15.17226636644567,0
258,7,,12,0,,18.01619111569966,0
259,7,,1,0,,28.70052520581675,0
259,7,,2,0,,32.82434626183737,0
259,7,,3,0,,32.45386374910936,0
259,7,,4,0,,30.22691651610935,0
259,7,,5,0,,30.40209595004863,0
259,7,,6,0,,31.54221102992371,0
259,7,,7,0,,34.57479579483018,0
259,7,,8,0,,33.35299907882173,0
259,7,,9,0,,33.32703144532762,0
259,7,,10,0,,35.68169574925003,0
259,7,,11,0,,31.53792192566863,0
259,7,,12,0,,35.80008495244849,0
260,2,5,1,0,-4,19.2661858323549,0
260,2,5,2,0,-3,21.98639200290776,0
260,2,5,3,0,-2,24.91279217246398,0
260,2,5,4,0,-1,21.31290979320834,0
260,2,5,5,1,0,24.41512389241633,.75
260,2,5,6,1,1,23.96799789560672,1.5
260,2,5,7,1,2,25.13430921012757,2.25
260,2,5,8,1,3,26.43987779547217,3
260,2,5,9,1,4,28.28994724720638,3.75
260,2,5,10,1,5,35.31637667144412,4.5
260,2,5,11,1,6,25.88901796755372,5.25
260,2,5,12,1,7,36.53940329601893,6
261,3,7,1,0,-6,9.151041006202984,0
261,3,7,2,0,-5,5.105654936234965,0
261,3,7,3,0,-4,12.34229291643163,0
261,3,7,4,0,-3,14.68285168678626,0
261,3,7,5,0,-2,15.17447649782495,0
261,3,7,6,0,-1,9.248022502642588,0
261,3,7,7,1,0,15.02924475157338,.5
261,3,7,8,1,1,17.78577157082971,1
261,3,7,9,1,2,15.02215010672388,1.5
261,3,7,10,1,3,15.45461844206915,2
261,3,7,11,1,4,21.62487365705861,2.5
261,3,7,12,1,5,24.68585179275058,3
262,2,5,1,0,-4,8.918346103793931,0
262,2,5,2,0,-3,11.22225385947672,0
262,2,5,3,0,-2,11.98793050333131,0
262,2,5,4,0,-1,19.20434835325901,0
262,2,5,5,1,0,18.11110566959369,.75
262,2,5,6,1,1,9.419023125918502,1.5
262,2,5,7,1,2,10.80170129036706,2.25
262,2,5,8,1,3,18.49241954297401,3
262,2,5,9,1,4,20.24688270145435,3.75
262,2,5,10,1,5,16.0959614073759,4.5
262,2,5,11,1,6,17.25931691029127,5.25
262,2,5,12,1,7,19.43508399101325,6
263,8,,1,0,,14.23824688869726,0
263,8,,2,0,,14.50646111750098,0
263,8,,3,0,,16.45824447528813,0
263,8,,4,0,,19.21105453544415,0
263,8,,5,0,,11.12752162731725,0
263,8,,6,0,,15.99280912620503,0
263,8,,7,0,,14.90821212795862,0
263,8,,8,0,,12.78179825071741,0
263,8,,9,0,,15.20529483267827,0
263,8,,10,0,,19.33251073160007,0
263,8,,11,0,,17.74118542260709,0
263,8,,12,0,,16.06300438741399,0
264,5,9,1,0,-8,23.17685820109129,0
264,5,9,2,0,-7,15.73384296649014,0
264,5,9,3,0,-6,17.97225010667919,0
264,5,9,4,0,-5,19.72767318294655,0
264,5,9,5,0,-4,17.0787993067145,0
264,5,9,6,0,-3,18.89737172997374,0
264,5,9,7,0,-2,22.51914878027084,0
264,5,9,8,0,-1,22.32783034075551,0
264,5,9,9,1,0,22.37354432982933,.35
264,5,9,10,1,1,21.00169261379917,.7
264,5,9,11,1,2,26.75703307063281,1.05
264,5,9,12,1,3,23.14771081089001,1.4
265,7,,1,0,,16.25176579787391,0
265,7,,2,0,,20.56692579000674,0
265,7,,3,0,,21.44621509743833,0
265,7,,4,0,,23.31842810968654,0
265,7,,5,0,,16.49051860829046,0
265,7,,6,0,,17.83981879927448,0
265,7,,7,0,,21.41556885808842,0
265,7,,8,0,,22.84390541543492,0
265,7,,9,0,,18.17569272121345,0
265,7,,10,0,,18.2579142663603,0
265,7,,11,0,,22.67233419803207,0
265,7,,12,0,,23.79929647034104,0
266,1,5,1,0,-4,14.11770978926517,0
266,1,5,2,0,-3,12.66357954363504,0
266,1,5,3,0,-2,18.05811887126391,0
266,1,5,4,0,-1,20.4145932710369,0
266,1,5,5,1,0,20.21459706332142,.75
266,1,5,6,1,1,16.17282578067716,1.5
266,1,5,7,1,2,24.09116890429769,2.25
266,1,5,8,1,3,23.80844321413783,3
266,1,5,9,1,4,23.16549070705921,3.75
266,1,5,10,1,5,24.48590463055385,4.5
266,1,5,11,1,6,29.07327958867435,5.25
266,1,5,12,1,7,23.00712551718825,6
267,1,5,1,0,-4,20.28994885737136,0
267,1,5,2,0,-3,20.40209417186231,0
267,1,5,3,0,-2,27.45301865506347,0
267,1,5,4,0,-1,27.49971268087605,0
267,1,5,5,1,0,27.11788455205803,.75
267,1,5,6,1,1,23.07777909770634,1.5
267,1,5,7,1,2,28.12486388275146,2.25
267,1,5,8,1,3,30.20958017707457,3
267,1,5,9,1,4,31.00381855936207,3.75
267,1,5,10,1,5,31.8681518676105,4.5
267,1,5,11,1,6,29.28759059482555,5.25
267,1,5,12,1,7,32.92211622837733,6
268,4,7,1,0,-6,6.766742013467279,0
268,4,7,2,0,-5,11.82011176388226,0
268,4,7,3,0,-4,6.497643067351765,0
268,4,7,4,0,-3,9.649124912865716,0
268,4,7,5,0,-2,5.605719568852265,0
268,4,7,6,0,-1,12.34685278963744,0
268,4,7,7,1,0,11.14974251617911,.5
268,4,7,8,1,1,13.30583758337222,1
268,4,7,9,1,2,17.77299089282223,1.5
268,4,7,10,1,3,11.96031856396861,2
268,4,7,11,1,4,14.51132467638463,2.5
268,4,7,12,1,5,13.1017224210416,3
269,5,9,1,0,-8,8.358547917014777,0
269,5,9,2,0,-7,20.90598483193443,0
269,5,9,3,0,-6,14.33462703040566,0
269,5,9,4,0,-5,19.37543217327189,0
269,5,9,5,0,-4,24.40674774021157,0
269,5,9,6,0,-3,16.79068406826255,0
269,5,9,7,0,-2,14.47872010644864,0
269,5,9,8,0,-1,17.151778913585,0
269,5,9,9,1,0,15.51122724236425,.35
269,5,9,10,1,1,20.30091441631188,.7
269,5,9,11,1,2,13.3190162728512,1.05
269,5,9,12,1,3,19.43376782725454,1.4
270,2,5,1,0,-4,5.241069585016231,0
270,2,5,2,0,-3,3.611271073221611,0
270,2,5,3,0,-2,8.82651240589056,0
270,2,5,4,0,-1,12.54425678644608,0
270,2,5,5,1,0,4.166631141068176,.75
270,2,5,6,1,1,11.85879715889326,1.5
270,2,5,7,1,2,11.47231271707472,2.25
270,2,5,8,1,3,9.085185105482129,3
270,2,5,9,1,4,10.81966086309746,3.75
270,2,5,10,1,5,13.94265948130456,4.5
270,2,5,11,1,6,16.27146759835567,5.25
270,2,5,12,1,7,17.81177333831914,6
271,6,9,1,0,-8,14.42361439909655,0
271,6,9,2,0,-7,6.875565591262209,0
271,6,9,3,0,-6,5.90339185192077,0
271,6,9,4,0,-5,7.872305783459906,0
271,6,9,5,0,-4,9.235263778938581,0
271,6,9,6,0,-3,10.20871775965402,0
271,6,9,7,0,-2,9.616001587756205,0
271,6,9,8,0,-1,9.891730656244285,0
271,6,9,9,1,0,11.56400220235818,.35
271,6,9,10,1,1,9.074190499149905,.7
271,6,9,11,1,2,15.59875340840044,1.05
271,6,9,12,1,3,18.03404421989495,1.4
272,8,,1,0,,11.62286093593076,0
272,8,,2,0,,17.26333062138655,0
272,8,,3,0,,12.67074368580018,0
272,8,,4,0,,11.89343732372779,0
272,8,,5,0,,14.70117415819009,0
272,8,,6,0,,11.4558895894304,0
272,8,,7,0,,7.902289656593968,0
272,8,,8,0,,19.81710217624687,0
272,8,,9,0,,12.73315503109869,0
272,8,,10,0,,15.76133992908899,0
272,8,,11,0,,14.23598068738548,0
272,8,,12,0,,17.74757552019583,0
273,2,5,1,0,-4,25.38956356018531,0
273,2,5,2,0,-3,27.25549539830117,0
273,2,5,3,0,-2,21.6517493050029,0
273,2,5,4,0,-1,25.07980103700023,0
273,2,5,5,1,0,25.92007388970257,.75
273,2,5,6,1,1,22.5958252414965,1.5
273,2,5,7,1,2,27.37153191488953,2.25
273,2,5,8,1,3,34.22956223500344,3
273,2,5,9,1,4,24.72024057523442,3.75
273,2,5,10,1,5,26.33872889944605,4.5
273,2,5,11,1,6,27.65960744094464,5.25
273,2,5,12,1,7,34.24684361381985,6
274,6,9,1,0,-8,10.82166664009337,0
274,6,9,2,0,-7,5.819278461324767,0
274,6,9,3,0,-6,12.75144277218611,0
274,6,9,4,0,-5,10.89715515178602,0
274,6,9,5,0,-4,13.17735035776551,0
274,6,9,6,0,-3,8.484680037202891,0
274,6,9,7,0,-2,14.14419687928492,0
274,6,9,8,0,-1,17.46444613848566,0
274,6,9,9,1,0,12.71000673994641,.35
274,6,9,10,1,1,14.9537432366212,.7
274,6,9,11,1,2,19.12154658261544,1.05
274,6,9,12,1,3,18.35402720728889,1.4
275,1,5,1,0,-4,12.71884210436496,0
275,1,5,2,0,-3,12.91376333755517,0
275,1,5,3,0,-2,13.15157755490705,0
275,1,5,4,0,-1,10.97276836518004,0
275,1,5,5,1,0,15.07931596976763,.75
275,1,5,6,1,1,16.67725939228595,1.5
275,1,5,7,1,2,20.23753583572477,2.25
275,1,5,8,1,3,16.691186142205,3
275,1,5,9,1,4,14.47924664611768,3.75
275,1,5,10,1,5,20.68248043625975,4.5
275,1,5,11,1,6,21.2173381521876,5.25
275,1,5,12,1,7,24.49598846152215,6
276,5,9,1,0,-8,17.98893126470441,0
276,5,9,2,0,-7,23.17551751869464,0
276,5,9,3,0,-6,19.76837535308776,0
276,5,9,4,0,-5,23.10472260636265,0
276,5,9,5,0,-4,21.35606244241146,0
276,5,9,6,0,-3,20.39396794212407,0
276,5,9,7,0,-2,21.1695125182984,0
276,5,9,8,0,-1,15.92820330808493,0
276,5,9,9,1,0,18.39659473009587,.35
276,5,9,10,1,1,20.29083863802253,.7
276,5,9,11,1,2,24.49485504204832,1.05
276,5,9,12,1,3,24.17999257625068,1.4
277,4,7,1,0,-6,10.00331950639376,0
277,4,7,2,0,-5,11.17799537760001,0
277,4,7,3,0,-4,15.55331525599024,0
277,4,7,4,0,-3,20.54543909779737,0
277,4,7,5,0,-2,14.09562470274812,0
277,4,7,6,0,-1,16.61184456150544,0
277,4,7,7,1,0,13.21031586018709,.5
277,4,7,8,1,1,20.29168187391096,1
277,4,7,9,1,2,16.10921154750627,1.5
277,4,7,10,1,3,20.71583234816284,2
277,4,7,11,1,4,13.26961639730411,2.5
277,4,7,12,1,5,20.32446256767839,3
278,1,5,1,0,-4,9.31040949241242,0
278,1,5,2,0,-3,12.20219025306651,0
278,1,5,3,0,-2,8.215169682263557,0
278,1,5,4,0,-1,13.55705775442794,0
278,1,5,5,1,0,15.67544165160798,.75
278,1,5,6,1,1,13.0607904367348,1.5
278,1,5,7,1,2,17.8359468239279,2.25
278,1,5,8,1,3,11.58836724096767,3
278,1,5,9,1,4,19.78336883770188,3.75
278,1,5,10,1,5,17.14903203777076,4.5
278,1,5,11,1,6,19.97957011857606,5.25
278,1,5,12,1,7,22.52305153340265,6
279,7,,1,0,,19.04555648213184,0
279,7,,2,0,,13.34056550073304,0
279,7,,3,0,,18.98847476142967,0
279,7,,4,0,,19.47110394283088,0
279,7,,5,0,,16.9223705379814,0
279,7,,6,0,,19.55239595807039,0
279,7,,7,0,,19.89941895856528,0
279,7,,8,0,,27.14652284601708,0
279,7,,9,0,,18.61676055620915,0
279,7,,10,0,,21.0274141424322,0
279,7,,11,0,,19.65388062064347,0
279,7,,12,0,,27.02162055729254,0
280,1,5,1,0,-4,7.224211751674841,0
280,1,5,2,0,-3,9.643184405995493,0
280,1,5,3,0,-2,12.61121733395516,0
280,1,5,4,0,-1,10.55952345875478,0
280,1,5,5,1,0,11.11238031656931,.75
280,1,5,6,1,1,9.548812180593981,1.5
280,1,5,7,1,2,18.19616319162824,2.25
280,1,5,8,1,3,14.00702700077199,3
280,1,5,9,1,4,14.55921018400168,3.75
280,1,5,10,1,5,16.98974923158524,4.5
280,1,5,11,1,6,20.88952595389799,5.25
280,1,5,12,1,7,15.31801247375923,6
281,1,5,1,0,-4,8.863922039347269,0
281,1,5,2,0,-3,10.07059899512202,0
281,1,5,3,0,-2,11.11676923976947,0
281,1,5,4,0,-1,14.46462057785019,0
281,1,5,5,1,0,9.101452550913388,.75
281,1,5,6,1,1,8.864080847415224,1.5
281,1,5,7,1,2,18.24716700597447,2.25
281,1,5,8,1,3,17.16763709782852,3
281,1,5,9,1,4,23.70993872497446,3.75
281,1,5,10,1,5,17.88908946590458,4.5
281,1,5,11,1,6,19.06007831792334,5.25
281,1,5,12,1,7,27.73181763311557,6
282,8,,1,0,,27.56570319865526,0
282,8,,2,0,,26.67691534698302,0
282,8,,3,0,,35.49125051480684,0
282,8,,4,0,,33.33528174999788,0
282,8,,5,0,,28.36433318962215,0
282,8,,6,0,,27.15727912438404,0
282,8,,7,0,,25.80087600404417,0
282,8,,8,0,,26.14146557247137,0
282,8,,9,0,,30.90373245299867,0
282,8,,10,0,,29.72694455940359,0
282,8,,11,0,,29.95691745823815,0
282,8,,12,0,,29.22715003042101,0
283,4,7,1,0,-6,17.34757367244017,0
283,4,7,2,0,-5,23.86829992039615,0
283,4,7,3,0,-4,25.97259456155016,0
283,4,7,4,0,-3,26.9471653068563,0
283,4,7,5,0,-2,25.06263961763393,0
283,4,7,6,0,-1,23.42662846634449,0
283,4,7,7,1,0,23.2704589337356,.5
283,4,7,8,1,1,20.86411406242109,1
283,4,7,9,1,2,26.18298801387973,1.5
283,4,7,10,1,3,28.27947079077633,2
283,4,7,11,1,4,30.29145522854603,2.5
283,4,7,12,1,5,25.21121044332793,3
284,1,5,1,0,-4,18.38739056583281,0
284,1,5,2,0,-3,7.511461056641172,0
284,1,5,3,0,-2,12.31906374791796,0
284,1,5,4,0,-1,21.31908151069742,0
284,1,5,5,1,0,20.13970531195572,.75
284,1,5,6,1,1,15.61690513130876,1.5
284,1,5,7,1,2,22.63724224575805,2.25
284,1,5,8,1,3,21.43518398431875,3
284,1,5,9,1,4,20.08426523007852,3.75
284,1,5,10,1,5,25.01330963190173,4.5
284,1,5,11,1,6,24.18278583410999,5.25
284,1,5,12,1,7,27.74966329264369,6
285,1,5,1,0,-4,19.28213862381751,0
285,1,5,2,0,-3,20.95844518217071,0
285,1,5,3,0,-2,19.6818373361469,0
285,1,5,4,0,-1,23.0543403772458,0
285,1,5,5,1,0,17.09725144469246,.75
285,1,5,6,1,1,26.36012991969377,1.5
285,1,5,7,1,2,27.16033407110378,2.25
285,1,5,8,1,3,24.9377591244422,3
285,1,5,9,1,4,24.5695726868643,3.75
285,1,5,10,1,5,26.89785221324079,4.5
285,1,5,11,1,6,30.3885827896442,5.25
285,1,5,12,1,7,31.57371469205382,6
286,4,7,1,0,-6,10.63204047740627,0
286,4,7,2,0,-5,13.3376401408031,0
286,4,7,3,0,-4,12.36841244356108,0
286,4,7,4,0,-3,13.23892221524965,0
286,4,7,5,0,-2,12.55320136567913,0
286,4,7,6,0,-1,17.68976666877435,0
286,4,7,7,1,0,16.59971355725577,.5
286,4,7,8,1,1,13.68332498876638,1
286,4,7,9,1,2,9.327800129279733,1.5
286,4,7,10,1,3,18.38060210272457,2
286,4,7,11,1,4,17.83533720738198,2.5
286,4,7,12,1,5,18.33697723290428,3
287,8,,1,0,,18.38467910654799,0
287,8,,2,0,,15.65266621387286,0
287,8,,3,0,,14.48552413661473,0
287,8,,4,0,,12.11947809219772,0
287,8,,5,0,,12.81963364305252,0
287,8,,6,0,,14.69177881604928,0
287,8,,7,0,,23.26203814402626,0
287,8,,8,0,,19.72099528608545,0
287,8,,9,0,,12.90106493408839,0
287,8,,10,0,,19.29365388509943,0
287,8,,11,0,,21.13931132162634,0
287,8,,12,0,,18.89367514765659,0
288,5,9,1,0,-8,18.25947334007127,0
288,5,9,2,0,-7,15.79815386650939,0
288,5,9,3,0,-6,20.31442188028263,0
288,5,9,4,0,-5,22.02697684847242,0
288,5,9,5,0,-4,19.70466417788446,0
288,5,9,6,0,-3,20.11689343460729,0
288,5,9,7,0,-2,19.68707853461422,0
288,5,9,8,0,-1,19.52073046629909,0
288,5,9,9,1,0,16.24152965699582,.35
288,5,9,10,1,1,24.57542673083612,.7
288,5,9,11,1,2,20.52945031356029,1.05
288,5,9,12,1,3,21.87797657567494,1.4
289,7,,1,0,,24.06462016121316,0
289,7,,2,0,,24.44084927572066,0
289,7,,3,0,,28.82771284213094,0
289,7,,4,0,,28.8695219727637,0
289,7,,5,0,,24.63994923363858,0
289,7,,6,0,,24.3805461161249,0
289,7,,7,0,,28.88427525533566,0
289,7,,8,0,,29.68519410959068,0
289,7,,9,0,,27.41989259964431,0
289,7,,10,0,,26.89003193743071,0
289,7,,11,0,,24.82074417732986,0
289,7,,12,0,,32.94448171194409,0
290,8,,1,0,,18.28594789227256,0
290,8,,2,0,,23.48235827787702,0
290,8,,3,0,,20.03592209244249,0
290,8,,4,0,,23.25680196272727,0
290,8,,5,0,,18.05543639367035,0
290,8,,6,0,,20.78794018195006,0
290,8,,7,0,,20.53094476154027,0
290,8,,8,0,,26.76123254255962,0
290,8,,9,0,,23.39361886304817,0
290,8,,10,0,,19.11169863450974,0
290,8,,11,0,,21.04180751039503,0
290,8,,12,0,,19.40551652654058,0
291,7,,1,0,,6.381095210060368,0
291,7,,2,0,,10.75998894939957,0
291,7,,3,0,,14.83909578412233,0
291,7,,4,0,,12.64668480722503,0
291,7,,5,0,,15.71162755018666,0
291,7,,6,0,,16.13888205251572,0
291,7,,7,0,,12.8740366701975,0
291,7,,8,0,,20.72425672216717,0
291,7,,9,0,,14.59601271264954,0
291,7,,10,0,,19.24247774223203,0
291,7,,11,0,,19.22827184117356,0
291,7,,12,0,,16.74144069675689,0
292,7,,1,0,,14.1456731673042,0
292,7,,2,0,,7.893018012569996,0
292,7,,3,0,,6.239450407931617,0
292,7,,4,0,,16.15052773490862,0
292,7,,5,0,,13.48342371492649,0
292,7,,6,0,,17.47578457349638,0
292,7,,7,0,,11.7195186132457,0
292,7,,8,0,,14.70257488177739,0
292,7,,9,0,,18.88425466136864,0
292,7,,10,0,,17.85047989708361,0
292,7,,11,0,,13.01102836836882,0
292,7,,12,0,,12.12862021923909,0
293,7,,1,0,,16.44418010477,0
293,7,,2,0,,18.12827048325235,0
293,7,,3,0,,16.5501044933871,0
293,7,,4,0,,18.96122618853147,0
293,7,,5,0,,20.41390778843099,0
293,7,,6,0,,15.82992554235649,0
293,7,,7,0,,20.31527454765627,0
293,7,,8,0,,22.02990719321426,0
293,7,,9,0,,22.33545758030347,0
293,7,,10,0,,20.65921001763242,0
293,7,,11,0,,25.14336658959196,0
293,7,,12,0,,24.71050452885377,0
294,3,7,1,0,-6,20.80596732169813,0
294,3,7,2,0,-5,19.63385848041755,0
294,3,7,3,0,-4,18.45368122811522,0
294,3,7,4,0,-3,17.74416577163352,0
294,3,7,5,0,-2,16.83318116684222,0
294,3,7,6,0,-1,16.63510511713725,0
294,3,7,7,1,0,18.92759149829959,.5
294,3,7,8,1,1,24.50006501386503,1
294,3,7,9,1,2,22.68128582393357,1.5
294,3,7,10,1,3,20.77867666344168,2
294,3,7,11,1,4,23.34096534354942,2.5
294,3,7,12,1,5,25.25871948508583,3
295,5,9,1,0,-8,16.8313390467339,0
295,5,9,2,0,-7,15.28030909339109,0
295,5,9,3,0,-6,19.5868197596714,0
295,5,9,4,0,-5,18.21586340714444,0
295,5,9,5,0,-4,16.96378864283535,0
295,5,9,6,0,-3,15.62537517495693,0
295,5,9,7,0,-2,19.63634372028837,0
295,5,9,8,0,-1,13.63658727170343,0
295,5,9,9,1,0,22.69080094651339,.35
295,5,9,10,1,1,21.09913005393684,.7
295,5,9,11,1,2,20.49118382083519,1.05
295,5,9,12,1,3,20.28777973690919,1.4
296,8,,1,0,,20.42254973515863,0
296,8,,2,0,,16.64473777041108,0
296,8,,3,0,,17.63864176646722,0
296,8,,4,0,,25.36541545849809,0
296,8,,5,0,,19.16467283818145,0
296,8,,6,0,,24.45108056123653,0
296,8,,7,0,,17.99570566513773,0
296,8,,8,0,,17.6096604084504,0
296,8,,9,0,,24.85235266876522,0
296,8,,10,0,,17.05207696951622,0
296,8,,11,0,,23.94295426518039,0
296,8,,12,0,,27.6576714310041,0
297,3,7,1,0,-6,29.3692818535081,0
297,3,7,2,0,-5,21.20887150591334,0
297,3,7,3,0,-4,24.54497833917184,0
297,3,7,4,0,-3,25.89953405318263,0
297,3,7,5,0,-2,27.94023922419883,0
297,3,7,6,0,-1,28.23690591834165,0
297,3,7,7,1,0,33.11075801572733,.5
297,3,7,8,1,1,28.63409059425923,1
297,3,7,9,1,2,32.36900295077169,1.5
297,3,7,10,1,3,25.17984161627065,2
297,3,7,11,1,4,24.63888889681414,2.5
297,3,7,12,1,5,30.34851951420963,3
298,5,9,1,0,-8,12.87549795865937,0
298,5,9,2,0,-7,16.38606987658632,0
298,5,9,3,0,-6,21.12354481165575,0
298,5,9,4,0,-5,27.03650023135858,0
298,5,9,5,0,-4,16.8711469461518,0
298,5,9,6,0,-3,16.25751356069999,0
298,5,9,7,0,-2,17.10813765839166,0
298,5,9,8,0,-1,25.0047420656525,0
298,5,9,9,1,0,18.62084420201159,.35
298,5,9,10,1,1,21.55186772789185,.7
298,5,9,11,1,2,28.60711683667745,1.05
298,5,9,12,1,3,22.72226910039829,1.4
299,1,5,1,0,-4,14.92223590357029,0
299,1,5,2,0,-3,16.7291143210999,0
299,1,5,3,0,-2,16.69458493933638,0
299,1,5,4,0,-1,10.41378812693822,0
299,1,5,5,1,0,11.8708513909787,.75
299,1,5,6,1,1,20.26746441142457,1.5
299,1,5,7,1,2,22.44678073260683,2.25
299,1,5,8,1,3,21.84463681598038,3
299,1,5,9,1,4,23.62161082199862,3.75
299,1,5,10,1,5,30.03950198036928,4.5
299,1,5,11,1,6,22.68248076473328,5.25
299,1,5,12,1,7,23.76316511429821,6
300,6,9,1,0,-8,13.60684705448252,0
300,6,9,2,0,-7,12.55269381913903,0
300,6,9,3,0,-6,17.3512833305774,0
300,6,9,4,0,-5,16.65255858259593,0
300,6,9,5,0,-4,16.1997551001341,0
300,6,9,6,0,-3,14.48635447975462,0
300,6,9,7,0,-2,15.06478312800578,0
300,6,9,8,0,-1,18.92789452571147,0
300,6,9,9,1,0,19.8711089595519,.35
300,6,9,10,1,1,13.55692114427394,.7
300,6,9,11,1,2,14.14727106777266,1.05
300,6,9,12,1,3,17.29317330467861,1.4
301,2,5,1,0,-4,20.93691500649369,0
301,2,5,2,0,-3,20.17327696240975,0
301,2,5,3,0,-2,15.3588794242823,0
301,2,5,4,0,-1,21.34129782640413,0
301,2,5,5,1,0,17.15975749894548,.75
301,2,5,6,1,1,24.90396768592743,1.5
301,2,5,7,1,2,15.70260123587956,2.25
301,2,5,8,1,3,29.22330728948351,3
301,2,5,9,1,4,23.89898987391252,3.75
301,2,5,10,1,5,24.6390048055049,4.5
301,2,5,11,1,6,29.25818010167953,5.25
301,2,5,12,1,7,28.10230302424786,6
302,1,5,1,0,-4,8.802127749435035,0
302,1,5,2,0,-3,6.591399964871059,0
302,1,5,3,0,-2,8.520461706524797,0
302,1,5,4,0,-1,11.94000842822563,0
302,1,5,5,1,0,11.41333972220506,.75
302,1,5,6,1,1,11.34244369235591,1.5
302,1,5,7,1,2,13.47448954482478,2.25
302,1,5,8,1,3,16.42578162555555,3
302,1,5,9,1,4,13.1899853479301,3.75
302,1,5,10,1,5,16.82764643937295,4.5
302,1,5,11,1,6,21.3268247434562,5.25
302,1,5,12,1,7,15.59334627951662,6
303,8,,1,0,,14.05811681639762,0
303,8,,2,0,,10.83204828652205,0
303,8,,3,0,,10.81302777650527,0
303,8,,4,0,,14.91574438159378,0
303,8,,5,0,,13.9568782495588,0
303,8,,6,0,,14.35829289264951,0
303,8,,7,0,,18.28997930019813,0
303,8,,8,0,,14.35290985728912,0
303,8,,9,0,,13.67193321954937,0
303,8,,10,0,,13.60833979555423,0
303,8,,11,0,,18.21797769519399,0
303,8,,12,0,,19.67798538285103,0
304,8,,1,0,,12.40449109737014,0
304,8,,2,0,,12.43477012085971,0
304,8,,3,0,,9.685072705340216,0
304,8,,4,0,,20.22996942400275,0
304,8,,5,0,,15.53055747124857,0
304,8,,6,0,,15.3924399978006,0
304,8,,7,0,,16.57193323375897,0
304,8,,8,0,,19.26835622498581,0
304,8,,9,0,,18.76031243434916,0
304,8,,10,0,,11.6203730393884,0
304,8,,11,0,,17.97861623437205,0
304,8,,12,0,,16.15904332892866,0
305,3,7,1,0,-6,13.59747308504141,0
305,3,7,2,0,-5,14.99040622755239,0
305,3,7,3,0,-4,16.69335465489826,0
305,3,7,4,0,-3,19.00256911188266,0
305,3,7,5,0,-2,16.18131197926259,0
305,3,7,6,0,-1,16.84513641240582,0
305,3,7,7,1,0,17.94581890650695,.5
305,3,7,8,1,1,19.93790990515915,1
305,3,7,9,1,2,16.26762507561747,1.5
305,3,7,10,1,3,23.33392582437008,2
305,3,7,11,1,4,21.62662729460607,2.5
305,3,7,12,1,5,22.12964787333464,3
306,6,9,1,0,-8,10.49061252490524,0
306,6,9,2,0,-7,20.05007463554064,0
306,6,9,3,0,-6,15.84981404842046,0
306,6,9,4,0,-5,25.04909765426088,0
306,6,9,5,0,-4,14.55693821888042,0
306,6,9,6,0,-3,23.75747554085682,0
306,6,9,7,0,-2,17.64126211769786,0
306,6,9,8,0,-1,23.50850687083008,0
306,6,9,9,1,0,20.97685899388773,.35
306,6,9,10,1,1,18.05101149162305,.7
306,6,9,11,1,2,22.27433909886793,1.05
306,6,9,12,1,3,27.03240812071078,1.4
307,3,7,1,0,-6,13.07857779053855,0
307,3,7,2,0,-5,11.47654197240313,0
307,3,7,3,0,-4,14.64521784225044,0
307,3,7,4,0,-3,19.3816874009783,0
307,3,7,5,0,-2,18.15367160197714,0
307,3,7,6,0,-1,19.36751808832775,0
307,3,7,7,1,0,15.20381195943423,.5
307,3,7,8,1,1,23.17593003763822,1
307,3,7,9,1,2,19.89773744958055,1.5
307,3,7,10,1,3,20.04944294139298,2
307,3,7,11,1,4,18.88159132288063,2.5
307,3,7,12,1,5,22.58003717264316,3
308,4,7,1,0,-6,22.87250590083556,0
308,4,7,2,0,-5,19.41469195347762,0
308,4,7,3,0,-4,21.7752520800198,0
308,4,7,4,0,-3,25.75612139509544,0
308,4,7,5,0,-2,19.73041414375061,0
308,4,7,6,0,-1,20.93644630613311,0
308,4,7,7,1,0,25.52867851099727,.5
308,4,7,8,1,1,23.30414680627311,1
308,4,7,9,1,2,27.20025908021054,1.5
308,4,7,10,1,3,24.99521743682284,2
308,4,7,11,1,4,23.92530316082685,2.5
308,4,7,12,1,5,30.56579531569578,3
309,7,,1,0,,16.48314427991569,0
309,7,,2,0,,16.54539361502354,0
309,7,,3,0,,14.82480260792002,0
309,7,,4,0,,16.32579221433167,0
309,7,,5,0,,17.23430803323169,0
309,7,,6,0,,15.85218120637501,0
309,7,,7,0,,17.30579028066653,0
309,7,,8,0,,18.96877712405274,0
309,7,,9,0,,25.0942166437578,0
309,7,,10,0,,20.1515706013414,0
309,7,,11,0,,16.88194056477957,0
309,7,,12,0,,23.72997802742381,0
310,1,5,1,0,-4,18.56510652597316,0
310,1,5,2,0,-3,25.14779713630805,0
310,1,5,3,0,-2,25.15967065798402,0
310,1,5,4,0,-1,26.02923839083412,0
310,1,5,5,1,0,23.77656201314877,.75
310,1,5,6,1,1,23.81189122759537,1.5
310,1,5,7,1,2,29.76092771993125,2.25
310,1,5,8,1,3,27.35818528272313,3
310,1,5,9,1,4,27.17017848565889,3.75
310,1,5,10,1,5,25.65849249531974,4.5
310,1,5,11,1,6,27.57516271392742,5.25
310,1,5,12,1,7,38.68965605907425,6
311,6,9,1,0,-8,16.6976149517153,0
311,6,9,2,0,-7,18.7119825232678,0
311,6,9,3,0,-6,11.36137842874324,0
311,6,9,4,0,-5,17.84071289779859,0
311,6,9,5,0,-4,14.83247119444676,0
311,6,9,6,0,-3,14.11670977792872,0
311,6,9,7,0,-2,14.27830270241763,0
311,6,9,8,0,-1,18.99266870307166,0
311,6,9,9,1,0,23.95861638755182,.35
311,6,9,10,1,1,21.06567830907873,.7
311,6,9,11,1,2,24.76253256058073,1.05
311,6,9,12,1,3,18.78509707142539,1.4
312,6,9,1,0,-8,26.77198566883764,0
312,6,9,2,0,-7,22.6046701549415,0
312,6,9,3,0,-6,19.08691418942684,0
312,6,9,4,0,-5,20.99451497509488,0
312,6,9,5,0,-4,26.03167023911967,0
312,6,9,6,0,-3,22.89185426341328,0
312,6,9,7,0,-2,22.80519626312923,0
312,6,9,8,0,-1,23.13959574263228,0
312,6,9,9,1,0,19.63047454892125,.35
312,6,9,10,1,1,22.43821449196683,.7
312,6,9,11,1,2,26.00495447783635,1.05
312,6,9,12,1,3,30.28006091865783,1.4
313,3,7,1,0,-6,14.4888043448455,0
313,3,7,2,0,-5,20.68969681967076,0
313,3,7,3,0,-4,12.72327419500758,0
313,3,7,4,0,-3,19.3855754199283,0
313,3,7,5,0,-2,20.5164469866433,0
313,3,7,6,0,-1,18.56136757134602,0
313,3,7,7,1,0,14.69207977772639,.5
313,3,7,8,1,1,20.09686650483757,1
313,3,7,9,1,2,19.64701814307033,1.5
313,3,7,10,1,3,24.72288682116578,2
313,3,7,11,1,4,20.24042787337323,2.5
313,3,7,12,1,5,20.50663722289856,3
314,1,5,1,0,-4,12.81012456318164,0
314,1,5,2,0,-3,6.122776702787359,0
314,1,5,3,0,-2,12.9755595376657,0
314,1,5,4,0,-1,10.14038982279704,0
314,1,5,5,1,0,16.99328443762315,.75
314,1,5,6,1,1,16.02603894247938,1.5
314,1,5,7,1,2,19.0788155933052,2.25
314,1,5,8,1,3,15.75558135284386,3
314,1,5,9,1,4,11.63700691863723,3.75
314,1,5,10,1,5,21.42948436565842,4.5
314,1,5,11,1,6,25.92128554708079,5.25
314,1,5,12,1,7,22.56995893164146,6
315,2,5,1,0,-4,27.55867209826295,0
315,2,5,2,0,-3,23.75313045164966,0
315,2,5,3,0,-2,26.74094631045261,0
315,2,5,4,0,-1,23.10226678344423,0
315,2,5,5,1,0,27.73147732555857,.75
315,2,5,6,1,1,35.24374383215743,1.5
315,2,5,7,1,2,26.96120816760717,2.25
315,2,5,8,1,3,32.9684431892186,3
315,2,5,9,1,4,31.21748832143991,3.75
315,2,5,10,1,5,26.89260615940545,4.5
315,2,5,11,1,6,32.49471582954585,5.25
315,2,5,12,1,7,37.70285554781187,6
316,4,7,1,0,-6,13.55514637147467,0
316,4,7,2,0,-5,16.94300317176322,0
316,4,7,3,0,-4,18.14965345146661,0
316,4,7,4,0,-3,14.9561444440458,0
316,4,7,5,0,-2,21.63957231044414,0
316,4,7,6,0,-1,19.09629075373394,0
316,4,7,7,1,0,19.59279100248962,.5
316,4,7,8,1,1,22.06355013862215,1
316,4,7,9,1,2,19.09556273455765,1.5
316,4,7,10,1,3,25.54440046097355,2
316,4,7,11,1,4,28.09466340736895,2.5
316,4,7,12,1,5,23.59258188174283,3
317,7,,1,0,,7.486097573844589,0
317,7,,2,0,,13.49999160820124,0
317,7,,3,0,,11.79749447891411,0
317,7,,4,0,,16.53733494943555,0
317,7,,5,0,,8.684773112182672,0
317,7,,6,0,,8.939646794998247,0
317,7,,7,0,,20.70437860103532,0
317,7,,8,0,,14.00806920753194,0
317,7,,9,0,,9.244734713401112,0
317,7,,10,0,,11.92169751550161,0
317,7,,11,0,,17.61012790875128,0
317,7,,12,0,,13.80439850221856,0
318,2,5,1,0,-4,19.00173933058105,0
318,2,5,2,0,-3,14.02588747373339,0
318,2,5,3,0,-2,14.76363784180717,0
318,2,5,4,0,-1,12.82602055718139,0
318,2,5,5,1,0,14.18498909645492,.75
318,2,5,6,1,1,22.26561389461344,1.5
318,2,5,7,1,2,20.47375830686272,2.25
318,2,5,8,1,3,25.02318805143889,3
318,2,5,9,1,4,21.74475394988437,3.75
318,2,5,10,1,5,26.73422755095342,4.5
318,2,5,11,1,6,18.41603453401376,5.25
318,2,5,12,1,7,22.88163582878875,6
319,8,,1,0,,17.41404478679169,0
319,8,,2,0,,17.05936563990373,0
319,8,,3,0,,18.65036354177689,0
319,8,,4,0,,16.50013703639919,0
319,8,,5,0,,17.93443333979663,0
319,8,,6,0,,18.57463281826142,0
319,8,,7,0,,21.44268610460356,0
319,8,,8,0,,17.6896427691311,0
319,8,,9,0,,17.53450254595573,0
319,8,,10,0,,16.66475257266396,0
319,8,,11,0,,17.42851520249749,0
319,8,,12,0,,22.04396297866259,0
320,3,7,1,0,-6,21.63798213654086,0
320,3,7,2,0,-5,19.97063810014295,0
320,3,7,3,0,-4,25.74047723899996,0
320,3,7,4,0,-3,17.84754978778017,0
320,3,7,5,0,-2,22.68356282222744,0
320,3,7,6,0,-1,18.35772912599867,0
320,3,7,7,1,0,25.01329875458389,.5
320,3,7,8,1,1,28.74964923998451,1
320,3,7,9,1,2,26.55727533995027,1.5
320,3,7,10,1,3,22.33545744652429,2
320,3,7,11,1,4,22.04335871188507,2.5
320,3,7,12,1,5,27.10706004229853,3
321,6,9,1,0,-8,11.64102830919712,0
321,6,9,2,0,-7,8.156914548318737,0
321,6,9,3,0,-6,8.292432737823898,0
321,6,9,4,0,-5,14.32442204745626,0
321,6,9,5,0,-4,12.14256554896224,0
321,6,9,6,0,-3,12.84534955650142,0
321,6,9,7,0,-2,12.91490506630236,0
321,6,9,8,0,-1,11.11195786785899,0
321,6,9,9,1,0,14.57933747804219,.35
321,6,9,10,1,1,11.20441658974919,.7
321,6,9,11,1,2,15.52964675399407,1.05
321,6,9,12,1,3,18.17693795497033,1.4
322,5,9,1,0,-8,10.86170708931761,0
322,5,9,2,0,-7,17.43717547238118,0
322,5,9,3,0,-6,14.94612680613389,0
322,5,9,4,0,-5,19.8971481436181,0
322,5,9,5,0,-4,20.01047544362623,0
322,5,9,6,0,-3,16.4133153989267,0
322,5,9,7,0,-2,19.33848796253105,0
322,5,9,8,0,-1,16.47985999966229,0
322,5,9,9,1,0,20.86179550327695,.35
322,5,9,10,1,1,21.34041323749792,.7
322,5,9,11,1,2,25.87560748877478,1.05
322,5,9,12,1,3,32.37385727814823,1.4
323,1,5,1,0,-4,15.96123106282315,0
323,1,5,2,0,-3,23.00671441129927,0
323,1,5,3,0,-2,16.20447126751922,0
323,1,5,4,0,-1,23.32831617945809,0
323,1,5,5,1,0,24.09955685453357,.75
323,1,5,6,1,1,17.23090495907462,1.5
323,1,5,7,1,2,17.23239167451497,2.25
323,1,5,8,1,3,23.4251952082803,3
323,1,5,9,1,4,20.87600163151268,3.75
323,1,5,10,1,5,20.82277466027479,4.5
323,1,5,11,1,6,23.90121687277688,5.25
323,1,5,12,1,7,25.20485072867378,6
324,5,9,1,0,-8,9.628590803688343,0
324,5,9,2,0,-7,12.34705441007274,0
324,5,9,3,0,-6,11.99829575960031,0
324,5,9,4,0,-5,13.98752319769095,0
324,5,9,5,0,-4,13.49094959997753,0
324,5,9,6,0,-3,13.21918454914922,0
324,5,9,7,0,-2,14.2962190521905,0
324,5,9,8,0,-1,18.60246328413211,0
324,5,9,9,1,0,17.91290761165348,.35
324,5,9,10,1,1,17.14075600138109,.7
324,5,9,11,1,2,17.67042469959789,1.05
324,5,9,12,1,3,12.37630793536586,1.4
325,1,5,1,0,-4,19.72274406387824,0
325,1,5,2,0,-3,24.68611696877087,0
325,1,5,3,0,-2,18.61012443084109,0
325,1,5,4,0,-1,23.84467275761097,0
325,1,5,5,1,0,24.26875112884778,.75
325,1,5,6,1,1,21.3757912660901,1.5
325,1,5,7,1,2,22.89259969220013,2.25
325,1,5,8,1,3,25.28529006969527,3
325,1,5,9,1,4,23.06870735323878,3.75
325,1,5,10,1,5,29.6943752509345,4.5
325,1,5,11,1,6,25.52698172991296,5.25
325,1,5,12,1,7,28.97195359244463,6
326,5,9,1,0,-8,9.03329867655817,0
326,5,9,2,0,-7,11.4093987081214,0
326,5,9,3,0,-6,17.77995440301285,0
326,5,9,4,0,-5,18.04793969045817,0
326,5,9,5,0,-4,13.99478981567547,0
326,5,9,6,0,-3,9.993324617546541,0
326,5,9,7,0,-2,16.0982768278902,0
326,5,9,8,0,-1,18.38124002071052,0
326,5,9,9,1,0,16.49191067392627,.35
326,5,9,10,1,1,16.92154608164569,.7
326,5,9,11,1,2,11.11010839033935,1.05
326,5,9,12,1,3,12.30333401345083,1.4
327,3,7,1,0,-6,9.062047987714909,0
327,3,7,2,0,-5,18.32464864704706,0
327,3,7,3,0,-4,14.39102085178203,0
327,3,7,4,0,-3,14.8450848624981,0
327,3,7,5,0,-2,15.75620623204788,0
327,3,7,6,0,-1,17.37851019266001,0
327,3,7,7,1,0,11.95997906817191,.5
327,3,7,8,1,1,13.10375077707012,1
327,3,7,9,1,2,10.25035711837366,1.5
327,3,7,10,1,3,14.7306347096631,2
327,3,7,11,1,4,23.68453934158092,2.5
327,3,7,12,1,5,19.10293631128042,3
328,1,5,1,0,-4,9.684846036154603,0
328,1,5,2,0,-3,8.887676340529604,0
328,1,5,3,0,-2,6.151504513920141,0
328,1,5,4,0,-1,19.56145894719568,0
328,1,5,5,1,0,11.2278368683485,.75
328,1,5,6,1,1,10.56773787783674,1.5
328,1,5,7,1,2,14.70889036984558,2.25
328,1,5,8,1,3,13.0286412095292,3
328,1,5,9,1,4,16.3059214087664,3.75
328,1,5,10,1,5,17.0480061577218,4.5
328,1,5,11,1,6,18.29727682661714,5.25
328,1,5,12,1,7,18.59831791361648,6
329,2,5,1,0,-4,20.80497423747854,0
329,2,5,2,0,-3,15.24461967389314,0
329,2,5,3,0,-2,20.83132081261839,0
329,2,5,4,0,-1,15.66260177706468,0
329,2,5,5,1,0,17.84629790463728,.75
329,2,5,6,1,1,19.54817245567868,1.5
329,2,5,7,1,2,17.62452580699808,2.25
329,2,5,8,1,3,19.17703986911896,3
329,2,5,9,1,4,24.83575691490599,3.75
329,2,5,10,1,5,27.05103654772985,4.5
329,2,5,11,1,6,26.74838902106201,5.25
329,2,5,12,1,7,34.68728669209452,6
330,6,9,1,0,-8,17.17474245919779,0
330,6,9,2,0,-7,10.98816728283295,0
330,6,9,3,0,-6,11.8453144035016,0
330,6,9,4,0,-5,8.861641279409124,0
330,6,9,5,0,-4,9.48678091003136,0
330,6,9,6,0,-3,11.17562253200583,0
330,6,9,7,0,-2,18.26212514562904,0
330,6,9,8,0,-1,16.40984263999428,0
330,6,9,9,1,0,17.50566941335471,.35
330,6,9,10,1,1,19.43399830864161,.7
330,6,9,11,1,2,17.95299925131686,1.05
330,6,9,12,1,3,15.28551499854898,1.4
331,3,7,1,0,-6,18.28967117889916,0
331,3,7,2,0,-5,16.84564910229662,0
331,3,7,3,0,-4,13.24693635422548,0
331,3,7,4,0,-3,18.47646258497554,0
331,3,7,5,0,-2,12.44192313990162,0
331,3,7,6,0,-1,15.06395074391546,0
331,3,7,7,1,0,13.45743273354195,.5
331,3,7,8,1,1,20.24879963487092,1
331,3,7,9,1,2,15.3683935999174,1.5
331,3,7,10,1,3,21.82676690265591,2
331,3,7,11,1,4,15.325076330799,2.5
331,3,7,12,1,5,20.7854628164634,3
332,8,,1,0,,14.04027329009308,0
332,8,,2,0,,8.136279241983543,0
332,8,,3,0,,15.96525477307719,0
332,8,,4,0,,16.96783445299301,0
332,8,,5,0,,16.07737517355362,0
332,8,,6,0,,16.81853151158843,0
332,8,,7,0,,17.11054598050053,0
332,8,,8,0,,14.80762472062376,0
332,8,,9,0,,13.1411043557559,0
332,8,,10,0,,14.27677233328107,0
332,8,,11,0,,16.79755601679698,0
332,8,,12,0,,14.67650966232645,0
333,1,5,1,0,-4,14.10078141664258,0
333,1,5,2,0,-3,4.783385225027423,0
333,1,5,3,0,-2,12.02359402812552,0
333,1,5,4,0,-1,12.79529711741478,0
333,1,5,5,1,0,7.786403977710161,.75
333,1,5,6,1,1,14.70955091139487,1.5
333,1,5,7,1,2,17.65211698629841,2.25
333,1,5,8,1,3,18.07701416974,3
333,1,5,9,1,4,21.34397785540624,3.75
333,1,5,10,1,5,21.53915972811473,4.5
333,1,5,11,1,6,22.42274090166383,5.25
333,1,5,12,1,7,26.06530588827124,6
334,6,9,1,0,-8,31.91579385814745,0
334,6,9,2,0,-7,33.23926007460485,0
334,6,9,3,0,-6,35.22773714101155,0
334,6,9,4,0,-5,27.98375077139923,0
334,6,9,5,0,-4,33.67292380006649,0
334,6,9,6,0,-3,37.41211816659619,0
334,6,9,7,0,-2,34.68156202316885,0
334,6,9,8,0,-1,36.37826508200216,0
334,6,9,9,1,0,34.34301296002747,.35
334,6,9,10,1,1,37.26016348639581,.7
334,6,9,11,1,2,38.33371230890546,1.05
334,6,9,12,1,3,40.37893749243563,1.4
335,2,5,1,0,-4,14.1748121739736,0
335,2,5,2,0,-3,15.28292424327294,0
335,2,5,3,0,-2,16.72781009699665,0
335,2,5,4,0,-1,14.73819658555079,0
335,2,5,5,1,0,16.44884719015891,.75
335,2,5,6,1,1,14.24107897037546,1.5
335,2,5,7,1,2,18.07331019299988,2.25
335,2,5,8,1,3,29.14523690859107,3
335,2,5,9,1,4,24.45831643080287,3.75
335,2,5,10,1,5,21.55826562568227,4.5
335,2,5,11,1,6,23.7420698592992,5.25
335,2,5,12,1,7,23.0946050387643,6
336,3,7,1,0,-6,19.90264596265254,0
336,3,7,2,0,-5,20.63625808275609,0
336,3,7,3,0,-4,23.62940626756946,0
336,3,7,4,0,-3,28.10687168113033,0
336,3,7,5,0,-2,25.04215852471102,0
336,3,7,6,0,-1,22.77422904784592,0
336,3,7,7,1,0,23.6509653119761,.5
336,3,7,8,1,1,28.35677348217701,1
336,3,7,9,1,2,30.6580356626489,1.5
336,3,7,10,1,3,29.63830719170965,2
336,3,7,11,1,4,35.23355975780385,2.5
336,3,7,12,1,5,27.64422927917926,3
337,2,5,1,0,-4,23.41076818332716,0
337,2,5,2,0,-3,27.94053390993365,0
337,2,5,3,0,-2,22.29898992121339,0
337,2,5,4,0,-1,26.89698828994221,0
337,2,5,5,1,0,20.91032256320381,.75
337,2,5,6,1,1,25.33544983690432,1.5
337,2,5,7,1,2,26.68214311619428,2.25
337,2,5,8,1,3,28.74507346405809,3
337,2,5,9,1,4,30.47532333775271,3.75
337,2,5,10,1,5,30.58700082206351,4.5
337,2,5,11,1,6,35.34938703846711,5.25
337,2,5,12,1,7,34.84411668230086,6
338,5,9,1,0,-8,13.30726037201277,0
338,5,9,2,0,-7,12.29592759966697,0
338,5,9,3,0,-6,13.67043914748136,0
338,5,9,4,0,-5,21.44207375942873,0
338,5,9,5,0,-4,13.33603262274113,0
338,5,9,6,0,-3,13.88473357214673,0
338,5,9,7,0,-2,10.45837726734922,0
338,5,9,8,0,-1,16.52209712612428,0
338,5,9,9,1,0,17.14948258698545,.35
338,5,9,10,1,1,15.09460094195394,.7
338,5,9,11,1,2,15.70579213267195,1.05
338,5,9,12,1,3,23.02995171026677,1.4
339,3,7,1,0,-6,13.69023824762511,0
339,3,7,2,0,-5,11.34040538734235,0
339,3,7,3,0,-4,13.42554942198616,0
339,3,7,4,0,-3,18.8835694486832,0
339,3,7,5,0,-2,14.05300494050111,0
339,3,7,6,0,-1,13.45751459495785,0
339,3,7,7,1,0,16.48665411827798,.5
339,3,7,8,1,1,21.46968387391844,1
339,3,7,9,1,2,16.60555591336618,1.5
339,3,7,10,1,3,20.76072856108553,2
339,3,7,11,1,4,20.44606679086115,2.5
339,3,7,12,1,5,25.92609370150607,3
340,5,9,1,0,-8,6.175033616914652,0
340,5,9,2,0,-7,8.674862492397647,0
340,5,9,3,0,-6,13.6680909636082,0
340,5,9,4,0,-5,17.4426346721286,0
340,5,9,5,0,-4,13.62804416606355,0
340,5,9,6,0,-3,18.34889323042406,0
340,5,9,7,0,-2,15.3639078919906,0
340,5,9,8,0,-1,16.36634742741174,0
340,5,9,9,1,0,19.24215025981435,.35
340,5,9,10,1,1,14.41682590406265,.7
340,5,9,11,1,2,15.67189135608439,1.05
340,5,9,12,1,3,14.32375021879056,1.4
341,1,5,1,0,-4,8.651528231287436,0
341,1,5,2,0,-3,10.31440599777575,0
341,1,5,3,0,-2,10.84693252953193,0
341,1,5,4,0,-1,11.47130669342004,0
341,1,5,5,1,0,9.565955569523224,.75
341,1,5,6,1,1,12.90474165623997,1.5
341,1,5,7,1,2,16.85748034782618,2.25
341,1,5,8,1,3,15.9859989230739,3
341,1,5,9,1,4,19.00602758263603,3.75
341,1,5,10,1,5,15.86157554580288,4.5
341,1,5,11,1,6,21.09445182818772,5.25
341,1,5,12,1,7,22.11649701993804,6
342,5,9,1,0,-8,14.1533480865326,0
342,5,9,2,0,-7,18.70475259974405,0
342,5,9,3,0,-6,10.01967400026761,0
342,5,9,4,0,-5,15.78632782520213,0
342,5,9,5,0,-4,17.84879161232089,0
342,5,9,6,0,-3,22.35348381349384,0
342,5,9,7,0,-2,19.64468531525309,0
342,5,9,8,0,-1,21.04046489610031,0
342,5,9,9,1,0,18.90262771151569,.35
342,5,9,10,1,1,23.64392880823419,.7
342,5,9,11,1,2,22.53406413545105,1.05
342,5,9,12,1,3,19.17372507225979,1.4
343,3,7,1,0,-6,21.69159860763765,0
343,3,7,2,0,-5,15.31967667410426,0
343,3,7,3,0,-4,17.61882066950421,0
343,3,7,4,0,-3,17.71084608991183,0
343,3,7,5,0,-2,18.03667204185023,0
343,3,7,6,0,-1,18.77359591233485,0
343,3,7,7,1,0,14.44086967988938,.5
343,3,7,8,1,1,23.51270704124823,1
343,3,7,9,1,2,18.54431574666672,1.5
343,3,7,10,1,3,24.28467616896069,2
343,3,7,11,1,4,26.20412357663213,2.5
343,3,7,12,1,5,20.72821279301739,3
344,8,,1,0,,17.32686555611641,0
344,8,,2,0,,14.94383273882329,0
344,8,,3,0,,20.00150389601797,0
344,8,,4,0,,20.45241171221862,0
344,8,,5,0,,24.15679938466503,0
344,8,,6,0,,18.88329510849407,0
344,8,,7,0,,24.66238279737289,0
344,8,,8,0,,25.78777941063542,0
344,8,,9,0,,24.12913792926544,0
344,8,,10,0,,19.5347695122354,0
344,8,,11,0,,20.21196959988507,0
344,8,,12,0,,26.30750534977902,0
345,7,,1,0,,8.248294501129234,0
345,7,,2,0,,10.73268368193173,0
345,7,,3,0,,10.59412728364873,0
345,7,,4,0,,6.886484193514353,0
345,7,,5,0,,6.83883074482137,0
345,7,,6,0,,7.838657951003661,0
345,7,,7,0,,12.4240412919307,0
345,7,,8,0,,17.00495316477846,0
345,7,,9,0,,8.878702209147864,0
345,7,,10,0,,17.27169849061662,0
345,7,,11,0,,13.09730468732732,0
345,7,,12,0,,13.19000905926242,0
346,3,7,1,0,-6,24.79306617160034,0
346,3,7,2,0,-5,25.67608832838271,0
346,3,7,3,0,-4,22.73598886376088,0
346,3,7,4,0,-3,20.83411638961924,0
346,3,7,5,0,-2,19.17471120000823,0
346,3,7,6,0,-1,27.41822343828342,0
346,3,7,7,1,0,24.4335311686917,.5
346,3,7,8,1,1,23.59694213236063,1
346,3,7,9,1,2,30.4056459688117,1.5
346,3,7,10,1,3,25.27827656527257,2
346,3,7,11,1,4,28.44400031044014,2.5
346,3,7,12,1,5,30.34325603562282,3
347,1,5,1,0,-4,-.5881888720266835,0
347,1,5,2,0,-3,11.74168960098335,0
347,1,5,3,0,-2,8.377857183265942,0
347,1,5,4,0,-1,8.765626270111476,0
347,1,5,5,1,0,11.41478236810785,.75
347,1,5,6,1,1,6.916928890729783,1.5
347,1,5,7,1,2,5.919587226872876,2.25
347,1,5,8,1,3,10.38239967959487,3
347,1,5,9,1,4,17.73386936022006,3.75
347,1,5,10,1,5,10.75558585307961,4.5
347,1,5,11,1,6,12.62536746802407,5.25
347,1,5,12,1,7,13.55169503828266,6
348,5,9,1,0,-8,13.17787165331374,0
348,5,9,2,0,-7,18.40734398331174,0
348,5,9,3,0,-6,10.23189983066537,0
348,5,9,4,0,-5,19.07958405495825,0
348,5,9,5,0,-4,8.743006236192597,0
348,5,9,6,0,-3,17.89435180014656,0
348,5,9,7,0,-2,14.37376998074317,0
348,5,9,8,0,-1,16.49917263993903,0
348,5,9,9,1,0,18.52982857973935,.35
348,5,9,10,1,1,22.04175527381016,.7
348,5,9,11,1,2,22.54291268445846,1.05
348,5,9,12,1,3,18.87784157983366,1.4
349,4,7,1,0,-6,12.38524976291995,0
349,4,7,2,0,-5,8.188521186578201,0
349,4,7,3,0,-4,13.23035856121911,0
349,4,7,4,0,-3,12.85809448284653,0
349,4,7,5,0,-2,15.23285084660644,0
349,4,7,6,0,-1,13.96025185294327,0
349,4,7,7,1,0,12.95492070023115,.5
349,4,7,8,1,1,12.45788209083177,1
349,4,7,9,1,2,15.94622425247436,1.5
349,4,7,10,1,3,18.52564260727011,2
349,4,7,11,1,4,12.25630820765541,2.5
349,4,7,12,1,5,20.31435455955519,3
350,2,5,1,0,-4,22.62460178932919,0
350,2,5,2,0,-3,18.15070564433433,0
350,2,5,3,0,-2,21.42112943583293,0
350,2,5,4,0,-1,24.88355078388442,0
350,2,5,5,1,0,19.28725911499102,.75
350,2,5,6,1,1,21.55260101444158,1.5
350,2,5,7,1,2,19.11219132756068,2.25
350,2,5,8,1,3,22.9868164903224,3
350,2,5,9,1,4,23.7788864562974,3.75
350,2,5,10,1,5,24.98365003173982,4.5
350,2,5,11,1,6,24.76283161370283,5.25
350,2,5,12,1,7,34.11354331515924,6
351,6,9,1,0,-8,20.50574024869663,0
351,6,9,2,0,-7,18.1130199863448,0
351,6,9,3,0,-6,20.13561937594312,0
351,6,9,4,0,-5,18.60396223064355,0
351,6,9,5,0,-4,14.81261852045236,0
351,6,9,6,0,-3,20.59795932489105,0
351,6,9,7,0,-2,18.9608261332746,0
351,6,9,8,0,-1,23.18025803000732,0
351,6,9,9,1,0,25.17085549870523,.35
351,6,9,10,1,1,27.65067410599558,.7
351,6,9,11,1,2,21.49813401409619,1.05
351,6,9,12,1,3,24.36478328598333,1.4
352,7,,1,0,,21.74743566527906,0
352,7,,2,0,,21.914889438114,0
352,7,,3,0,,18.46784846722578,0
352,7,,4,0,,21.59864588868195,0
352,7,,5,0,,22.88636976088144,0
352,7,,6,0,,25.20806719324767,0
352,7,,7,0,,19.59943557882611,0
352,7,,8,0,,25.66802665164299,0
352,7,,9,0,,21.34344454880558,0
352,7,,10,0,,23.33913487637384,0
352,7,,11,0,,18.73085748135686,0
352,7,,12,0,,23.2271070193162,0
353,5,9,1,0,-8,11.11007089837953,0
353,5,9,2,0,-7,10.12721168174199,0
353,5,9,3,0,-6,14.63010925164661,0
353,5,9,4,0,-5,14.3416229548944,0
353,5,9,5,0,-4,14.08872517550023,0
353,5,9,6,0,-3,15.88995523099149,0
353,5,9,7,0,-2,13.57328778746824,0
353,5,9,8,0,-1,16.76026802585352,0
353,5,9,9,1,0,16.80708547528963,.35
353,5,9,10,1,1,20.34510576766591,.7
353,5,9,11,1,2,14.60839031486571,1.05
353,5,9,12,1,3,21.15455356585129,1.4
354,4,7,1,0,-6,25.52511183818652,0
354,4,7,2,0,-5,26.30267979578356,0
354,4,7,3,0,-4,23.37352846939658,0
354,4,7,4,0,-3,28.53627608862865,0
354,4,7,5,0,-2,29.41030754424963,0
354,4,7,6,0,-1,27.3758886742519,0
354,4,7,7,1,0,27.03417430108614,.5
354,4,7,8,1,1,28.8303931986718,1
354,4,7,9,1,2,30.42381767558627,1.5
354,4,7,10,1,3,25.65800856086111,2
354,4,7,11,1,4,26.89015113182267,2.5
354,4,7,12,1,5,34.85203982766024,3
355,5,9,1,0,-8,14.94987654674841,0
355,5,9,2,0,-7,14.10269026595399,0
355,5,9,3,0,-6,17.84084964324132,0
355,5,9,4,0,-5,20.75116777809284,0
355,5,9,5,0,-4,15.19524043124004,0
355,5,9,6,0,-3,19.35846631254101,0
355,5,9,7,0,-2,17.13083483064917,0
355,5,9,8,0,-1,18.85766064568873,0
355,5,9,9,1,0,18.94082659681123,.35
355,5,9,10,1,1,17.57447507098705,.7
355,5,9,11,1,2,21.32617040523371,1.05
355,5,9,12,1,3,25.5233431712768,1.4
356,1,5,1,0,-4,15.11620496109503,0
356,1,5,2,0,-3,16.60023619656565,0
356,1,5,3,0,-2,16.91115421535096,0
356,1,5,4,0,-1,11.59665132786331,0
356,1,5,5,1,0,14.25493799157744,.75
356,1,5,6,1,1,17.93660029161996,1.5
356,1,5,7,1,2,17.04550805936707,2.25
356,1,5,8,1,3,25.38108379471057,3
356,1,5,9,1,4,19.93361357594747,3.75
356,1,5,10,1,5,21.45538327952147,4.5
356,1,5,11,1,6,22.76237216379596,5.25
356,1,5,12,1,7,25.31476385464861,6
357,5,9,1,0,-8,16.84229746727638,0
357,5,9,2,0,-7,13.64995818988309,0
357,5,9,3,0,-6,19.05752470270413,0
357,5,9,4,0,-5,20.31683871104345,0
357,5,9,5,0,-4,17.07988496512431,0
357,5,9,6,0,-3,17.8719790567044,0
357,5,9,7,0,-2,12.25055395002034,0
357,5,9,8,0,-1,14.57187572683619,0
357,5,9,9,1,0,17.33942691708037,.35
357,5,9,10,1,1,15.57266017305981,.7
357,5,9,11,1,2,22.95785725248215,1.05
357,5,9,12,1,3,17.82603999770924,1.4
358,5,9,1,0,-8,14.71627396791273,0
358,5,9,2,0,-7,19.26620838998568,0
358,5,9,3,0,-6,14.103936985121,0
358,5,9,4,0,-5,18.67309661928795,0
358,5,9,5,0,-4,14.95649697495595,0
358,5,9,6,0,-3,21.79342489978509,0
358,5,9,7,0,-2,12.52919661707639,0
358,5,9,8,0,-1,20.67546897082417,0
358,5,9,9,1,0,22.08471609014445,.35
358,5,9,10,1,1,17.9863169513498,.7
358,5,9,11,1,2,20.59547356282209,1.05
358,5,9,12,1,3,19.23586131972832,1.4
359,1,5,1,0,-4,13.52621722851222,0
359,1,5,2,0,-3,20.73068503606312,0
359,1,5,3,0,-2,19.08040622692977,0
359,1,5,4,0,-1,18.81810335354401,0
359,1,5,5,1,0,17.08978673646872,.75
359,1,5,6,1,1,15.4182250025212,1.5
359,1,5,7,1,2,19.09935378426639,2.25
359,1,5,8,1,3,22.76434148782561,3
359,1,5,9,1,4,25.62580312881352,3.75
359,1,5,10,1,5,22.75243041899674,4.5
359,1,5,11,1,6,21.61886078205367,5.25
359,1,5,12,1,7,25.30368435450779,6
360,8,,1,0,,11.14467873348156,0
360,8,,2,0,,13.7812034764622,0
360,8,,3,0,,14.29547132632279,0
360,8,,4,0,,13.60151697825304,0
360,8,,5,0,,13.78674442372673,0
360,8,,6,0,,18.22206662873845,0
360,8,,7,0,,17.30442723355541,0
360,8,,8,0,,15.32144341130497,0
360,8,,9,0,,18.97686787803469,0
360,8,,10,0,,17.3555186351339,0
360,8,,11,0,,19.09914243035151,0
360,8,,12,0,,25.72325544176432,0
361,2,5,1,0,-4,21.9516121964777,0
361,2,5,2,0,-3,14.70752476927346,0
361,2,5,3,0,-2,11.86845111954255,0
361,2,5,4,0,-1,16.73233582263221,0
361,2,5,5,1,0,21.11989090099025,.75
361,2,5,6,1,1,14.4013976754805,1.5
361,2,5,7,1,2,19.77355952084227,2.25
361,2,5,8,1,3,23.71295904936621,3
361,2,5,9,1,4,25.35478397227872,3.75
361,2,5,10,1,5,21.0807619367954,4.5
361,2,5,11,1,6,20.66860696749669,5.25
361,2,5,12,1,7,25.0534673905488,6
362,5,9,1,0,-8,15.58896115371359,0
362,5,9,2,0,-7,11.66074761949662,0
362,5,9,3,0,-6,19.03814062754925,0
362,5,9,4,0,-5,10.90069492085467,0
362,5,9,5,0,-4,17.98150208530334,0
362,5,9,6,0,-3,12.58926207111192,0
362,5,9,7,0,-2,19.02638240765355,0
362,5,9,8,0,-1,18.84812514978255,0
362,5,9,9,1,0,15.57063970077192,.35
362,5,9,10,1,1,17.79997088131507,.7
362,5,9,11,1,2,21.4198054355265,1.05
362,5,9,12,1,3,20.41132053922602,1.4
363,5,9,1,0,-8,26.29967057617854,0
363,5,9,2,0,-7,23.90567096536649,0
363,5,9,3,0,-6,26.46861572435632,0
363,5,9,4,0,-5,27.01538583362948,0
363,5,9,5,0,-4,21.67002751555734,0
363,5,9,6,0,-3,25.05659507275798,0
363,5,9,7,0,-2,23.71241405282495,0
363,5,9,8,0,-1,25.77455606123578,0
363,5,9,9,1,0,20.01616239822705,.35
363,5,9,10,1,1,24.30284612199519,.7
363,5,9,11,1,2,30.45823385888178,1.05
363,5,9,12,1,3,34.00833325515421,1.4
364,6,9,1,0,-8,22.21421182208682,0
364,6,9,2,0,-7,22.29340667351831,0
364,6,9,3,0,-6,21.48642406861245,0
364,6,9,4,0,-5,23.29065109143841,0
364,6,9,5,0,-4,22.05244754325126,0
364,6,9,6,0,-3,27.60204172762057,0
364,6,9,7,0,-2,17.98713571678835,0
364,6,9,8,0,-1,23.26773403959319,0
364,6,9,9,1,0,20.30477361047636,.35
364,6,9,10,1,1,21.96049666493208,.7
364,6,9,11,1,2,30.03046776514724,1.05
364,6,9,12,1,3,24.29230216746738,1.4
365,2,5,1,0,-4,14.40454668636201,0
365,2,5,2,0,-3,10.53250368549177,0
365,2,5,3,0,-2,11.75115570045599,0
365,2,5,4,0,-1,11.54359005676734,0
365,2,5,5,1,0,14.6537219305825,.75
365,2,5,6,1,1,16.69726069762793,1.5
365,2,5,7,1,2,17.22921600529931,2.25
365,2,5,8,1,3,16.73095355848305,3
365,2,5,9,1,4,19.31738961831381,3.75
365,2,5,10,1,5,16.76825029437105,4.5
365,2,5,11,1,6,26.72871593390243,5.25
365,2,5,12,1,7,22.65099272369746,6
366,8,,1,0,,19.82303651176032,0
366,8,,2,0,,19.35415736808393,0
366,8,,3,0,,19.3173814215956,0
366,8,,4,0,,20.85839989373644,0
366,8,,5,0,,21.64256084021633,0
366,8,,6,0,,18.86541146082061,0
366,8,,7,0,,20.32764327022608,0
366,8,,8,0,,20.95719068731942,0
366,8,,9,0,,20.42715235393454,0
366,8,,10,0,,20.06090927010804,0
366,8,,11,0,,17.81658288064745,0
366,8,,12,0,,24.19683014676273,0
367,2,5,1,0,-4,2.284579897455578,0
367,2,5,2,0,-3,1.939778797498787,0
367,2,5,3,0,-2,5.950720886883264,0
367,2,5,4,0,-1,4.383083579505044,0
367,2,5,5,1,0,9.573963164294499,.75
367,2,5,6,1,1,13.3265793478827,1.5
367,2,5,7,1,2,12.36210431462212,2.25
367,2,5,8,1,3,14.35886939629737,3
367,2,5,9,1,4,7.117415724903414,3.75
367,2,5,10,1,5,11.0332245880941,4.5
367,2,5,11,1,6,11.34147952575568,5.25
367,2,5,12,1,7,17.22345685174777,6
368,8,,1,0,,14.77584096288003,0
368,8,,2,0,,16.97331122006963,0
368,8,,3,0,,14.40188212175019,0
368,8,,4,0,,22.59464428962592,0
368,8,,5,0,,18.23232457202221,0
368,8,,6,0,,17.18247895224548,0
368,8,,7,0,,18.25827484456359,0
368,8,,8,0,,23.59102559323766,0
368,8,,9,0,,24.18507588170488,0
368,8,,10,0,,20.8389120717692,0
368,8,,11,0,,15.52923966928399,0
368,8,,12,0,,17.18425569845995,0
369,2,5,1,0,-4,23.38997916824264,0
369,2,5,2,0,-3,21.80846577964304,0
369,2,5,3,0,-2,22.77771012139825,0
369,2,5,4,0,-1,24.75547105577041,0
369,2,5,5,1,0,23.01237482180126,.75
369,2,5,6,1,1,33.41857062895245,1.5
369,2,5,7,1,2,31.32381570970135,2.25
369,2,5,8,1,3,27.56997506386471,3
369,2,5,9,1,4,32.94675842181066,3.75
369,2,5,10,1,5,34.95101970990417,4.5
369,2,5,11,1,6,35.30877466928912,5.25
369,2,5,12,1,7,37.77902070111145,6
370,7,,1,0,,17.4561611389811,0
370,7,,2,0,,18.64657325641722,0
370,7,,3,0,,24.85233044773697,0
370,7,,4,0,,15.86785665673722,0
370,7,,5,0,,21.29982891109156,0
370,7,,6,0,,15.78850803473746,0
370,7,,7,0,,18.56495743800261,0
370,7,,8,0,,22.73520402853745,0
370,7,,9,0,,22.21932059564602,0
370,7,,10,0,,18.94367886765524,0
370,7,,11,0,,20.82594316544255,0
370,7,,12,0,,19.95094265533757,0
371,2,5,1,0,-4,18.8351452825015,0
371,2,5,2,0,-3,9.994023540222708,0
371,2,5,3,0,-2,21.1064722276319,0
371,2,5,4,0,-1,24.01159197911576,0
371,2,5,5,1,0,21.6578291348648,.75
371,2,5,6,1,1,23.94916050314946,1.5
371,2,5,7,1,2,17.19794077355111,2.25
371,2,5,8,1,3,22.03521482868391,3
371,2,5,9,1,4,28.12671094908341,3.75
371,2,5,10,1,5,28.95349454433495,4.5
371,2,5,11,1,6,25.65704185823544,5.25
371,2,5,12,1,7,25.80519783288722,6
372,8,,1,0,,16.00434289129418,0
372,8,,2,0,,19.85019467395857,0
372,8,,3,0,,15.29992047307063,0
372,8,,4,0,,19.56017266191054,0
372,8,,5,0,,17.44067907263601,0
372,8,,6,0,,18.20223910005017,0
372,8,,7,0,,24.85167876176048,0
372,8,,8,0,,20.81095767760553,0
372,8,,9,0,,20.33218873976845,0
372,8,,10,0,,24.24364761044006,0
372,8,,11,0,,17.69710706178723,0
372,8,,12,0,,23.86120943764748,0
373,2,5,1,0,-4,14.08508600691571,0
373,2,5,2,0,-3,12.42558268889332,0
373,2,5,3,0,-2,14.39696848479893,0
373,2,5,4,0,-1,16.11263006944483,0
373,2,5,5,1,0,16.25295210273176,.75
373,2,5,6,1,1,13.48730328018823,1.5
373,2,5,7,1,2,14.65237910504083,2.25
373,2,5,8,1,3,20.46875997255394,3
373,2,5,9,1,4,22.16005647896642,3.75
373,2,5,10,1,5,12.43970789162474,4.5
373,2,5,11,1,6,18.16291468237992,5.25
373,2,5,12,1,7,26.51215637926166,6
374,5,9,1,0,-8,16.63339509886845,0
374,5,9,2,0,-7,19.60240206749896,0
374,5,9,3,0,-6,17.85530011326447,0
374,5,9,4,0,-5,18.51227964258015,0
374,5,9,5,0,-4,19.03210943664588,0
374,5,9,6,0,-3,21.28784422325968,0
374,5,9,7,0,-2,22.40111537468666,0
374,5,9,8,0,-1,23.41433595940959,0
374,5,9,9,1,0,19.61211929614975,.35
374,5,9,10,1,1,25.01887787273492,.7
374,5,9,11,1,2,26.95871787296173,1.05
374,5,9,12,1,3,22.75755717243996,1.4
375,7,,1,0,,18.48736782037289,0
375,7,,2,0,,13.47775899173293,0
375,7,,3,0,,20.74907384386884,0
375,7,,4,0,,17.52823273122626,0
375,7,,5,0,,21.07312889879919,0
375,7,,6,0,,20.29071413622299,0
375,7,,7,0,,21.7897354000727,0
375,7,,8,0,,19.19375021379015,0
375,7,,9,0,,16.9001431728324,0
375,7,,10,0,,21.76680673186984,0
375,7,,11,0,,24.35809671557151,0
375,7,,12,0,,23.29000524891469,0
376,3,7,1,0,-6,15.75428271148684,0
376,3,7,2,0,-5,14.05588174302139,0
376,3,7,3,0,-4,14.7796622532083,0
376,3,7,4,0,-3,17.36110475514177,0
376,3,7,5,0,-2,11.13148475200316,0
376,3,7,6,0,-1,13.24471721314143,0
376,3,7,7,1,0,16.12784456822834,.5
376,3,7,8,1,1,13.14091884083744,1
376,3,7,9,1,2,20.77442733098507,1.5
376,3,7,10,1,3,17.31899936485924,2
376,3,7,11,1,4,20.85339490698353,2.5
376,3,7,12,1,5,15.93960636705506,3
377,3,7,1,0,-6,20.96902225782967,0
377,3,7,2,0,-5,15.6176098160448,0
377,3,7,3,0,-4,16.70485171638253,0
377,3,7,4,0,-3,17.60910001057712,0
377,3,7,5,0,-2,17.84574340558131,0
377,3,7,6,0,-1,22.04444291759101,0
377,3,7,7,1,0,14.73130931496257,.5
377,3,7,8,1,1,18.48504761100611,1
377,3,7,9,1,2,19.26967443811598,1.5
377,3,7,10,1,3,20.60139393219852,2
377,3,7,11,1,4,15.59974370912217,2.5
377,3,7,12,1,5,25.27568547955233,3
378,4,7,1,0,-6,11.36523752469293,0
378,4,7,2,0,-5,9.272966255867036,0
378,4,7,3,0,-4,10.43123114864994,0
378,4,7,4,0,-3,11.50134867977969,0
378,4,7,5,0,-2,9.080010011369414,0
378,4,7,6,0,-1,14.50537655658445,0
378,4,7,7,1,0,10.31503133572436,.5
378,4,7,8,1,1,22.88330945033127,1
378,4,7,9,1,2,15.9539986559596,1.5
378,4,7,10,1,3,13.52774658155234,2
378,4,7,11,1,4,12.35774901602453,2.5
378,4,7,12,1,5,14.26815517042475,3
379,2,5,1,0,-4,25.36021060489172,0
379,2,5,2,0,-3,20.3643859682505,0
379,2,5,3,0,-2,30.51208448514447,0
379,2,5,4,0,-1,20.63869923228934,0
379,2,5,5,1,0,26.59157659740103,.75
379,2,5,6,1,1,26.9020920166319,1.5
379,2,5,7,1,2,26.38417931149956,2.25
379,2,5,8,1,3,27.54579191565134,3
379,2,5,9,1,4,28.44725741853581,3.75
379,2,5,10,1,5,29.06935354341312,4.5
379,2,5,11,1,6,34.49619929603983,5.25
379,2,5,12,1,7,35.11898218459165,6
380,4,7,1,0,-6,22.23016680358616,0
380,4,7,2,0,-5,23.25826776723691,0
380,4,7,3,0,-4,20.21459212355374,0
380,4,7,4,0,-3,24.33003322081306,0
380,4,7,5,0,-2,24.55875925582386,0
380,4,7,6,0,-1,29.14586578449077,0
380,4,7,7,1,0,23.57378062438598,.5
380,4,7,8,1,1,30.66745776977986,1
380,4,7,9,1,2,27.88471262648804,1.5
380,4,7,10,1,3,33.39375583278245,2
380,4,7,11,1,4,21.46911056956892,2.5
380,4,7,12,1,5,25.74109812454387,3
381,8,,1,0,,9.27084079472869,0
381,8,,2,0,,13.92764825498426,0
381,8,,3,0,,13.00068555054661,0
381,8,,4,0,,13.68069824458234,0
381,8,,5,0,,9.478606734587018,0
381,8,,6,0,,16.15581641760744,0
381,8,,7,0,,15.12822824722912,0
381,8,,8,0,,14.02782499464651,0
381,8,,9,0,,19.53072015593941,0
381,8,,10,0,,21.7922936298326,0
381,8,,11,0,,20.78895029166181,0
381,8,,12,0,,18.89188380015793,0
382,5,9,1,0,-8,16.41194662723164,0
382,5,9,2,0,-7,15.86745458444938,0
382,5,9,3,0,-6,16.83102182380319,0
382,5,9,4,0,-5,22.59947651818566,0
382,5,9,5,0,-4,19.6475869112993,0
382,5,9,6,0,-3,19.75830426141345,0
382,5,9,7,0,-2,23.72700092777093,0
382,5,9,8,0,-1,20.66987260949497,0
382,5,9,9,1,0,24.58483186055762,.35
382,5,9,10,1,1,23.9143722509776,.7
382,5,9,11,1,2,22.82722189850883,1.05
382,5,9,12,1,3,26.64491766249416,1.4
383,6,9,1,0,-8,17.58730831810628,0
383,6,9,2,0,-7,10.19726913915032,0
383,6,9,3,0,-6,12.59343471219538,0
383,6,9,4,0,-5,11.90121710179371,0
383,6,9,5,0,-4,15.63430856362796,0
383,6,9,6,0,-3,8.94649737996917,0
383,6,9,7,0,-2,16.9720460676559,0
383,6,9,8,0,-1,14.31983291413131,0
383,6,9,9,1,0,16.16989296888681,.35
383,6,9,10,1,1,11.2018172461417,.7
383,6,9,11,1,2,17.19532616344569,1.05
383,6,9,12,1,3,19.23708030454784,1.4
384,7,,1,0,,21.57223244434703,0
384,7,,2,0,,19.78144536043358,0
384,7,,3,0,,23.24404368369843,0
384,7,,4,0,,19.27264010686416,0
384,7,,5,0,,15.27461042018926,0
384,7,,6,0,,21.74046969281844,0
384,7,,7,0,,22.23586221376663,0
384,7,,8,0,,20.23675379046404,0
384,7,,9,0,,21.45925901529448,0
384,7,,10,0,,26.8436560609436,0
384,7,,11,0,,21.87795193328922,0
384,7,,12,0,,25.50786257995676,0
385,7,,1,0,,11.26625684916249,0
385,7,,2,0,,18.15266423196849,0
385,7,,3,0,,17.5628049751382,0
385,7,,4,0,,19.95388364604324,0
385,7,,5,0,,15.57814905972242,0
385,7,,6,0,,18.5945822278307,0
385,7,,7,0,,16.28226339807401,0
385,7,,8,0,,18.62614267496103,0
385,7,,9,0,,13.32877843501891,0
385,7,,10,0,,20.9635145743329,0
385,7,,11,0,,20.52594994799633,0
385,7,,12,0,,17.82956300713626,0
386,2,5,1,0,-4,17.14728293967523,0
386,2,5,2,0,-3,17.09008264708017,0
386,2,5,3,0,-2,12.59103778277946,0
386,2,5,4,0,-1,19.61652781365931,0
386,2,5,5,1,0,18.50061776369942,.75
386,2,5,6,1,1,17.0703744054733,1.5
386,2,5,7,1,2,19.89405720796965,2.25
386,2,5,8,1,3,27.17736228288993,3
386,2,5,9,1,4,22.37715061603276,3.75
386,2,5,10,1,5,24.76149603405542,4.5
386,2,5,11,1,6,25.09481840991143,5.25
386,2,5,12,1,7,27.90168143698513,6
387,2,5,1,0,-4,4.54039112362636,0
387,2,5,2,0,-3,22.21606619562843,0
387,2,5,3,0,-2,19.29605886555986,0
387,2,5,4,0,-1,22.01913820575789,0
387,2,5,5,1,0,18.14936335502333,.75
387,2,5,6,1,1,22.45111626566746,1.5
387,2,5,7,1,2,23.33909148643109,2.25
387,2,5,8,1,3,25.22659819707117,3
387,2,5,9,1,4,22.12771259259061,3.75
387,2,5,10,1,5,18.8624769764316,4.5
387,2,5,11,1,6,28.03448263474587,5.25
387,2,5,12,1,7,29.75249730647207,6
388,6,9,1,0,-8,18.02828675912884,0
388,6,9,2,0,-7,17.38311430059356,0
388,6,9,3,0,-6,20.74141684507613,0
388,6,9,4,0,-5,17.73032949773663,0
388,6,9,5,0,-4,20.19057093128152,0
388,6,9,6,0,-3,18.73043428302594,0
388,6,9,7,0,-2,23.69454753003292,0
388,6,9,8,0,-1,23.66086391654961,0
388,6,9,9,1,0,23.83438488560831,.35
388,6,9,10,1,1,29.81836710993071,.7
388,6,9,11,1,2,25.7931981327516,1.05
388,6,9,12,1,3,24.9059909749211,1.4
389,4,7,1,0,-6,13.91519144071485,0
389,4,7,2,0,-5,10.11241440964505,0
389,4,7,3,0,-4,9.48075046227201,0
389,4,7,4,0,-3,10.40815597378381,0
389,4,7,5,0,-2,11.51667180810954,0
389,4,7,6,0,-1,18.21121127537007,0
389,4,7,7,1,0,13.81923066980835,.5
389,4,7,8,1,1,14.22807640944792,1
389,4,7,9,1,2,14.3366250168933,1.5
389,4,7,10,1,3,16.86289820749442,2
389,4,7,11,1,4,18.71892645185493,2.5
389,4,7,12,1,5,20.77797198770386,3
390,8,,1,0,,14.92874258107158,0
390,8,,2,0,,19.31546861480303,0
390,8,,3,0,,20.90163937302006,0
390,8,,4,0,,28.61924814128686,0
390,8,,5,0,,19.31596627957607,0
390,8,,6,0,,23.74004195882295,0
390,8,,7,0,,18.53597841315705,0
390,8,,8,0,,21.80938040479374,0
390,8,,9,0,,25.38793368142565,0
390,8,,10,0,,26.016197908583,0
390,8,,11,0,,22.84560234963689,0
390,8,,12,0,,28.77697997520976,0
391,5,9,1,0,-8,9.881736104521103,0
391,5,9,2,0,-7,14.75999743214065,0
391,5,9,3,0,-6,10.50392441897615,0
391,5,9,4,0,-5,9.361504871144591,0
391,5,9,5,0,-4,14.30655417693299,0
391,5,9,6,0,-3,10.49560498531947,0
391,5,9,7,0,-2,10.89862543043614,0
391,5,9,8,0,-1,14.64691952568845,0
391,5,9,9,1,0,10.29961204797097,.35
391,5,9,10,1,1,18.20706942868911,.7
391,5,9,11,1,2,17.17331823363517,1.05
391,5,9,12,1,3,14.92334534968206,1.4
392,7,,1,0,,14.07472789255181,0
392,7,,2,0,,12.73914351055875,0
392,7,,3,0,,9.397131675822369,0
392,7,,4,0,,12.76276663860378,0
392,7,,5,0,,14.85573542038529,0
392,7,,6,0,,13.82063245739043,0
392,7,,7,0,,13.92233214014466,0
392,7,,8,0,,15.89791823211937,0
392,7,,9,0,,15.48227995744404,0
392,7,,10,0,,9.810330423591759,0
392,7,,11,0,,23.3787079988121,0
392,7,,12,0,,19.11271220437402,0
393,6,9,1,0,-8,25.29582981966184,0
393,6,9,2,0,-7,22.30861979575011,0
393,6,9,3,0,-6,24.26916527425467,0
393,6,9,4,0,-5,22.75401231215817,0
393,6,9,5,0,-4,22.13123759093236,0
393,6,9,6,0,-3,26.78590173789991,0
393,6,9,7,0,-2,21.33734826210065,0
393,6,9,8,0,-1,31.32046962858919,0
393,6,9,9,1,0,30.04329448620329,.35
393,6,9,10,1,1,28.14058339939431,.7
393,6,9,11,1,2,26.05921071433997,1.05
393,6,9,12,1,3,33.20792678562409,1.4
394,7,,1,0,,21.62437575630978,0
394,7,,2,0,,17.80574786194032,0
394,7,,3,0,,21.73095767489085,0
394,7,,4,0,,18.31800337156133,0
394,7,,5,0,,23.65028389393321,0
394,7,,6,0,,21.49105276524373,0
394,7,,7,0,,22.83317221913459,0
394,7,,8,0,,21.36047131907068,0
394,7,,9,0,,26.29694049614094,0
394,7,,10,0,,26.42304095710631,0
394,7,,11,0,,24.50354031273088,0
394,7,,12,0,,30.76070439336888,0
395,4,7,1,0,-6,17.97849629980823,0
395,4,7,2,0,-5,12.87954622093177,0
395,4,7,3,0,-4,19.89912773862011,0
395,4,7,4,0,-3,18.19222953329187,0
395,4,7,5,0,-2,22.49383818364195,0
395,4,7,6,0,-1,17.73183933970406,0
395,4,7,7,1,0,19.33286110814288,.5
395,4,7,8,1,1,20.4824210907114,1
395,4,7,9,1,2,21.65398957252236,1.5
395,4,7,10,1,3,18.09343455971029,2
395,4,7,11,1,4,21.53597972198683,2.5
395,4,7,12,1,5,27.08810875437001,3
396,8,,1,0,,23.94753398396698,0
396,8,,2,0,,23.83795073578625,0
396,8,,3,0,,21.0451810846719,0
396,8,,4,0,,25.74237096391475,0
396,8,,5,0,,17.15642582003543,0
396,8,,6,0,,24.04746427507554,0
396,8,,7,0,,21.03582799782409,0
396,8,,8,0,,24.05816364972913,0
396,8,,9,0,,25.93729292642142,0
396,8,,10,0,,27.92344759249335,0
396,8,,11,0,,25.99911226169537,0
396,8,,12,0,,27.13177152719913,0
397,4,7,1,0,-6,18.92857260057401,0
397,4,7,2,0,-5,19.56158880881191,0
397,4,7,3,0,-4,22.33555599749053,0
397,4,7,4,0,-3,20.70079920651865,0
397,4,7,5,0,-2,22.07853226744799,0
397,4,7,6,0,-1,16.82914639312832,0
397,4,7,7,1,0,20.16738239957833,.5
397,4,7,8,1,1,19.85191085572673,1
397,4,7,9,1,2,22.77899792103633,1.5
397,4,7,10,1,3,26.66808458927382,2
397,4,7,11,1,4,25.09523474953687,2.5
397,4,7,12,1,5,30.7464922782137,3
398,6,9,1,0,-8,16.62804348423724,0
398,6,9,2,0,-7,14.30749445339584,0
398,6,9,3,0,-6,11.42127535683188,0
398,6,9,4,0,-5,12.88764560970156,0
398,6,9,5,0,-4,23.82497515367105,0
398,6,9,6,0,-3,17.09022787173581,0
398,6,9,7,0,-2,14.7963481799169,0
398,6,9,8,0,-1,22.11528823194097,0
398,6,9,9,1,0,21.33634542764532,.35
398,6,9,10,1,1,17.64821469049431,.7
398,6,9,11,1,2,15.00410565949811,1.05
398,6,9,12,1,3,21.78978925884542,1.4
399,1,5,1,0,-4,12.61616252591812,0
399,1,5,2,0,-3,12.45290971626018,0
399,1,5,3,0,-2,15.22490733691696,0
399,1,5,4,0,-1,11.74843611765976,0
399,1,5,5,1,0,8.537796066133254,.75
399,1,5,6,1,1,15.90561230293942,1.5
399,1,5,7,1,2,14.812852998831,2.25
399,1,5,8,1,3,21.65253017604079,3
399,1,5,9,1,4,16.36954165318976,3.75
399,1,5,10,1,5,17.76983468576823,4.5
399,1,5,11,1,6,20.52009306452134,5.25
399,1,5,12,1,7,21.19882405361753,6
400,1,5,1,0,-4,14.90934660399553,0
400,1,5,2,0,-3,11.74257564125241,0
400,1,5,3,0,-2,15.90122114229623,0
400,1,5,4,0,-1,17.28780928820164,0
400,1,5,5,1,0,18.33996170880896,.75
400,1,5,6,1,1,23.79534224324357,1.5
400,1,5,7,1,2,22.36425620512071,2.25
400,1,5,8,1,3,26.44825660297069,3
400,1,5,9,1,4,21.09864413538731,3.75
400,1,5,10,1,5,30.25591406108092,4.5
400,1,5,11,1,6,28.58254117704605,5.25
400,1,5,12,1,7,30.55009988927122,6
401,1,5,1,0,-4,25.84293414609137,0
401,1,5,2,0,-3,16.12383346224879,0
401,1,5,3,0,-2,25.74864857920437,0
401,1,5,4,0,-1,30.94342686414036,0
401,1,5,5,1,0,26.8462837138069,.75
401,1,5,6,1,1,31.64579950864104,1.5
401,1,5,7,1,2,29.66604064186179,2.25
401,1,5,8,1,3,36.92362709446645,3
401,1,5,9,1,4,25.38688804862566,3.75
401,1,5,10,1,5,33.45078699976379,4.5
401,1,5,11,1,6,35.41578555531541,5.25
401,1,5,12,1,7,37.57957676936235,6
402,8,,1,0,,12.13062093875139,0
402,8,,2,0,,9.501934524901959,0
402,8,,3,0,,16.150681687623,0
402,8,,4,0,,13.40759551745563,0
402,8,,5,0,,11.45773636856434,0
402,8,,6,0,,12.40913775942235,0
402,8,,7,0,,12.94944150300973,0
402,8,,8,0,,12.08001355373004,0
402,8,,9,0,,21.47792192457367,0
402,8,,10,0,,19.57063140220163,0
402,8,,11,0,,11.93679263108084,0
402,8,,12,0,,16.60803138432386,0
403,6,9,1,0,-8,13.88891469948146,0
403,6,9,2,0,-7,20.97441629086543,0
403,6,9,3,0,-6,23.42477545426423,0
403,6,9,4,0,-5,16.95154322548287,0
403,6,9,5,0,-4,15.67686341031255,0
403,6,9,6,0,-3,27.40611839983267,0
403,6,9,7,0,-2,20.54180083654369,0
403,6,9,8,0,-1,18.11802335072756,0
403,6,9,9,1,0,20.70006111934662,.35
403,6,9,10,1,1,21.87759603111867,.7
403,6,9,11,1,2,21.26302145130566,1.05
403,6,9,12,1,3,22.62410635527163,1.4
404,2,5,1,0,-4,6.026716068104085,0
404,2,5,2,0,-3,10.0017803679202,0
404,2,5,3,0,-2,10.13153937966217,0
404,2,5,4,0,-1,10.98644754529883,0
404,2,5,5,1,0,14.18381153882552,.75
404,2,5,6,1,1,11.74802183041676,1.5
404,2,5,7,1,2,12.75544832479374,2.25
404,2,5,8,1,3,13.84588528973874,3
404,2,5,9,1,4,15.1033952405543,3.75
404,2,5,10,1,5,12.94134259391086,4.5
404,2,5,11,1,6,11.13546233948011,5.25
404,2,5,12,1,7,18.87641068345889,6
405,4,7,1,0,-6,11.87415120445703,0
405,4,7,2,0,-5,10.95764145367083,0
405,4,7,3,0,-4,15.39963794853634,0
405,4,7,4,0,-3,15.18023539317529,0
405,4,7,5,0,-2,16.66949765418723,0
405,4,7,6,0,-1,15.76749798736758,0
405,4,7,7,1,0,16.69319923816791,.5
405,4,7,8,1,1,15.11791779125676,1
405,4,7,9,1,2,8.311798585266589,1.5
405,4,7,10,1,3,17.20573687236818,2
405,4,7,11,1,4,15.07042862305642,2.5
405,4,7,12,1,5,17.12738023724916,3
406,7,,1,0,,21.99798390875268,0
406,7,,2,0,,24.00497166420599,0
406,7,,3,0,,21.57506444294008,0
406,7,,4,0,,26.54084454736979,0
406,7,,5,0,,23.87739459852614,0
406,7,,6,0,,20.50801040350434,0
406,7,,7,0,,23.67782013185067,0
406,7,,8,0,,24.73218278539216,0
406,7,,9,0,,24.6712352651287,0
406,7,,10,0,,21.46299094844433,0
406,7,,11,0,,24.67654524949191,0
406,7,,12,0,,31.64389608308097,0
407,2,5,1,0,-4,12.63212902863054,0
407,2,5,2,0,-3,12.63938455436618,0
407,2,5,3,0,-2,11.64895701307919,0
407,2,5,4,0,-1,12.10281860056154,0
407,2,5,5,1,0,11.66775709372349,.75
407,2,5,6,1,1,13.40753381196898,1.5
407,2,5,7,1,2,11.09144937249632,2.25
407,2,5,8,1,3,23.49133389922707,3
407,2,5,9,1,4,22.04286382745538,3.75
407,2,5,10,1,5,21.20930110787763,4.5
407,2,5,11,1,6,21.25326408613886,5.25
407,2,5,12,1,7,24.25298046597719,6
408,8,,1,0,,15.54711560424299,0
408,8,,2,0,,14.61730447386732,0
408,8,,3,0,,19.23230113878411,0
408,8,,4,0,,16.98350174550514,0
408,8,,5,0,,16.83935181415227,0
408,8,,6,0,,18.28603225091422,0
408,8,,7,0,,15.65149390217525,0
408,8,,8,0,,19.02904849710379,0
408,8,,9,0,,15.88646270466485,0
408,8,,10,0,,19.32486728346533,0
408,8,,11,0,,17.69562696095189,0
408,8,,12,0,,27.03976235003221,0
409,8,,1,0,,17.35454587742798,0
409,8,,2,0,,18.56309530032752,0
409,8,,3,0,,20.35873757282965,0
409,8,,4,0,,22.64614985239659,0
409,8,,5,0,,17.96001603473448,0
409,8,,6,0,,21.05863512482932,0
409,8,,7,0,,19.00420813104586,0
409,8,,8,0,,20.99232753722367,0
409,8,,9,0,,19.69151810483922,0
409,8,,10,0,,15.04140069992693,0
409,8,,11,0,,17.0937223416439,0
409,8,,12,0,,23.36480709201745,0
410,1,5,1,0,-4,26.67259850804666,0
410,1,5,2,0,-3,20.45183518900211,0
410,1,5,3,0,-2,29.1924999138878,0
410,1,5,4,0,-1,28.35408816632727,0
410,1,5,5,1,0,28.98749382623178,.75
410,1,5,6,1,1,26.22214210686109,1.5
410,1,5,7,1,2,32.02588919285777,2.25
410,1,5,8,1,3,36.6384363831592,3
410,1,5,9,1,4,39.50471138385062,3.75
410,1,5,10,1,5,33.59461456237418,4.5
410,1,5,11,1,6,37.31958763630598,5.25
410,1,5,12,1,7,38.45317339634883,6
411,3,7,1,0,-6,19.94052995896032,0
411,3,7,2,0,-5,17.60961391336668,0
411,3,7,3,0,-4,17.28377243966916,0
411,3,7,4,0,-3,15.35248344004822,0
411,3,7,5,0,-2,14.51535440028204,0
411,3,7,6,0,-1,20.66887927158481,0
411,3,7,7,1,0,19.29343232634836,.5
411,3,7,8,1,1,25.95758136476781,1
411,3,7,9,1,2,22.8770660030879,1.5
411,3,7,10,1,3,20.37731032718614,2
411,3,7,11,1,4,22.26449799672396,2.5
411,3,7,12,1,5,32.76962638300991,3
412,6,9,1,0,-8,25.12921439621386,0
412,6,9,2,0,-7,21.12715101372154,0
412,6,9,3,0,-6,21.54705878192475,0
412,6,9,4,0,-5,23.99028533386688,0
412,6,9,5,0,-4,23.21967079325417,0
412,6,9,6,0,-3,23.5297233682798,0
412,6,9,7,0,-2,23.31805794691454,0
412,6,9,8,0,-1,26.24643173799754,0
412,6,9,9,1,0,23.24456703225327,.35
412,6,9,10,1,1,25.70763812603567,.7
412,6,9,11,1,2,26.74174271288103,1.05
412,6,9,12,1,3,31.01163942325043,1.4
413,4,7,1,0,-6,14.43312116225889,0
413,4,7,2,0,-5,14.97505458718923,0
413,4,7,3,0,-4,16.45839587271929,0
413,4,7,4,0,-3,17.42512408519431,0
413,4,7,5,0,-2,22.8864331141213,0
413,4,7,6,0,-1,12.8479111749768,0
413,4,7,7,1,0,20.30516796829201,.5
413,4,7,8,1,1,20.27462491314683,1
413,4,7,9,1,2,17.59688651321129,1.5
413,4,7,10,1,3,21.2202264676854,2
413,4,7,11,1,4,24.43012906405599,2.5
413,4,7,12,1,5,21.89232664755219,3
414,1,5,1,0,-4,19.15694168594207,0
414,1,5,2,0,-3,20.51958008909263,0
414,1,5,3,0,-2,26.01601816717418,0
414,1,5,4,0,-1,25.57204434197799,0
414,1,5,5,1,0,22.4479796308399,.75
414,1,5,6,1,1,19.19325664460229,1.5
414,1,5,7,1,2,29.32056095661021,2.25
414,1,5,8,1,3,26.69482120146075,3
414,1,5,9,1,4,29.11264779768383,3.75
414,1,5,10,1,5,27.28498944321204,4.5
414,1,5,11,1,6,31.33977649402433,5.25
414,1,5,12,1,7,32.11204324975275,6
415,2,5,1,0,-4,12.4200646500267,0
415,2,5,2,0,-3,13.00491383743358,0
415,2,5,3,0,-2,13.26539750059543,0
415,2,5,4,0,-1,7.822275656228842,0
415,2,5,5,1,0,12.25473636616417,.75
415,2,5,6,1,1,9.486363382368335,1.5
415,2,5,7,1,2,8.878660377289087,2.25
415,2,5,8,1,3,14.60562084589783,3
415,2,5,9,1,4,10.19449679055327,3.75
415,2,5,10,1,5,22.85644036463439,4.5
415,2,5,11,1,6,15.34450736938941,5.25
415,2,5,12,1,7,18.52259670480505,6
416,4,7,1,0,-6,20.39912454377993,0
416,4,7,2,0,-5,17.56080882667783,0
416,4,7,3,0,-4,21.04051462201523,0
416,4,7,4,0,-3,18.74859662585554,0
416,4,7,5,0,-2,22.1191568219351,0
416,4,7,6,0,-1,19.09029140571309,0
416,4,7,7,1,0,22.23975239137948,.5
416,4,7,8,1,1,23.20457155605081,1
416,4,7,9,1,2,23.79057990948182,1.5
416,4,7,10,1,3,23.74475259103017,2
416,4,7,11,1,4,24.2523779344628,2.5
416,4,7,12,1,5,23.85286940240244,3
417,4,7,1,0,-6,23.93317247744778,0
417,4,7,2,0,-5,21.12276217538728,0
417,4,7,3,0,-4,23.92209013959761,0
417,4,7,4,0,-3,25.74253583296788,0
417,4,7,5,0,-2,19.07712801758089,0
417,4,7,6,0,-1,23.91809438494364,0
417,4,7,7,1,0,28.70889192572653,.5
417,4,7,8,1,1,24.14564334166529,1
417,4,7,9,1,2,23.09281932407812,1.5
417,4,7,10,1,3,27.99078022051078,2
417,4,7,11,1,4,25.42209537374621,2.5
417,4,7,12,1,5,28.31479960653155,3
418,1,5,1,0,-4,12.04246702082257,0
418,1,5,2,0,-3,8.908430692484929,0
418,1,5,3,0,-2,10.81619757185063,0
418,1,5,4,0,-1,8.895684156272388,0
418,1,5,5,1,0,12.96648169996591,.75
418,1,5,6,1,1,12.74922142501541,1.5
418,1,5,7,1,2,10.78051020006293,2.25
418,1,5,8,1,3,13.94237615459616,3
418,1,5,9,1,4,15.73237595449234,3.75
418,1,5,10,1,5,13.25139238915037,4.5
418,1,5,11,1,6,21.98006240024003,5.25
418,1,5,12,1,7,18.3184427489322,6
419,6,9,1,0,-8,20.39450822019883,0
419,6,9,2,0,-7,19.19483597013103,0
419,6,9,3,0,-6,24.31445917826419,0
419,6,9,4,0,-5,20.63911837328004,0
419,6,9,5,0,-4,24.83624425430389,0
419,6,9,6,0,-3,25.23331452236479,0
419,6,9,7,0,-2,23.15420111599241,0
419,6,9,8,0,-1,20.37321998153533,0
419,6,9,9,1,0,29.16028531367018,.35
419,6,9,10,1,1,20.91833638176352,.7
419,6,9,11,1,2,25.92658733622122,1.05
419,6,9,12,1,3,22.68926420821497,1.4
420,7,,1,0,,24.07321623100381,0
420,7,,2,0,,23.28149269033556,0
420,7,,3,0,,20.94213368761162,0
420,7,,4,0,,17.89013782092971,0
420,7,,5,0,,25.80661162262707,0
420,7,,6,0,,24.33447886661535,0
420,7,,7,0,,27.92854287179515,0
420,7,,8,0,,21.48446108019042,0
420,7,,9,0,,26.69879557643071,0
420,7,,10,0,,30.60313332928132,0
420,7,,11,0,,22.59055918626459,0
420,7,,12,0,,26.5257805615282,0
421,1,5,1,0,-4,20.08426771182282,0
421,1,5,2,0,-3,21.61777810740493,0
421,1,5,3,0,-2,22.96761203973128,0
421,1,5,4,0,-1,22.22501869046699,0
421,1,5,5,1,0,30.3698669730267,.75
421,1,5,6,1,1,21.36531315403971,1.5
421,1,5,7,1,2,24.53127245603255,2.25
421,1,5,8,1,3,23.46363725992773,3
421,1,5,9,1,4,29.1388257209089,3.75
421,1,5,10,1,5,35.13822817541017,4.5
421,1,5,11,1,6,23.3500059472964,5.25
421,1,5,12,1,7,30.81840676052761,6
422,6,9,1,0,-8,14.96779673805483,0
422,6,9,2,0,-7,18.40981637295497,0
422,6,9,3,0,-6,23.85827483581381,0
422,6,9,4,0,-5,20.67356763580793,0
422,6,9,5,0,-4,17.99379023966489,0
422,6,9,6,0,-3,17.03358808880909,0
422,6,9,7,0,-2,18.75608982665755,0
422,6,9,8,0,-1,20.56106523831969,0
422,6,9,9,1,0,15.21509855159382,.35
422,6,9,10,1,1,20.69942222394989,.7
422,6,9,11,1,2,14.58563403644749,1.05
422,6,9,12,1,3,21.55684909759382,1.4
423,7,,1,0,,14.55464758881857,0
423,7,,2,0,,18.14347961654057,0
423,7,,3,0,,17.21115679070406,0
423,7,,4,0,,20.3284187987663,0
423,7,,5,0,,17.84177901334821,0
423,7,,6,0,,24.8647304353488,0
423,7,,7,0,,20.18224838761145,0
423,7,,8,0,,23.24808110158035,0
423,7,,9,0,,22.16810063566651,0
423,7,,10,0,,20.36876207150068,0
423,7,,11,0,,20.8289355906153,0
423,7,,12,0,,17.51253400362815,0
424,4,7,1,0,-6,10.43401773963012,0
424,4,7,2,0,-5,17.12683384515653,0
424,4,7,3,0,-4,12.87752723555402,0
424,4,7,4,0,-3,12.0632794574314,0
424,4,7,5,0,-2,15.32500104689412,0
424,4,7,6,0,-1,16.20445101724933,0
424,4,7,7,1,0,13.19967298043677,.5
424,4,7,8,1,1,20.02776148363344,1
424,4,7,9,1,2,19.93840970799204,1.5
424,4,7,10,1,3,16.82776677938597,2
424,4,7,11,1,4,23.48243558993943,2.5
424,4,7,12,1,5,21.04714890783031,3
425,4,7,1,0,-6,16.74581284218326,0
425,4,7,2,0,-5,25.53796810736049,0
425,4,7,3,0,-4,15.58734302598787,0
425,4,7,4,0,-3,20.6789961585788,0
425,4,7,5,0,-2,19.35047483319996,0
425,4,7,6,0,-1,20.11146375916684,0
425,4,7,7,1,0,26.56391704908165,.5
425,4,7,8,1,1,28.60237164836482,1
425,4,7,9,1,2,19.85910806608348,1.5
425,4,7,10,1,3,24.68351770012496,2
425,4,7,11,1,4,21.38758633254127,2.5
425,4,7,12,1,5,24.02537107400228,3
426,6,9,1,0,-8,19.75804888816386,0
426,6,9,2,0,-7,23.67911813580599,0
426,6,9,3,0,-6,16.1712024238117,0
426,6,9,4,0,-5,26.37311928972155,0
426,6,9,5,0,-4,20.83600675402433,0
426,6,9,6,0,-3,20.56497853217591,0
426,6,9,7,0,-2,24.5266050580453,0
426,6,9,8,0,-1,23.19641017461485,0
426,6,9,9,1,0,21.63268707419754,.35
426,6,9,10,1,1,19.92033105633606,.7
426,6,9,11,1,2,27.55806996539134,1.05
426,6,9,12,1,3,20.59825144009756,1.4
427,5,9,1,0,-8,17.32688001327806,0
427,5,9,2,0,-7,18.16364584427716,0
427,5,9,3,0,-6,23.18915902828543,0
427,5,9,4,0,-5,21.00622364983668,0
427,5,9,5,0,-4,13.90380135563709,0
427,5,9,6,0,-3,21.65750726955765,0
427,5,9,7,0,-2,19.58746783806356,0
427,5,9,8,0,-1,20.13248150706633,0
427,5,9,9,1,0,17.94194754961762,.35
427,5,9,10,1,1,20.78047919284535,.7
427,5,9,11,1,2,20.06776508551094,1.05
427,5,9,12,1,3,20.28898130471079,1.4
428,7,,1,0,,16.02933371316844,0
428,7,,2,0,,18.80979705491657,0
428,7,,3,0,,16.00050933449329,0
428,7,,4,0,,21.84835582222393,0
428,7,,5,0,,19.94725667847748,0
428,7,,6,0,,20.2076497094768,0
428,7,,7,0,,23.23064262710902,0
428,7,,8,0,,20.49494602475629,0
428,7,,9,0,,23.90732722373733,0
428,7,,10,0,,25.99576258431845,0
428,7,,11,0,,27.58486776251481,0
428,7,,12,0,,22.88879338940929,0
429,7,,1,0,,25.70194336006701,0
429,7,,2,0,,18.741419554705,0
429,7,,3,0,,18.72963845914198,0
429,7,,4,0,,22.45151256074942,0
429,7,,5,0,,19.99669568954036,0
429,7,,6,0,,15.72115617980743,0
429,7,,7,0,,21.48365147396973,0
429,7,,8,0,,22.7637977673616,0
429,7,,9,0,,20.95439630178898,0
429,7,,10,0,,27.39905254963822,0
429,7,,11,0,,26.63571906998726,0
429,7,,12,0,,20.13420955809659,0
430,2,5,1,0,-4,15.67707032406377,0
430,2,5,2,0,-3,15.53013137570935,0
430,2,5,3,0,-2,14.28739762687509,0
430,2,5,4,0,-1,19.76753847071395,0
430,2,5,5,1,0,16.19990088169368,.75
430,2,5,6,1,1,23.52733493493003,1.5
430,2,5,7,1,2,17.07436357842204,2.25
430,2,5,8,1,3,20.3292591356564,3
430,2,5,9,1,4,20.89690569338983,3.75
430,2,5,10,1,5,20.19766371489834,4.5
430,2,5,11,1,6,27.68726091312224,5.25
430,2,5,12,1,7,26.29651327278119,6
431,2,5,1,0,-4,20.12267728729501,0
431,2,5,2,0,-3,19.07426985158811,0
431,2,5,3,0,-2,16.96040954998191,0
431,2,5,4,0,-1,15.54246486029407,0
431,2,5,5,1,0,18.18608273974533,.75
431,2,5,6,1,1,25.00774998692039,1.5
431,2,5,7,1,2,17.23679393090658,2.25
431,2,5,8,1,3,24.87193611997748,3
431,2,5,9,1,4,17.84828371656071,3.75
431,2,5,10,1,5,23.52942299834183,4.5
431,2,5,11,1,6,24.14901798808936,5.25
431,2,5,12,1,7,26.86692336217741,6
432,6,9,1,0,-8,20.65281016104684,0
432,6,9,2,0,-7,14.66553810501329,0
432,6,9,3,0,-6,17.22983525618503,0
432,6,9,4,0,-5,9.630186493773683,0
432,6,9,5,0,-4,16.00044867600892,0
432,6,9,6,0,-3,18.08597294255806,0
432,6,9,7,0,-2,20.80650725292342,0
432,6,9,8,0,-1,22.65499030177562,0
432,6,9,9,1,0,20.46905491084655,.35
432,6,9,10,1,1,19.63053238035711,.7
432,6,9,11,1,2,16.96432511645109,1.05
432,6,9,12,1,3,24.15719780195032,1.4
433,6,9,1,0,-8,20.9580188848393,0
433,6,9,2,0,-7,23.2714991651864,0
433,6,9,3,0,-6,27.22039465019241,0
433,6,9,4,0,-5,25.37502746002093,0
433,6,9,5,0,-4,28.00053753377859,0
433,6,9,6,0,-3,24.06636629021873,0
433,6,9,7,0,-2,23.66474488149127,0
433,6,9,8,0,-1,25.75210915159211,0
433,6,9,9,1,0,28.2183860402651,.35
433,6,9,10,1,1,24.87672646373304,.7
433,6,9,11,1,2,24.60195025975265,1.05
433,6,9,12,1,3,31.06253373659189,1.4
434,6,9,1,0,-8,16.96063295855021,0
434,6,9,2,0,-7,19.03636097181917,0
434,6,9,3,0,-6,21.9380522382491,0
434,6,9,4,0,-5,18.01127272129612,0
434,6,9,5,0,-4,16.59602625346753,0
434,6,9,6,0,-3,19.90227866612975,0
434,6,9,7,0,-2,23.48366004885025,0
434,6,9,8,0,-1,22.41338251432516,0
434,6,9,9,1,0,18.80354458778578,.35
434,6,9,10,1,1,25.08744763501612,.7
434,6,9,11,1,2,21.67684268551799,1.05
434,6,9,12,1,3,23.91640393608008,1.4
435,4,7,1,0,-6,19.55258310073369,0
435,4,7,2,0,-5,19.19315550427208,0
435,4,7,3,0,-4,23.44923968937062,0
435,4,7,4,0,-3,21.55450353872753,0
435,4,7,5,0,-2,23.48026456824661,0
435,4,7,6,0,-1,25.61211411055914,0
435,4,7,7,1,0,27.75249234771915,.5
435,4,7,8,1,1,31.15821784730117,1
435,4,7,9,1,2,21.91142224857528,1.5
435,4,7,10,1,3,28.16595418865663,2
435,4,7,11,1,4,23.49751899757448,2.5
435,4,7,12,1,5,30.9239447747383,3
436,5,9,1,0,-8,12.8603787156978,0
436,5,9,2,0,-7,15.3590247215139,0
436,5,9,3,0,-6,15.56958701117291,0
436,5,9,4,0,-5,12.92655002595219,0
436,5,9,5,0,-4,15.20165646522057,0
436,5,9,6,0,-3,19.72248030211517,0
436,5,9,7,0,-2,14.41703048055194,0
436,5,9,8,0,-1,14.22631572845245,0
436,5,9,9,1,0,17.84840102454136,.35
436,5,9,10,1,1,18.73331235268936,.7
436,5,9,11,1,2,21.39890177983091,1.05
436,5,9,12,1,3,20.23193341936945,1.4
437,4,7,1,0,-6,19.31087980478371,0
437,4,7,2,0,-5,9.388947000059883,0
437,4,7,3,0,-4,12.85745474871325,0
437,4,7,4,0,-3,16.60482210127848,0
437,4,7,5,0,-2,15.24189517140822,0
437,4,7,6,0,-1,13.12891672803977,0
437,4,7,7,1,0,17.09414146533005,.5
437,4,7,8,1,1,19.09718971296915,1
437,4,7,9,1,2,23.08066435286873,1.5
437,4,7,10,1,3,19.43519332146468,2
437,4,7,11,1,4,22.40359668312431,2.5
437,4,7,12,1,5,23.3058108456064,3
438,4,7,1,0,-6,14.2417503301043,0
438,4,7,2,0,-5,21.37773868934038,0
438,4,7,3,0,-4,18.42703815300506,0
438,4,7,4,0,-3,16.70807740891319,0
438,4,7,5,0,-2,19.92758114414312,0
438,4,7,6,0,-1,16.5838637511268,0
438,4,7,7,1,0,20.46086202956152,.5
438,4,7,8,1,1,22.25539285413539,1
438,4,7,9,1,2,19.87116135427083,1.5
438,4,7,10,1,3,24.8701295484338,2
438,4,7,11,1,4,18.98018228861973,2.5
438,4,7,12,1,5,22.86493051795672,3
439,4,7,1,0,-6,17.25810631709475,0
439,4,7,2,0,-5,14.64906549957065,0
439,4,7,3,0,-4,21.31968425308175,0
439,4,7,4,0,-3,21.85325331391338,0
439,4,7,5,0,-2,22.41721626465861,0
439,4,7,6,0,-1,22.42803763290037,0
439,4,7,7,1,0,24.27143697330623,.5
439,4,7,8,1,1,22.8917967416905,1
439,4,7,9,1,2,21.81726677319971,1.5
439,4,7,10,1,3,24.12427832505135,2
439,4,7,11,1,4,24.0813021468701,2.5
439,4,7,12,1,5,30.67383573717418,3
440,3,7,1,0,-6,12.34679695438947,0
440,3,7,2,0,-5,16.45660191578136,0
440,3,7,3,0,-4,15.96518478372498,0
440,3,7,4,0,-3,20.48617203132113,0
440,3,7,5,0,-2,11.35659201077664,0
440,3,7,6,0,-1,16.96931482297329,0
440,3,7,7,1,0,13.91349281432495,.5
440,3,7,8,1,1,18.94843008913689,1
440,3,7,9,1,2,15.80114154509025,1.5
440,3,7,10,1,3,17.28986740156686,2
440,3,7,11,1,4,26.05971886280926,2.5
440,3,7,12,1,5,14.83304026296997,3
441,1,5,1,0,-4,4.91389782911028,0
441,1,5,2,0,-3,5.249824564007449,0
441,1,5,3,0,-2,10.47512093395241,0
441,1,5,4,0,-1,10.93785086087155,0
441,1,5,5,1,0,10.70944657442817,.75
441,1,5,6,1,1,9.071751521579959,1.5
441,1,5,7,1,2,15.52904925844734,2.25
441,1,5,8,1,3,16.84673704235561,3
441,1,5,9,1,4,18.6722754704576,3.75
441,1,5,10,1,5,19.03525511011436,4.5
441,1,5,11,1,6,15.1310532543316,5.25
441,1,5,12,1,7,20.27917055389463,6
442,3,7,1,0,-6,17.86169452937478,0
442,3,7,2,0,-5,18.6158130216312,0
442,3,7,3,0,-4,9.152306697828763,0
442,3,7,4,0,-3,17.01846262840428,0
442,3,7,5,0,-2,14.50202669407882,0
442,3,7,6,0,-1,16.79426253284559,0
442,3,7,7,1,0,15.515643207425,.5
442,3,7,8,1,1,17.30039180278328,1
442,3,7,9,1,2,21.62285709735549,1.5
442,3,7,10,1,3,18.90336927921493,2
442,3,7,11,1,4,19.38707517096507,2.5
442,3,7,12,1,5,27.67721466994607,3
443,8,,1,0,,12.40335799503039,0
443,8,,2,0,,5.457859414992084,0
443,8,,3,0,,9.266513295326375,0
443,8,,4,0,,10.84906855115063,0
443,8,,5,0,,7.718152685952687,0
443,8,,6,0,,11.13778454922836,0
443,8,,7,0,,7.823142511967003,0
443,8,,8,0,,10.41347545893778,0
443,8,,9,0,,5.055740918971789,0
443,8,,10,0,,8.530848444998643,0
443,8,,11,0,,11.86653988068357,0
443,8,,12,0,,14.27144753683714,0
444,7,,1,0,,20.29044835761155,0
444,7,,2,0,,17.86469365280402,0
444,7,,3,0,,20.35954767707321,0
444,7,,4,0,,19.2144088345646,0
444,7,,5,0,,19.50915054040046,0
444,7,,6,0,,24.65728818409954,0
444,7,,7,0,,21.47618817024916,0
444,7,,8,0,,26.13076320638534,0
444,7,,9,0,,15.32878426360367,0
444,7,,10,0,,18.66215287230067,0
444,7,,11,0,,21.54263067376585,0
444,7,,12,0,,22.98269044974547,0
445,5,9,1,0,-8,17.39201034360459,0
445,5,9,2,0,-7,18.27246471467303,0
445,5,9,3,0,-6,22.11964584562764,0
445,5,9,4,0,-5,19.17000511618683,0
445,5,9,5,0,-4,20.17789375865697,0
445,5,9,6,0,-3,22.24274490459516,0
445,5,9,7,0,-2,18.22501663729831,0
445,5,9,8,0,-1,20.14421049861316,0
445,5,9,9,1,0,24.70031142098617,.35
445,5,9,10,1,1,17.99071882388294,.7
445,5,9,11,1,2,23.48487195288636,1.05
445,5,9,12,1,3,27.03544121059221,1.4
446,3,7,1,0,-6,20.6497443571936,0
446,3,7,2,0,-5,19.20288008832203,0
446,3,7,3,0,-4,23.11197149696806,0
446,3,7,4,0,-3,18.11050404130797,0
446,3,7,5,0,-2,19.01752950888405,0
446,3,7,6,0,-1,16.72013203274653,0
446,3,7,7,1,0,17.35805396513747,.5
446,3,7,8,1,1,26.46606549281909,1
446,3,7,9,1,2,22.31524960726516,1.5
446,3,7,10,1,3,25.14833403738854,2
446,3,7,11,1,4,22.26139703218408,2.5
446,3,7,12,1,5,26.54315120258172,3
447,1,5,1,0,-4,15.70203926715636,0
447,1,5,2,0,-3,19.1946929464244,0
447,1,5,3,0,-2,21.95819939660836,0
447,1,5,4,0,-1,20.30485819711023,0
447,1,5,5,1,0,17.14658773926694,.75
447,1,5,6,1,1,18.42478581815097,1.5
447,1,5,7,1,2,25.74414588795511,2.25
447,1,5,8,1,3,24.05231782775734,3
447,1,5,9,1,4,27.09516215327805,3.75
447,1,5,10,1,5,25.77409730063147,4.5
447,1,5,11,1,6,26.85529512127761,5.25
447,1,5,12,1,7,34.98165769647238,6
448,3,7,1,0,-6,26.2930107848443,0
448,3,7,2,0,-5,24.65943390295047,0
448,3,7,3,0,-4,27.20336041894497,0
448,3,7,4,0,-3,26.07311415736968,0
448,3,7,5,0,-2,23.86183122463109,0
448,3,7,6,0,-1,25.45016591533739,0
448,3,7,7,1,0,17.8850190423216,.5
448,3,7,8,1,1,24.6713467167618,1
448,3,7,9,1,2,23.69560957300293,1.5
448,3,7,10,1,3,24.5529454762807,2
448,3,7,11,1,4,28.05263113071153,2.5
448,3,7,12,1,5,29.70001514512484,3
449,4,7,1,0,-6,20.59905375773202,0
449,4,7,2,0,-5,24.35000802693116,0
449,4,7,3,0,-4,19.36015300832398,0
449,4,7,4,0,-3,25.88879320398729,0
449,4,7,5,0,-2,22.81421082271303,0
449,4,7,6,0,-1,20.51525808073141,0
449,4,7,7,1,0,19.25273854843131,.5
449,4,7,8,1,1,27.77248740755943,1
449,4,7,9,1,2,21.25954115125627,1.5
449,4,7,10,1,3,24.55731627035357,2
449,4,7,11,1,4,28.96754243807242,2.5
449,4,7,12,1,5,21.9358891756384,3
450,2,5,1,0,-4,16.8940275497398,0
450,2,5,2,0,-3,15.10064433596303,0
450,2,5,3,0,-2,15.92680889397061,0
450,2,5,4,0,-1,12.67510304672828,0
450,2,5,5,1,0,9.953294319691345,.75
450,2,5,6,1,1,14.73003798935188,1.5
450,2,5,7,1,2,18.745462003767,2.25
450,2,5,8,1,3,16.42608887079409,3
450,2,5,9,1,4,12.23326131625832,3.75
450,2,5,10,1,5,14.39633756670026,4.5
450,2,5,11,1,6,22.91848362912716,5.25
450,2,5,12,1,7,22.51986818992908,6
451,3,7,1,0,-6,22.94447926694084,0
451,3,7,2,0,-5,19.72419001384571,0
451,3,7,3,0,-4,17.16333531334144,0
451,3,7,4,0,-3,21.47122841531461,0
451,3,7,5,0,-2,16.76417624037384,0
451,3,7,6,0,-1,17.3394231329451,0
451,3,7,7,1,0,17.1989234691498,.5
451,3,7,8,1,1,21.74905069141531,1
451,3,7,9,1,2,15.17477532860708,1.5
451,3,7,10,1,3,23.21101340797415,2
451,3,7,11,1,4,27.05715950350378,2.5
451,3,7,12,1,5,29.80216218352754,3
452,5,9,1,0,-8,12.38432893465274,0
452,5,9,2,0,-7,17.38847885783694,0
452,5,9,3,0,-6,10.56105156779463,0
452,5,9,4,0,-5,19.44729235202319,0
452,5,9,5,0,-4,13.81319117083276,0
452,5,9,6,0,-3,14.42220048429789,0
452,5,9,7,0,-2,18.05820475389149,0
452,5,9,8,0,-1,17.59988669166739,0
452,5,9,9,1,0,18.06240250307236,.35
452,5,9,10,1,1,19.01374839567865,.7
452,5,9,11,1,2,20.79138105037122,1.05
452,5,9,12,1,3,20.58151400236213,1.4
453,4,7,1,0,-6,21.3141003635594,0
453,4,7,2,0,-5,17.7370671511039,0
453,4,7,3,0,-4,12.44514583354473,0
453,4,7,4,0,-3,23.13412155952786,0
453,4,7,5,0,-2,20.47460114722511,0
453,4,7,6,0,-1,18.75010488164122,0
453,4,7,7,1,0,22.14237284395934,.5
453,4,7,8,1,1,19.99906052575429,1
453,4,7,9,1,2,16.98027423568074,1.5
453,4,7,10,1,3,24.07084741476737,2
453,4,7,11,1,4,17.25024797287815,2.5
453,4,7,12,1,5,19.35258604203321,3
454,4,7,1,0,-6,10.55902378113697,0
454,4,7,2,0,-5,19.78514166931524,0
454,4,7,3,0,-4,16.57725817705041,0
454,4,7,4,0,-3,13.84611536703994,0
454,4,7,5,0,-2,13.54305335997041,0
454,4,7,6,0,-1,18.71637164968593,0
454,4,7,7,1,0,15.26896338325663,.5
454,4,7,8,1,1,18.08922727705127,1
454,4,7,9,1,2,19.79144530411185,1.5
454,4,7,10,1,3,24.03599791579412,2
454,4,7,11,1,4,22.34053758384934,2.5
454,4,7,12,1,5,26.0542204739609,3
455,4,7,1,0,-6,20.30056220511019,0
455,4,7,2,0,-5,13.47383182773488,0
455,4,7,3,0,-4,15.41349743882759,0
455,4,7,4,0,-3,17.79560942542357,0
455,4,7,5,0,-2,16.29596346049374,0
455,4,7,6,0,-1,16.44508781299421,0
455,4,7,7,1,0,14.03726271497673,.5
455,4,7,8,1,1,17.22943293620243,1
455,4,7,9,1,2,18.00490677937418,1.5
455,4,7,10,1,3,17.07316019642478,2
455,4,7,11,1,4,17.45126407567537,2.5
455,4,7,12,1,5,20.10902332656718,3
456,2,5,1,0,-4,15.37863675410738,0
456,2,5,2,0,-3,20.92513578117659,0
456,2,5,3,0,-2,17.59732539110576,0
456,2,5,4,0,-1,17.01555330938077,0
456,2,5,5,1,0,14.89599922360493,.75
456,2,5,6,1,1,18.13551844774086,1.5
456,2,5,7,1,2,18.61821425733215,2.25
456,2,5,8,1,3,19.98299059152407,3
456,2,5,9,1,4,22.33311623174186,3.75
456,2,5,10,1,5,20.11870346518606,4.5
456,2,5,11,1,6,29.7151387744671,5.25
456,2,5,12,1,7,22.18889201899152,6
457,3,7,1,0,-6,16.006273120688,0
457,3,7,2,0,-5,18.15407193759986,0
457,3,7,3,0,-4,14.05472482293439,0
457,3,7,4,0,-3,12.72691785577481,0
457,3,7,5,0,-2,12.00670043714831,0
457,3,7,6,0,-1,15.57187940707191,0
457,3,7,7,1,0,16.76555421920844,.5
457,3,7,8,1,1,13.89909179426107,1
457,3,7,9,1,2,10.62944863709673,1.5
457,3,7,10,1,3,21.88573095351766,2
457,3,7,11,1,4,20.69359890111086,2.5
457,3,7,12,1,5,22.45524365241546,3
458,5,9,1,0,-8,17.85271963244523,0
458,5,9,2,0,-7,17.85964162583509,0
458,5,9,3,0,-6,14.44954251592977,0
458,5,9,4,0,-5,16.4275757216039,0
458,5,9,5,0,-4,15.15452880732252,0
458,5,9,6,0,-3,9.474057653666332,0
458,5,9,7,0,-2,16.57895934164067,0
458,5,9,8,0,-1,16.5666794216428,0
458,5,9,9,1,0,14.89983091286781,.35
458,5,9,10,1,1,12.05088937386007,.7
458,5,9,11,1,2,16.36599548772149,1.05
458,5,9,12,1,3,20.82174016287646,1.4
459,3,7,1,0,-6,13.5336391083471,0
459,3,7,2,0,-5,14.71432502873039,0
459,3,7,3,0,-4,13.41914575116911,0
459,3,7,4,0,-3,16.5244457776811,0
459,3,7,5,0,-2,12.48014539926388,0
459,3,7,6,0,-1,17.60354504029345,0
459,3,7,7,1,0,17.17313567185711,.5
459,3,7,8,1,1,21.92654850075777,1
459,3,7,9,1,2,14.41148049895528,1.5
459,3,7,10,1,3,8.944162879068919,2
459,3,7,11,1,4,21.83759553181538,2.5
459,3,7,12,1,5,23.19087001690987,3
460,5,9,1,0,-8,11.82302435989132,0
460,5,9,2,0,-7,6.381727692628775,0
460,5,9,3,0,-6,2.501800587302853,0
460,5,9,4,0,-5,9.884176919374404,0
460,5,9,5,0,-4,11.50409638096273,0
460,5,9,6,0,-3,12.21578725838381,0
460,5,9,7,0,-2,13.97955274092578,0
460,5,9,8,0,-1,13.27156297930511,0
460,5,9,9,1,0,19.08115185668245,.35
460,5,9,10,1,1,16.08022463850275,.7
460,5,9,11,1,2,8.304961236128687,1.05
460,5,9,12,1,3,16.67189399125287,1.4
461,2,5,1,0,-4,24.90852348054762,0
461,2,5,2,0,-3,22.19538202019459,0
461,2,5,3,0,-2,21.284388717461,0
461,2,5,4,0,-1,27.81929515264383,0
461,2,5,5,1,0,26.39219632624232,.75
461,2,5,6,1,1,23.7439583945985,1.5
461,2,5,7,1,2,30.8469623127082,2.25
461,2,5,8,1,3,27.27012977531133,3
461,2,5,9,1,4,30.92356440297545,3.75
461,2,5,10,1,5,23.69480127356166,4.5
461,2,5,11,1,6,23.31093603314981,5.25
461,2,5,12,1,7,31.72697859214964,6
462,1,5,1,0,-4,12.89591315275774,0
462,1,5,2,0,-3,11.58150655804281,0
462,1,5,3,0,-2,9.266420652744326,0
462,1,5,4,0,-1,19.49963250225927,0
462,1,5,5,1,0,16.31227908295891,.75
462,1,5,6,1,1,16.6870909821475,1.5
462,1,5,7,1,2,15.99826860658217,2.25
462,1,5,8,1,3,19.69966157990169,3
462,1,5,9,1,4,14.03821486351346,3.75
462,1,5,10,1,5,14.01536185003054,4.5
462,1,5,11,1,6,21.53118851103329,5.25
462,1,5,12,1,7,21.76221710732663,6
463,2,5,1,0,-4,14.70392848613903,0
463,2,5,2,0,-3,15.75129091011684,0
463,2,5,3,0,-2,15.26121681910854,0
463,2,5,4,0,-1,20.77303629022131,0
463,2,5,5,1,0,12.36582838955586,.75
463,2,5,6,1,1,16.80789765984315,1.5
463,2,5,7,1,2,16.07840087923242,2.25
463,2,5,8,1,3,16.41989538166231,3
463,2,5,9,1,4,17.76112237583454,3.75
463,2,5,10,1,5,15.71441551255245,4.5
463,2,5,11,1,6,20.34850365857531,5.25
463,2,5,12,1,7,21.45675276830958,6
464,8,,1,0,,20.3490565484884,0
464,8,,2,0,,26.78818122265566,0
464,8,,3,0,,20.78383174971222,0
464,8,,4,0,,22.27624310977134,0
464,8,,5,0,,24.78039597666081,0
464,8,,6,0,,25.97677007255089,0
464,8,,7,0,,21.72409594535181,0
464,8,,8,0,,26.66597518180199,0
464,8,,9,0,,22.26388219903253,0
464,8,,10,0,,21.52403340233642,0
464,8,,11,0,,23.98981803105369,0
464,8,,12,0,,26.9394119415913,0
465,8,,1,0,,17.0637969834863,0
465,8,,2,0,,22.38528791798324,0
465,8,,3,0,,26.13609360127528,0
465,8,,4,0,,23.39659415962602,0
465,8,,5,0,,22.3262677411032,0
465,8,,6,0,,22.32027698581296,0
465,8,,7,0,,22.78451917098745,0
465,8,,8,0,,24.37433867437806,0
465,8,,9,0,,25.5467136927,0
465,8,,10,0,,25.62155083776944,0
465,8,,11,0,,22.65849144344555,0
465,8,,12,0,,19.79972399652181,0
466,3,7,1,0,-6,25.37097034754698,0
466,3,7,2,0,-5,24.2868780743273,0
466,3,7,3,0,-4,23.30070833207064,0
466,3,7,4,0,-3,27.04842372515643,0
466,3,7,5,0,-2,28.90606423227411,0
466,3,7,6,0,-1,26.3936694694427,0
466,3,7,7,1,0,19.48586075928961,.5
466,3,7,8,1,1,23.36112750513995,1
466,3,7,9,1,2,27.29809315785689,1.5
466,3,7,10,1,3,27.85032644338625,2
466,3,7,11,1,4,27.69637019518375,2.5
466,3,7,12,1,5,27.57896010456106,3
467,2,5,1,0,-4,21.11903909004878,0
467,2,5,2,0,-3,14.637120075571,0
467,2,5,3,0,-2,20.06212511669612,0
467,2,5,4,0,-1,21.2038696849566,0
467,2,5,5,1,0,22.42915941241687,.75
467,2,5,6,1,1,16.26268489331718,1.5
467,2,5,7,1,2,20.4834495175827,2.25
467,2,5,8,1,3,24.35945760884668,3
467,2,5,9,1,4,21.58950815002122,3.75
467,2,5,10,1,5,25.80230738840773,4.5
467,2,5,11,1,6,23.60317385164806,5.25
467,2,5,12,1,7,27.66926084044199,6
468,1,5,1,0,-4,7.873272204496035,0
468,1,5,2,0,-3,6.885427726362343,0
468,1,5,3,0,-2,10.79656124012752,0
468,1,5,4,0,-1,7.459313286179994,0
468,1,5,5,1,0,11.38910814399597,.75
468,1,5,6,1,1,11.30403117436169,1.5
468,1,5,7,1,2,11.41902033802337,2.25
468,1,5,8,1,3,10.72587439347386,3
468,1,5,9,1,4,15.05682381837559,3.75
468,1,5,10,1,5,11.13826639394243,4.5
468,1,5,11,1,6,17.58364512581546,5.25
468,1,5,12,1,7,17.39272236214717,6
469,2,5,1,0,-4,11.5683060408099,0
469,2,5,2,0,-3,7.774492488334563,0
469,2,5,3,0,-2,8.893059598159308,0
469,2,5,4,0,-1,6.255992619727978,0
469,2,5,5,1,0,11.01368735771309,.75
469,2,5,6,1,1,14.64838999551229,1.5
469,2,5,7,1,2,16.00357045305529,2.25
469,2,5,8,1,3,21.99383658039622,3
469,2,5,9,1,4,17.0504041781789,3.75
469,2,5,10,1,5,15.97502706226385,4.5
469,2,5,11,1,6,14.55985818373918,5.25
469,2,5,12,1,7,27.26113189220842,6
470,6,9,1,0,-8,15.44683075966503,0
470,6,9,2,0,-7,14.87859282887111,0
470,6,9,3,0,-6,12.98106830286614,0
470,6,9,4,0,-5,15.72329598569426,0
470,6,9,5,0,-4,15.14537850626325,0
470,6,9,6,0,-3,21.65115855830393,0
470,6,9,7,0,-2,16.80514536093655,0
470,6,9,8,0,-1,16.37730945886313,0
470,6,9,9,1,0,10.15709622005624,.35
470,6,9,10,1,1,17.7825255116596,.7
470,6,9,11,1,2,19.75001813240622,1.05
470,6,9,12,1,3,25.23383445634046,1.4
471,7,,1,0,,15.64446643867903,0
471,7,,2,0,,12.72704051940278,0
471,7,,3,0,,11.39337673632449,0
471,7,,4,0,,16.17185117743602,0
471,7,,5,0,,17.77850022978039,0
471,7,,6,0,,19.00709416541974,0
471,7,,7,0,,18.00216892608238,0
471,7,,8,0,,21.04996718643497,0
471,7,,9,0,,20.31388407367098,0
471,7,,10,0,,20.48160537000358,0
471,7,,11,0,,18.8788232504679,0
471,7,,12,0,,21.7262607413091,0
472,5,9,1,0,-8,18.32373552128133,0
472,5,9,2,0,-7,17.24678565736849,0
472,5,9,3,0,-6,12.17464805740582,0
472,5,9,4,0,-5,12.67219458538058,0
472,5,9,5,0,-4,15.12129827678259,0
472,5,9,6,0,-3,19.74327584845507,0
472,5,9,7,0,-2,19.31071030611579,0
472,5,9,8,0,-1,22.78925001523151,0
472,5,9,9,1,0,20.22507269323834,.35
472,5,9,10,1,1,15.70398347969366,.7
472,5,9,11,1,2,15.80035301974616,1.05
472,5,9,12,1,3,11.8262202794713,1.4
473,7,,1,0,,12.22266917670566,0
473,7,,2,0,,15.34405480530719,0
473,7,,3,0,,16.96689619148603,0
473,7,,4,0,,15.75029780543385,0
473,7,,5,0,,17.0262086264994,0
473,7,,6,0,,17.42880171758843,0
473,7,,7,0,,19.30441518505826,0
473,7,,8,0,,17.3265460813371,0
473,7,,9,0,,19.50653703862464,0
473,7,,10,0,,19.79149721084507,0
473,7,,11,0,,16.33363905345345,0
473,7,,12,0,,21.80583544644375,0
474,8,,1,0,,15.49688949498179,0
474,8,,2,0,,15.40486305612566,0
474,8,,3,0,,12.7123412304403,0
474,8,,4,0,,15.59769637022635,0
474,8,,5,0,,14.44228538908724,0
474,8,,6,0,,13.76307462366022,0
474,8,,7,0,,19.67985941840951,0
474,8,,8,0,,15.05458061127832,0
474,8,,9,0,,13.5299117861889,0
474,8,,10,0,,17.48284106646627,0
474,8,,11,0,,14.35690732079845,0
474,8,,12,0,,20.84134593548655,0
475,3,7,1,0,-6,13.3353729862617,0
475,3,7,2,0,-5,6.911078103900733,0
475,3,7,3,0,-4,12.94400927851601,0
475,3,7,4,0,-3,14.60401940379325,0
475,3,7,5,0,-2,15.62204357553357,0
475,3,7,6,0,-1,11.70792529313963,0
475,3,7,7,1,0,14.2191130343683,.5
475,3,7,8,1,1,21.519868601318,1
475,3,7,9,1,2,14.06265936445515,1.5
475,3,7,10,1,3,20.3318819394953,2
475,3,7,11,1,4,17.69731366806193,2.5
475,3,7,12,1,5,15.42357852433755,3
476,3,7,1,0,-6,15.55926074336674,0
476,3,7,2,0,-5,10.94040741239577,0
476,3,7,3,0,-4,14.76634783471773,0
476,3,7,4,0,-3,18.06761209851029,0
476,3,7,5,0,-2,20.80295383870047,0
476,3,7,6,0,-1,20.5775954201191,0
476,3,7,7,1,0,14.21088182027252,.5
476,3,7,8,1,1,23.97173313680392,1
476,3,7,9,1,2,25.11304949483084,1.5
476,3,7,10,1,3,20.31563079165394,2
476,3,7,11,1,4,24.74756135261735,2.5
476,3,7,12,1,5,25.65126206762048,3
477,3,7,1,0,-6,5.106653800429896,0
477,3,7,2,0,-5,10.63898399998565,0
477,3,7,3,0,-4,9.487011221446325,0
477,3,7,4,0,-3,12.33973295460008,0
477,3,7,5,0,-2,8.733643448696421,0
477,3,7,6,0,-1,15.42667496271785,0
477,3,7,7,1,0,13.26798168991017,.5
477,3,7,8,1,1,15.59284385713107,1
477,3,7,9,1,2,14.6410182480059,1.5
477,3,7,10,1,3,15.66995100856004,2
477,3,7,11,1,4,18.16020553020662,2.5
477,3,7,12,1,5,17.99834890413865,3
478,4,7,1,0,-6,11.59847282746616,0
478,4,7,2,0,-5,8.657472950436336,0
478,4,7,3,0,-4,16.25299128097775,0
478,4,7,4,0,-3,18.43234576658431,0
478,4,7,5,0,-2,15.25646785811707,0
478,4,7,6,0,-1,16.84903776548943,0
478,4,7,7,1,0,14.78842048719084,.5
478,4,7,8,1,1,22.52583218809661,1
478,4,7,9,1,2,23.19971012372309,1.5
478,4,7,10,1,3,17.63225319061348,2
478,4,7,11,1,4,21.60131282486121,2.5
478,4,7,12,1,5,23.04221332923579,3
479,2,5,1,0,-4,27.82179943451317,0
479,2,5,2,0,-3,23.40434418956309,0
479,2,5,3,0,-2,26.64396285012339,0
479,2,5,4,0,-1,22.75530502189866,0
479,2,5,5,1,0,24.97739729592955,.75
479,2,5,6,1,1,26.4424853721073,1.5
479,2,5,7,1,2,25.6810612287473,2.25
479,2,5,8,1,3,32.27527671738228,3
479,2,5,9,1,4,23.04012133549094,3.75
479,2,5,10,1,5,30.61402198542628,4.5
479,2,5,11,1,6,26.09769123128131,5.25
479,2,5,12,1,7,32.11603081647024,6
480,7,,1,0,,17.18808068571927,0
480,7,,2,0,,14.06841941610439,0
480,7,,3,0,,18.02759654823877,0
480,7,,4,0,,19.779164187373,0
480,7,,5,0,,17.48897081140201,0
480,7,,6,0,,16.1598351557286,0
480,7,,7,0,,18.93629371319711,0
480,7,,8,0,,26.18375427992678,0
480,7,,9,0,,19.66677863953861,0
480,7,,10,0,,24.48593305297642,0
480,7,,11,0,,21.76048000400251,0
480,7,,12,0,,21.95381736061964,0
481,3,7,1,0,-6,16.36520527634765,0
481,3,7,2,0,-5,14.47563322086334,0
481,3,7,3,0,-4,17.93745890338116,0
481,3,7,4,0,-3,21.17178713228105,0
481,3,7,5,0,-2,16.7451599041182,0
481,3,7,6,0,-1,20.24623941965694,0
481,3,7,7,1,0,19.54846502051843,.5
481,3,7,8,1,1,17.18305206370635,1
481,3,7,9,1,2,18.94270287252834,1.5
481,3,7,10,1,3,19.90175230226713,2
481,3,7,11,1,4,25.9617653376045,2.5
481,3,7,12,1,5,23.57877929889278,3
482,5,9,1,0,-8,10.11646546421242,0
482,5,9,2,0,-7,7.960938330076283,0
482,5,9,3,0,-6,10.09265345816708,0
482,5,9,4,0,-5,6.41780294039501,0
482,5,9,5,0,-4,13.42655858498818,0
482,5,9,6,0,-3,9.748370985363158,0
482,5,9,7,0,-2,9.779712294299101,0
482,5,9,8,0,-1,9.220824171621764,0
482,5,9,9,1,0,13.49562044742273,.35
482,5,9,10,1,1,14.91695559721133,.7
482,5,9,11,1,2,17.95472627937762,1.05
482,5,9,12,1,3,17.3252347942314,1.4
483,6,9,1,0,-8,11.8266725202184,0
483,6,9,2,0,-7,13.81751054367516,0
483,6,9,3,0,-6,18.10702152770206,0
483,6,9,4,0,-5,17.69110193237892,0
483,6,9,5,0,-4,16.8294920616295,0
483,6,9,6,0,-3,17.89816212038321,0
483,6,9,7,0,-2,19.86747341657237,0
483,6,9,8,0,-1,19.86212858611872,0
483,6,9,9,1,0,11.32299394705087,.35
483,6,9,10,1,1,16.80095737167253,.7
483,6,9,11,1,2,14.91599379162478,1.05
483,6,9,12,1,3,19.90539058281833,1.4
484,2,5,1,0,-4,11.71670148465535,0
484,2,5,2,0,-3,11.87159430631874,0
484,2,5,3,0,-2,16.34765797659056,0
484,2,5,4,0,-1,22.15090777519836,0
484,2,5,5,1,0,19.18820178211939,.75
484,2,5,6,1,1,16.51124954402932,1.5
484,2,5,7,1,2,24.20285725946096,2.25
484,2,5,8,1,3,24.101030318871,3
484,2,5,9,1,4,24.95886729196795,3.75
484,2,5,10,1,5,23.33175254913719,4.5
484,2,5,11,1,6,25.90891890252567,5.25
484,2,5,12,1,7,32.15265061277012,6
485,1,5,1,0,-4,13.65713489621644,0
485,1,5,2,0,-3,15.16384986711188,0
485,1,5,3,0,-2,11.26130189215474,0
485,1,5,4,0,-1,13.97039156763257,0
485,1,5,5,1,0,17.67172591120345,.75
485,1,5,6,1,1,20.45354276250029,1.5
485,1,5,7,1,2,26.07336911748965,2.25
485,1,5,8,1,3,20.44479286716766,3
485,1,5,9,1,4,17.0028861005749,3.75
485,1,5,10,1,5,24.28201720484726,4.5
485,1,5,11,1,6,23.16663151316754,5.25
485,1,5,12,1,7,27.58339696295412,6
486,7,,1,0,,11.3433222774684,0
486,7,,2,0,,12.45138794772152,0
486,7,,3,0,,18.88877928312747,0
486,7,,4,0,,22.42605093418393,0
486,7,,5,0,,6.642189631298029,0
486,7,,6,0,,16.84159109478425,0
486,7,,7,0,,20.04304889638992,0
486,7,,8,0,,14.48641812181247,0
486,7,,9,0,,18.6654900524874,0
486,7,,10,0,,19.28271825929292,0
486,7,,11,0,,20.27874854511709,0
486,7,,12,0,,22.36386530272293,0
487,1,5,1,0,-4,21.79567541927903,0
487,1,5,2,0,-3,11.18127512099344,0
487,1,5,3,0,-2,17.16987256162215,0
487,1,5,4,0,-1,17.30572665752557,0
487,1,5,5,1,0,19.85951305399951,.75
487,1,5,6,1,1,19.91187548422055,1.5
487,1,5,7,1,2,17.45470750818632,2.25
487,1,5,8,1,3,19.70710126369326,3
487,1,5,9,1,4,24.98759912061906,3.75
487,1,5,10,1,5,24.78592094867839,4.5
487,1,5,11,1,6,24.44910424322214,5.25
487,1,5,12,1,7,33.25842804841038,6
488,1,5,1,0,-4,19.82494077309096,0
488,1,5,2,0,-3,15.52963766809342,0
488,1,5,3,0,-2,19.98569454901522,0
488,1,5,4,0,-1,23.17363738792867,0
488,1,5,5,1,0,22.06433718782221,.75
488,1,5,6,1,1,21.43063152680605,1.5
488,1,5,7,1,2,19.6496786952073,2.25
488,1,5,8,1,3,22.81396347633267,3
488,1,5,9,1,4,26.01450474611234,3.75
488,1,5,10,1,5,24.48659695243379,4.5
488,1,5,11,1,6,25.67762556018218,5.25
488,1,5,12,1,7,27.79286652887095,6
489,3,7,1,0,-6,20.21052599432127,0
489,3,7,2,0,-5,19.89205938091248,0
489,3,7,3,0,-4,20.03830409179889,0
489,3,7,4,0,-3,23.50304477841535,0
489,3,7,5,0,-2,19.6434771095023,0
489,3,7,6,0,-1,20.13022881965617,0
489,3,7,7,1,0,23.02632776130988,.5
489,3,7,8,1,1,23.90960056736227,1
489,3,7,9,1,2,24.56595886500777,1.5
489,3,7,10,1,3,25.35759828022111,2
489,3,7,11,1,4,21.23400643979924,2.5
489,3,7,12,1,5,26.73651528522829,3
490,8,,1,0,,12.43543270287373,0
490,8,,2,0,,10.71461028311167,0
490,8,,3,0,,13.2591532230306,0
490,8,,4,0,,6.374153390506491,0
490,8,,5,0,,17.22783442688426,0
490,8,,6,0,,20.86844061262062,0
490,8,,7,0,,12.81426486828458,0
490,8,,8,0,,12.95084355160259,0
490,8,,9,0,,18.7579748754192,0
490,8,,10,0,,14.79548096321409,0
490,8,,11,0,,13.70606730367223,0
490,8,,12,0,,12.20947261982971,0
491,6,9,1,0,-8,19.03847584733282,0
491,6,9,2,0,-7,17.38704355882417,0
491,6,9,3,0,-6,25.07086544165475,0
491,6,9,4,0,-5,13.77169544042967,0
491,6,9,5,0,-4,22.45081084846512,0
491,6,9,6,0,-3,20.15215948334797,0
491,6,9,7,0,-2,18.55654586933083,0
491,6,9,8,0,-1,18.27679396194141,0
491,6,9,9,1,0,22.35864272357222,.35
491,6,9,10,1,1,23.57491393528235,.7
491,6,9,11,1,2,21.7636361904211,1.05
491,6,9,12,1,3,22.23358194088086,1.4
492,7,,1,0,,8.791398473300511,0
492,7,,2,0,,17.67884139515835,0
492,7,,3,0,,5.736946176332581,0
492,7,,4,0,,15.5278439183329,0
492,7,,5,0,,12.65757911396119,0
492,7,,6,0,,11.84818874780447,0
492,7,,7,0,,8.089582017951656,0
492,7,,8,0,,11.91297913740877,0
492,7,,9,0,,11.04443039606616,0
492,7,,10,0,,12.51649946530413,0
492,7,,11,0,,11.82124701512483,0
492,7,,12,0,,15.58818530215407,0
493,7,,1,0,,17.95600797044271,0
493,7,,2,0,,17.26107931106948,0
493,7,,3,0,,18.7436381946184,0
493,7,,4,0,,22.90595024844291,0
493,7,,5,0,,19.44367336438501,0
493,7,,6,0,,15.29458611725056,0
493,7,,7,0,,20.42177035380826,0
493,7,,8,0,,20.31854856766802,0
493,7,,9,0,,19.51217104660245,0
493,7,,10,0,,22.55416124702073,0
493,7,,11,0,,21.63226134112466,0
493,7,,12,0,,24.85852744616166,0
494,3,7,1,0,-6,10.88301458616491,0
494,3,7,2,0,-5,12.97003194739392,0
494,3,7,3,0,-4,12.95311973667705,0
494,3,7,4,0,-3,14.97434630663512,0
494,3,7,5,0,-2,19.06087753281431,0
494,3,7,6,0,-1,10.97290354982268,0
494,3,7,7,1,0,11.35534094666482,.5
494,3,7,8,1,1,20.65973536862372,1
494,3,7,9,1,2,17.94920475602647,1.5
494,3,7,10,1,3,13.20353634471342,2
494,3,7,11,1,4,17.90983670048142,2.5
494,3,7,12,1,5,21.68930471104095,3
495,6,9,1,0,-8,25.58847824380254,0
495,6,9,2,0,-7,22.08838198629687,0
495,6,9,3,0,-6,24.61980718489214,0
495,6,9,4,0,-5,26.74905891316272,0
495,6,9,5,0,-4,25.00928778584413,0
495,6,9,6,0,-3,30.64687674553851,0
495,6,9,7,0,-2,30.26120132526577,0
495,6,9,8,0,-1,24.75864839622156,0
495,6,9,9,1,0,25.38512422617195,.35
495,6,9,10,1,1,28.62500350300529,.7
495,6,9,11,1,2,26.90890307632271,1.05
495,6,9,12,1,3,27.09199637846945,1.4
496,6,9,1,0,-8,23.3604520353222,0
496,6,9,2,0,-7,20.58670684639484,0
496,6,9,3,0,-6,15.9323610111185,0
496,6,9,4,0,-5,31.20407980974392,0
496,6,9,5,0,-4,26.19937800265586,0
496,6,9,6,0,-3,27.75393880899728,0
496,6,9,7,0,-2,25.78625248356767,0
496,6,9,8,0,-1,28.18816240193365,0
496,6,9,9,1,0,19.50541657537979,.35
496,6,9,10,1,1,24.88748272377721,.7
496,6,9,11,1,2,29.0046617829652,1.05
496,6,9,12,1,3,28.64332454415899,1.4
497,3,7,1,0,-6,17.65493965035187,0
497,3,7,2,0,-5,22.15813756281094,0
497,3,7,3,0,-4,19.67902262278028,0
497,3,7,4,0,-3,16.95117796848065,0
497,3,7,5,0,-2,20.26484690629219,0
497,3,7,6,0,-1,18.93558370354576,0
497,3,7,7,1,0,19.8941588313129,.5
497,3,7,8,1,1,22.55937607773897,1
497,3,7,9,1,2,21.50981273988352,1.5
497,3,7,10,1,3,20.13722772377134,2
497,3,7,11,1,4,27.33562108297061,2.5
497,3,7,12,1,5,25.60575105475646,3
498,1,5,1,0,-4,19.92579159143098,0
498,1,5,2,0,-3,19.80455834577383,0
498,1,5,3,0,-2,20.1891879957226,0
498,1,5,4,0,-1,19.82449968501926,0
498,1,5,5,1,0,22.76537142521973,.75
498,1,5,6,1,1,26.21217588177357,1.5
498,1,5,7,1,2,22.47648399364126,2.25
498,1,5,8,1,3,24.00700487020407,3
498,1,5,9,1,4,26.05799387871847,3.75
498,1,5,10,1,5,28.96997395292958,4.5
498,1,5,11,1,6,24.48225675789755,5.25
498,1,5,12,1,7,30.56397709268059,6
499,6,9,1,0,-8,14.66185780687261,0
499,6,9,2,0,-7,15.45293306307108,0
499,6,9,3,0,-6,17.38016761428589,0
499,6,9,4,0,-5,18.46233553363527,0
499,6,9,5,0,-4,16.34571139684322,0
499,6,9,6,0,-3,16.6500862735209,0
499,6,9,7,0,-2,16.7361496202586,0
499,6,9,8,0,-1,19.47737385096563,0
499,6,9,9,1,0,16.83166379630785,.35
499,6,9,10,1,1,18.88227084459256,.7
499,6,9,11,1,2,19.05319286599703,1.05
499,6,9,12,1,3,16.80192804487906,1.4
500,7,,1,0,,13.01760296170236,0
500,7,,2,0,,16.03674786102047,0
500,7,,3,0,,15.91260995634086,0
500,7,,4,0,,11.03323950567648,0
500,7,,5,0,,12.1519452733499,0
500,7,,6,0,,9.712250752531101,0
500,7,,7,0,,15.7102260038885,0
500,7,,8,0,,11.5764865933658,0
500,7,,9,0,,16.83762592994539,0
500,7,,10,0,,12.28676035175582,0
500,7,,11,0,,15.82402355246115,0
500,7,,12,0,,13.55740713298436,0
501,2,5,1,0,-4,16.29575911941253,0
501,2,5,2,0,-3,16.90232843806172,0
501,2,5,3,0,-2,15.55788762963337,0
501,2,5,4,0,-1,12.14900806289296,0
501,2,5,5,1,0,18.45150050370106,.75
501,2,5,6,1,1,20.23813315241712,1.5
501,2,5,7,1,2,23.85492712282707,2.25
501,2,5,8,1,3,23.61269554252171,3
501,2,5,9,1,4,20.3618082292755,3.75
501,2,5,10,1,5,20.38935788131388,4.5
501,2,5,11,1,6,26.49515808351502,5.25
501,2,5,12,1,7,31.05368768437128,6
502,2,5,1,0,-4,12.42287767693991,0
502,2,5,2,0,-3,14.25024863222661,0
502,2,5,3,0,-2,15.86313796196003,0
502,2,5,4,0,-1,7.522485016525998,0
502,2,5,5,1,0,15.8019014043981,.75
502,2,5,6,1,1,12.50242357505127,1.5
502,2,5,7,1,2,18.10656134552443,2.25
502,2,5,8,1,3,23.18347908542572,3
502,2,5,9,1,4,16.21521319178536,3.75
502,2,5,10,1,5,17.37440123288638,4.5
502,2,5,11,1,6,17.15299618163277,5.25
502,2,5,12,1,7,20.33920064856058,6
503,5,9,1,0,-8,12.31560592022888,0
503,5,9,2,0,-7,14.87977316236579,0
503,5,9,3,0,-6,13.40956004056832,0
503,5,9,4,0,-5,11.74967106098859,0
503,5,9,5,0,-4,14.24282137164804,0
503,5,9,6,0,-3,14.67673147432966,0
503,5,9,7,0,-2,14.63512365652331,0
503,5,9,8,0,-1,11.42641904311302,0
503,5,9,9,1,0,14.12690001384323,.35
503,5,9,10,1,1,12.3813144189929,.7
503,5,9,11,1,2,17.26651995799532,1.05
503,5,9,12,1,3,20.35004042461977,1.4
504,6,9,1,0,-8,14.89534897159748,0
504,6,9,2,0,-7,15.85107837132317,0
504,6,9,3,0,-6,19.23507171480307,0
504,6,9,4,0,-5,17.91594798050851,0
504,6,9,5,0,-4,19.41004336274514,0
504,6,9,6,0,-3,21.01651800556555,0
504,6,9,7,0,-2,20.83144901096265,0
504,6,9,8,0,-1,21.33210804280873,0
504,6,9,9,1,0,18.91666050486577,.35
504,6,9,10,1,1,23.84427966527583,.7
504,6,9,11,1,2,24.56055001652155,1.05
504,6,9,12,1,3,26.52834180141804,1.4
505,8,,1,0,,12.66934857359032,0
505,8,,2,0,,15.1550230206273,0
505,8,,3,0,,21.07309540579028,0
505,8,,4,0,,17.26762097295324,0
505,8,,5,0,,18.60889868040611,0
505,8,,6,0,,18.62183245694229,0
505,8,,7,0,,16.4621059906462,0
505,8,,8,0,,20.68834590936505,0
505,8,,9,0,,19.46195846350739,0
505,8,,10,0,,17.32237941859464,0
505,8,,11,0,,22.84384169304495,0
505,8,,12,0,,21.46336598413468,0
506,2,5,1,0,-4,8.673392814792312,0
506,2,5,2,0,-3,1.410054652113561,0
506,2,5,3,0,-2,9.249884893711489,0
506,2,5,4,0,-1,7.809878911112017,0
506,2,5,5,1,0,4.185527172317855,.75
506,2,5,6,1,1,13.90611442382849,1.5
506,2,5,7,1,2,13.07312954113661,2.25
506,2,5,8,1,3,11.31226459283092,3
506,2,5,9,1,4,11.10384368504303,3.75
506,2,5,10,1,5,15.28737458925981,4.5
506,2,5,11,1,6,17.46265622795082,5.25
506,2,5,12,1,7,22.45860792737746,6
507,3,7,1,0,-6,9.225210955895626,0
507,3,7,2,0,-5,9.076506731385955,0
507,3,7,3,0,-4,13.53797235720286,0
507,3,7,4,0,-3,17.46198669259092,0
507,3,7,5,0,-2,15.78478100955127,0
507,3,7,6,0,-1,19.38306506482862,0
507,3,7,7,1,0,16.71802892507855,.5
507,3,7,8,1,1,17.31702971731428,1
507,3,7,9,1,2,21.72950523439532,1.5
507,3,7,10,1,3,22.14341453625758,2
507,3,7,11,1,4,26.22148485038267,2.5
507,3,7,12,1,5,25.07043925828622,3
508,2,5,1,0,-4,24.09774563163509,0
508,2,5,2,0,-3,17.71216805637772,0
508,2,5,3,0,-2,15.5834707868749,0
508,2,5,4,0,-1,22.14258037580312,0
508,2,5,5,1,0,21.0977715451375,.75
508,2,5,6,1,1,19.59272215604596,1.5
508,2,5,7,1,2,21.12370317696892,2.25
508,2,5,8,1,3,25.13144561431137,3
508,2,5,9,1,4,25.30842331601389,3.75
508,2,5,10,1,5,24.06050723597044,4.5
508,2,5,11,1,6,24.85420755603912,5.25
508,2,5,12,1,7,28.16254078517061,6
509,4,7,1,0,-6,7.604638418268907,0
509,4,7,2,0,-5,15.73648925951989,0
509,4,7,3,0,-4,10.33112639323507,0
509,4,7,4,0,-3,8.32595845344075,0
509,4,7,5,0,-2,11.69828376588675,0
509,4,7,6,0,-1,13.63667536097661,0
509,4,7,7,1,0,13.88123555188409,.5
509,4,7,8,1,1,16.19730889882332,1
509,4,7,9,1,2,13.16926645658663,1.5
509,4,7,10,1,3,18.98456198951887,2
509,4,7,11,1,4,17.33033817155377,2.5
509,4,7,12,1,5,21.76977448034175,3
510,2,5,1,0,-4,20.15832461918514,0
510,2,5,2,0,-3,19.50368819025859,0
510,2,5,3,0,-2,17.95947890002647,0
510,2,5,4,0,-1,17.19713415289878,0
510,2,5,5,1,0,20.45297281142586,.75
510,2,5,6,1,1,15.60772689873821,1.5
510,2,5,7,1,2,23.7831367634019,2.25
510,2,5,8,1,3,22.62727465096361,3
510,2,5,9,1,4,30.4246690335649,3.75
510,2,5,10,1,5,25.07710588931077,4.5
510,2,5,11,1,6,23.78131744314241,5.25
510,2,5,12,1,7,26.9966190487529,6
511,7,,1,0,,20.154854826956,0
511,7,,2,0,,23.6446442390574,0
511,7,,3,0,,21.09125203823984,0
511,7,,4,0,,20.76024338707841,0
511,7,,5,0,,24.51017062438493,0
511,7,,6,0,,20.15334957423281,0
511,7,,7,0,,27.19615651646476,0
511,7,,8,0,,27.82981091529263,0
511,7,,9,0,,26.67511425438094,0
511,7,,10,0,,21.53816239302855,0
511,7,,11,0,,22.30298461399089,0
511,7,,12,0,,22.88828018523102,0
512,3,7,1,0,-6,15.32939521010232,0
512,3,7,2,0,-5,2.943603793781642,0
512,3,7,3,0,-4,14.40617175768323,0
512,3,7,4,0,-3,10.43657784562241,0
512,3,7,5,0,-2,10.05742439450797,0
512,3,7,6,0,-1,11.02714288603015,0
512,3,7,7,1,0,12.50230406020564,.5
512,3,7,8,1,1,16.5269238518354,1
512,3,7,9,1,2,11.10536162273277,1.5
512,3,7,10,1,3,10.63941355667926,2
512,3,7,11,1,4,9.473557801861757,2.5
512,3,7,12,1,5,14.9683999409728,3
513,5,9,1,0,-8,15.72100656590374,0
513,5,9,2,0,-7,14.72863113974931,0
513,5,9,3,0,-6,14.73609694235708,0
513,5,9,4,0,-5,17.0616673320167,0
513,5,9,5,0,-4,11.56993142715385,0
513,5,9,6,0,-3,17.05395726767125,0
513,5,9,7,0,-2,15.26656230370963,0
513,5,9,8,0,-1,14.35609984757368,0
513,5,9,9,1,0,13.97953939834817,.35
513,5,9,10,1,1,20.26600649397344,.7
513,5,9,11,1,2,17.69746501934757,1.05
513,5,9,12,1,3,20.51302246972957,1.4
514,6,9,1,0,-8,25.48161841298962,0
514,6,9,2,0,-7,28.37667435692863,0
514,6,9,3,0,-6,20.61652009517872,0
514,6,9,4,0,-5,22.9716549874724,0
514,6,9,5,0,-4,23.46422578058732,0
514,6,9,6,0,-3,22.88473741200742,0
514,6,9,7,0,-2,23.13208012525559,0
514,6,9,8,0,-1,28.54664169990209,0
514,6,9,9,1,0,25.05271960565483,.35
514,6,9,10,1,1,26.24889477443468,.7
514,6,9,11,1,2,28.12427707989193,1.05
514,6,9,12,1,3,29.26241936549425,1.4
515,5,9,1,0,-8,7.196945688046685,0
515,5,9,2,0,-7,15.25630034918426,0
515,5,9,3,0,-6,6.617566071225685,0
515,5,9,4,0,-5,15.18005184335546,0
515,5,9,5,0,-4,9.341453940215242,0
515,5,9,6,0,-3,10.48112588924733,0
515,5,9,7,0,-2,13.37588018675653,0
515,5,9,8,0,-1,11.46225955155324,0
515,5,9,9,1,0,16.60108216791415,.35
515,5,9,10,1,1,10.62641814761776,.7
515,5,9,11,1,2,17.80621464941101,1.05
515,5,9,12,1,3,12.29666125791503,1.4
516,3,7,1,0,-6,19.32738157408506,0
516,3,7,2,0,-5,16.18712650296421,0
516,3,7,3,0,-4,17.27817649768675,0
516,3,7,4,0,-3,15.66664745064193,0
516,3,7,5,0,-2,13.24221915777055,0
516,3,7,6,0,-1,14.94174422852432,0
516,3,7,7,1,0,19.35876370164146,.5
516,3,7,8,1,1,20.30150510485157,1
516,3,7,9,1,2,21.33194388810602,1.5
516,3,7,10,1,3,21.45472380366985,2
516,3,7,11,1,4,20.66309729133875,2.5
516,3,7,12,1,5,27.32286534044595,3
517,5,9,1,0,-8,18.04208829970561,0
517,5,9,2,0,-7,16.99459886603879,0
517,5,9,3,0,-6,24.79900652692945,0
517,5,9,4,0,-5,25.30176209085359,0
517,5,9,5,0,-4,18.46159148430235,0
517,5,9,6,0,-3,18.70694338814585,0
517,5,9,7,0,-2,20.85229053162454,0
517,5,9,8,0,-1,22.15338612943893,0
517,5,9,9,1,0,24.56420938542495,.35
517,5,9,10,1,1,21.16438892947261,.7
517,5,9,11,1,2,29.66820457336922,1.05
517,5,9,12,1,3,22.93056118655073,1.4
518,2,5,1,0,-4,17.31624739964449,0
518,2,5,2,0,-3,18.63004963607461,0
518,2,5,3,0,-2,19.26148811040838,0
518,2,5,4,0,-1,22.96338999462104,0
518,2,5,5,1,0,23.08775275825808,.75
518,2,5,6,1,1,21.97592003911524,1.5
518,2,5,7,1,2,22.70516248632894,2.25
518,2,5,8,1,3,26.80267113309353,3
518,2,5,9,1,4,24.906293610018,3.75
518,2,5,10,1,5,28.0988095584722,4.5
518,2,5,11,1,6,29.70477037659493,5.25
518,2,5,12,1,7,27.59378561170853,6
519,3,7,1,0,-6,23.82867384693876,0
519,3,7,2,0,-5,20.03309520547639,0
519,3,7,3,0,-4,21.35195474031287,0
519,3,7,4,0,-3,26.01695767377803,0
519,3,7,5,0,-2,23.97518231246952,0
519,3,7,6,0,-1,26.63228780335585,0
519,3,7,7,1,0,23.40439974871919,.5
519,3,7,8,1,1,28.71328050738719,1
519,3,7,9,1,2,25.64442056494932,1.5
519,3,7,10,1,3,29.20885426806241,2
519,3,7,11,1,4,26.13093874432711,2.5
519,3,7,12,1,5,30.75969671841551,3
520,6,9,1,0,-8,22.88354835334784,0
520,6,9,2,0,-7,26.21632391340815,0
520,6,9,3,0,-6,28.06765998233096,0
520,6,9,4,0,-5,25.22645846616135,0
520,6,9,5,0,-4,36.02522189126842,0
520,6,9,6,0,-3,28.77897939828819,0
520,6,9,7,0,-2,31.84985865328654,0
520,6,9,8,0,-1,30.93744667785133,0
520,6,9,9,1,0,31.93228825276505,.35
520,6,9,10,1,1,32.19600555203014,.7
520,6,9,11,1,2,20.89470370912218,1.05
520,6,9,12,1,3,33.39741588530728,1.4
521,8,,1,0,,17.90967856270283,0
521,8,,2,0,,21.99790969843889,0
521,8,,3,0,,18.36276395964887,0
521,8,,4,0,,21.00065047280387,0
521,8,,5,0,,16.71909310769351,0
521,8,,6,0,,16.5650110373822,0
521,8,,7,0,,20.86596389029692,0
521,8,,8,0,,21.44721107569612,0
521,8,,9,0,,19.62529175832763,0
521,8,,10,0,,20.66705818136684,0
521,8,,11,0,,18.33031357125213,0
521,8,,12,0,,22.74794426177525,0
522,5,9,1,0,-8,25.55796581245737,0
522,5,9,2,0,-7,18.53559209909467,0
522,5,9,3,0,-6,27.08517079908409,0
522,5,9,4,0,-5,23.16983680327049,0
522,5,9,5,0,-4,17.6484050790844,0
522,5,9,6,0,-3,24.02786992762754,0
522,5,9,7,0,-2,23.97564546808901,0
522,5,9,8,0,-1,25.06578656484711,0
522,5,9,9,1,0,24.20592034125661,.35
522,5,9,10,1,1,27.20419943529962,.7
522,5,9,11,1,2,20.76091455673464,1.05
522,5,9,12,1,3,26.52661631647972,1.4
523,4,7,1,0,-6,19.77928299527674,0
523,4,7,2,0,-5,19.22303872757861,0
523,4,7,3,0,-4,26.05251116167408,0
523,4,7,4,0,-3,21.65663055762785,0
523,4,7,5,0,-2,18.13593315050295,0
523,4,7,6,0,-1,20.22482046674723,0
523,4,7,7,1,0,18.72495290830473,.5
523,4,7,8,1,1,27.21907706808608,1
523,4,7,9,1,2,17.77338609652247,1.5
523,4,7,10,1,3,23.15898760961912,2
523,4,7,11,1,4,25.81163981198488,2.5
523,4,7,12,1,5,27.91073992305421,3
524,4,7,1,0,-6,5.554459047834992,0
524,4,7,2,0,-5,13.29563180948866,0
524,4,7,3,0,-4,8.135090071100372,0
524,4,7,4,0,-3,6.427492202795946,0
524,4,7,5,0,-2,7.252188914645121,0
524,4,7,6,0,-1,11.53369541013607,0
524,4,7,7,1,0,15.17658502371013,.5
524,4,7,8,1,1,14.11874997508313,1
524,4,7,9,1,2,14.12236249093986,1.5
524,4,7,10,1,3,13.58895734299272,2
524,4,7,11,1,4,15.83465568983381,2.5
524,4,7,12,1,5,18.959202515082,3
525,7,,1,0,,21.1462383366672,0
525,7,,2,0,,23.10101986078732,0
525,7,,3,0,,20.27311667077447,0
525,7,,4,0,,20.87030692705592,0
525,7,,5,0,,20.40510543970571,0
525,7,,6,0,,25.47413330911207,0
525,7,,7,0,,22.54034392822582,0
525,7,,8,0,,22.35397185772409,0
525,7,,9,0,,23.61198236711548,0
525,7,,10,0,,30.93601472376131,0
525,7,,11,0,,31.43582477163445,0
525,7,,12,0,,25.46625544020869,0
526,7,,1,0,,25.1492884813662,0
526,7,,2,0,,24.21209533575908,0
526,7,,3,0,,24.50744133861755,0
526,7,,4,0,,24.70359366388657,0
526,7,,5,0,,22.53219721387679,0
526,7,,6,0,,22.74126888847358,0
526,7,,7,0,,19.93273750480175,0
526,7,,8,0,,24.56632370797933,0
526,7,,9,0,,26.08907478805648,0
526,7,,10,0,,25.12708687692097,0
526,7,,11,0,,24.00687041599323,0
526,7,,12,0,,27.7166925527875,0
527,6,9,1,0,-8,7.470298386474706,0
527,6,9,2,0,-7,5.732811480946071,0
527,6,9,3,0,-6,7.857048023533123,0
527,6,9,4,0,-5,8.97407607866872,0
527,6,9,5,0,-4,10.49694299732946,0
527,6,9,6,0,-3,7.498221530767348,0
527,6,9,7,0,-2,9.392940592491851,0
527,6,9,8,0,-1,9.889600974122716,0
527,6,9,9,1,0,9.116408678126497,.35
527,6,9,10,1,1,9.756414812545412,.7
527,6,9,11,1,2,16.57175342026454,1.05
527,6,9,12,1,3,17.96458492813462,1.4
528,4,7,1,0,-6,16.30225142120011,0
528,4,7,2,0,-5,9.625919359571197,0
528,4,7,3,0,-4,15.60834526943479,0
528,4,7,4,0,-3,14.59923203007225,0
528,4,7,5,0,-2,18.11543921382146,0
528,4,7,6,0,-1,15.80103333907391,0
528,4,7,7,1,0,16.15057111578991,.5
528,4,7,8,1,1,13.72008030089193,1
528,4,7,9,1,2,18.96894358996829,1.5
528,4,7,10,1,3,17.90290445475697,2
528,4,7,11,1,4,14.23463265902121,2.5
528,4,7,12,1,5,24.51990910712806,3
529,7,,1,0,,21.87417397438385,0
529,7,,2,0,,20.32654320971274,0
529,7,,3,0,,14.54892027822088,0
529,7,,4,0,,16.33416001861933,0
529,7,,5,0,,18.84306669695886,0
529,7,,6,0,,20.28438872755144,0
529,7,,7,0,,25.03562897257829,0
529,7,,8,0,,21.70047176570569,0
529,7,,9,0,,20.5274202575662,0
529,7,,10,0,,24.34248897813838,0
529,7,,11,0,,23.84456498377352,0
529,7,,12,0,,25.16140651536097,0
530,3,7,1,0,-6,32.91973650453919,0
530,3,7,2,0,-5,24.92682220984538,0
530,3,7,3,0,-4,37.24940109998111,0
530,3,7,4,0,-3,30.84254445302808,0
530,3,7,5,0,-2,27.88563287100718,0
530,3,7,6,0,-1,31.75472541169988,0
530,3,7,7,1,0,28.05158278990605,.5
530,3,7,8,1,1,28.93075515581319,1
530,3,7,9,1,2,38.02311466489038,1.5
530,3,7,10,1,3,33.31664298437955,2
530,3,7,11,1,4,34.85523051167542,2.5
530,3,7,12,1,5,30.96668364122792,3
531,6,9,1,0,-8,14.51224861510589,0
531,6,9,2,0,-7,16.05085244411586,0
531,6,9,3,0,-6,18.33153323727891,0
531,6,9,4,0,-5,17.44783233385992,0
531,6,9,5,0,-4,17.33157135097788,0
531,6,9,6,0,-3,16.92704531219917,0
531,6,9,7,0,-2,15.92684955287598,0
531,6,9,8,0,-1,20.3229152205772,0
531,6,9,9,1,0,19.12391730611328,.35
531,6,9,10,1,1,24.03960167357807,.7
531,6,9,11,1,2,21.06430754917827,1.05
531,6,9,12,1,3,23.90758297566953,1.4
532,6,9,1,0,-8,14.16933842138465,0
532,6,9,2,0,-7,18.10061901402306,0
532,6,9,3,0,-6,17.54037165944484,0
532,6,9,4,0,-5,17.37647750353595,0
532,6,9,5,0,-4,19.23032086910105,0
532,6,9,6,0,-3,21.88583278137887,0
532,6,9,7,0,-2,22.84973963647598,0
532,6,9,8,0,-1,17.19910541145565,0
532,6,9,9,1,0,16.37774672546997,.35
532,6,9,10,1,1,16.05477075737666,.7
532,6,9,11,1,2,17.15879745157791,1.05
532,6,9,12,1,3,21.07858722580957,1.4
533,4,7,1,0,-6,5.313701201242019,0
533,4,7,2,0,-5,12.61895329050923,0
533,4,7,3,0,-4,9.557009598360583,0
533,4,7,4,0,-3,11.74211818803253,0
533,4,7,5,0,-2,6.173868294199428,0
533,4,7,6,0,-1,6.80024499380866,0
533,4,7,7,1,0,10.79210903828778,.5
533,4,7,8,1,1,9.48474480049385,1
533,4,7,9,1,2,10.8487493046103,1.5
533,4,7,10,1,3,17.27481795447439,2
533,4,7,11,1,4,14.7001374501416,2.5
533,4,7,12,1,5,19.35984779750989,3
534,7,,1,0,,22.86195558039165,0
534,7,,2,0,,24.01832509293283,0
534,7,,3,0,,15.12432150423864,0
534,7,,4,0,,23.67159042606307,0
534,7,,5,0,,20.13128286550261,0
534,7,,6,0,,20.09855229635059,0
534,7,,7,0,,19.6567777666106,0
534,7,,8,0,,26.34450731159672,0
534,7,,9,0,,21.87365349774559,0
534,7,,10,0,,26.45253147017601,0
534,7,,11,0,,28.43741519568954,0
534,7,,12,0,,27.47642533385597,0
535,6,9,1,0,-8,8.337670415775175,0
535,6,9,2,0,-7,8.771207027721886,0
535,6,9,3,0,-6,11.3102334776362,0
535,6,9,4,0,-5,15.6995686346709,0
535,6,9,5,0,-4,12.64740421871907,0
535,6,9,6,0,-3,16.04545363110896,0
535,6,9,7,0,-2,11.25550443139691,0
535,6,9,8,0,-1,18.34272974591708,0
535,6,9,9,1,0,17.2081982243584,.35
535,6,9,10,1,1,13.46645185547674,.7
535,6,9,11,1,2,15.45771676971161,1.05
535,6,9,12,1,3,18.80629461083721,1.4
536,5,9,1,0,-8,23.12798346980878,0
536,5,9,2,0,-7,19.79639254732516,0
536,5,9,3,0,-6,17.36047938536866,0
536,5,9,4,0,-5,19.18428140643459,0
536,5,9,5,0,-4,12.70005772289404,0
536,5,9,6,0,-3,16.14779905860201,0
536,5,9,7,0,-2,16.15218174987429,0
536,5,9,8,0,-1,20.17740851150165,0
536,5,9,9,1,0,17.03668826226961,.35
536,5,9,10,1,1,19.8751406892227,.7
536,5,9,11,1,2,19.88473799822129,1.05
536,5,9,12,1,3,20.56123815122143,1.4
537,4,7,1,0,-6,17.61711081743952,0
537,4,7,2,0,-5,19.35567641558968,0
537,4,7,3,0,-4,15.93771900195544,0
537,4,7,4,0,-3,20.13708050450257,0
537,4,7,5,0,-2,20.86008323972636,0
537,4,7,6,0,-1,21.35431279678539,0
537,4,7,7,1,0,19.79145428478376,.5
537,4,7,8,1,1,13.42521107399584,1
537,4,7,9,1,2,20.16832101781112,1.5
537,4,7,10,1,3,20.7686119071941,2
537,4,7,11,1,4,22.50182233563561,2.5
537,4,7,12,1,5,31.08736406842558,3
538,3,7,1,0,-6,14.72881496560636,0
538,3,7,2,0,-5,15.02683003814745,0
538,3,7,3,0,-4,12.91056859702494,0
538,3,7,4,0,-3,20.22492855051257,0
538,3,7,5,0,-2,11.1225781260789,0
538,3,7,6,0,-1,16.131583569634,0
538,3,7,7,1,0,16.52643145242958,.5
538,3,7,8,1,1,17.27787787381046,1
538,3,7,9,1,2,14.92198606468285,1.5
538,3,7,10,1,3,20.72565081362087,2
538,3,7,11,1,4,19.29229279673757,2.5
538,3,7,12,1,5,22.68259952294626,3
539,4,7,1,0,-6,13.4250699454071,0
539,4,7,2,0,-5,16.33816651867722,0
539,4,7,3,0,-4,16.90916216290953,0
539,4,7,4,0,-3,24.523880863234,0
539,4,7,5,0,-2,18.58518009532636,0
539,4,7,6,0,-1,22.54398743574638,0
539,4,7,7,1,0,21.170305512778,.5
539,4,7,8,1,1,27.32964785200456,1
539,4,7,9,1,2,23.94727024819294,1.5
539,4,7,10,1,3,21.48352989632308,2
539,4,7,11,1,4,26.98304943955922,2.5
539,4,7,12,1,5,21.06902299574785,3
540,1,5,1,0,-4,15.68763725495914,0
540,1,5,2,0,-3,11.09608189856215,0
540,1,5,3,0,-2,13.3423811856741,0
540,1,5,4,0,-1,13.30919742313093,0
540,1,5,5,1,0,17.44109634780935,.75
540,1,5,6,1,1,14.80864198684771,1.5
540,1,5,7,1,2,16.37566205385295,2.25
540,1,5,8,1,3,19.54291974839777,3
540,1,5,9,1,4,15.29530854563212,3.75
540,1,5,10,1,5,17.07255186326174,4.5
540,1,5,11,1,6,22.8970739176037,5.25
540,1,5,12,1,7,27.10021240015748,6
541,1,5,1,0,-4,15.41529473267439,0
541,1,5,2,0,-3,18.9739416287234,0
541,1,5,3,0,-2,12.54981118479477,0
541,1,5,4,0,-1,18.03891039819548,0
541,1,5,5,1,0,21.50672201965254,.75
541,1,5,6,1,1,16.58454607597613,1.5
541,1,5,7,1,2,21.18094512461553,2.25
541,1,5,8,1,3,21.51408678272291,3
541,1,5,9,1,4,21.36326410634441,3.75
541,1,5,10,1,5,20.44140846053888,4.5
541,1,5,11,1,6,23.1817285998204,5.25
541,1,5,12,1,7,26.72444032009825,6
542,2,5,1,0,-4,13.91984867386274,0
542,2,5,2,0,-3,16.66440627413935,0
542,2,5,3,0,-2,14.27757196802433,0
542,2,5,4,0,-1,11.59340006054972,0
542,2,5,5,1,0,17.32514623100279,.75
542,2,5,6,1,1,23.22718849527558,1.5
542,2,5,7,1,2,19.83509258485336,2.25
542,2,5,8,1,3,23.56993423364851,3
542,2,5,9,1,4,21.59643291698722,3.75
542,2,5,10,1,5,19.00534063356497,4.5
542,2,5,11,1,6,21.47438510342847,5.25
542,2,5,12,1,7,30.79505318009277,6
543,8,,1,0,,19.4227492500154,0
543,8,,2,0,,24.01746818723019,0
543,8,,3,0,,22.90930285648788,0
543,8,,4,0,,25.50466769980324,0
543,8,,5,0,,28.21233920429119,0
543,8,,6,0,,32.93678241415081,0
543,8,,7,0,,22.36618679631871,0
543,8,,8,0,,25.67199623030461,0
543,8,,9,0,,28.68921669840586,0
543,8,,10,0,,27.22529202108579,0
543,8,,11,0,,23.9312254320279,0
543,8,,12,0,,24.63994649911568,0
544,6,9,1,0,-8,20.09587510506747,0
544,6,9,2,0,-7,17.00629289115078,0
544,6,9,3,0,-6,13.57791453167067,0
544,6,9,4,0,-5,16.22772324793423,0
544,6,9,5,0,-4,17.11518990052211,0
544,6,9,6,0,-3,25.07875477490727,0
544,6,9,7,0,-2,13.22539695059072,0
544,6,9,8,0,-1,26.25077162457888,0
544,6,9,9,1,0,22.13271244846389,.35
544,6,9,10,1,1,16.03688872193552,.7
544,6,9,11,1,2,21.79620533023025,1.05
544,6,9,12,1,3,20.67550449354959,1.4
545,6,9,1,0,-8,15.19706519999585,0
545,6,9,2,0,-7,15.9489757491307,0
545,6,9,3,0,-6,14.26436860249307,0
545,6,9,4,0,-5,11.60630513025414,0
545,6,9,5,0,-4,16.60616324793491,0
545,6,9,6,0,-3,12.63286126088805,0
545,6,9,7,0,-2,14.1929375919623,0
545,6,9,8,0,-1,16.58164191979677,0
545,6,9,9,1,0,14.77384073272775,.35
545,6,9,10,1,1,14.94435577806557,.7
545,6,9,11,1,2,17.30757192307809,1.05
545,6,9,12,1,3,15.08051823799102,1.4
546,5,9,1,0,-8,15.50619073493479,0
546,5,9,2,0,-7,13.86815070859634,0
546,5,9,3,0,-6,17.53312540886224,0
546,5,9,4,0,-5,20.61408477158862,0
546,5,9,5,0,-4,11.52927476884909,0
546,5,9,6,0,-3,15.91660239617285,0
546,5,9,7,0,-2,15.82486375484045,0
546,5,9,8,0,-1,22.64842340733437,0
546,5,9,9,1,0,21.82543440425336,.35
546,5,9,10,1,1,11.49062060777336,.7
546,5,9,11,1,2,22.87078941136082,1.05
546,5,9,12,1,3,22.70259026125805,1.4
547,5,9,1,0,-8,26.40453817965055,0
547,5,9,2,0,-7,15.06937591878324,0
547,5,9,3,0,-6,19.1794233815144,0
547,5,9,4,0,-5,25.416675567769,0
547,5,9,5,0,-4,19.69883097312514,0
547,5,9,6,0,-3,21.02901267861836,0
547,5,9,7,0,-2,19.669116829425,0
547,5,9,8,0,-1,16.28986118694014,0
547,5,9,9,1,0,26.48489784027328,.35
547,5,9,10,1,1,25.68650201767444,.7
547,5,9,11,1,2,18.35901416540847,1.05
547,5,9,12,1,3,23.14884128753511,1.4
548,4,7,1,0,-6,16.02958532516462,0
548,4,7,2,0,-5,12.33862131790511,0
548,4,7,3,0,-4,19.73167334029061,0
548,4,7,4,0,-3,15.19049548787488,0
548,4,7,5,0,-2,12.92524867598417,0
548,4,7,6,0,-1,22.24687054523761,0
548,4,7,7,1,0,22.44746507187234,.5
548,4,7,8,1,1,19.24250611243433,1
548,4,7,9,1,2,20.90322818664177,1.5
548,4,7,10,1,3,20.68045313148281,2
548,4,7,11,1,4,24.09518238109786,2.5
548,4,7,12,1,5,19.81361860621332,3
549,1,5,1,0,-4,10.20645608416447,0
549,1,5,2,0,-3,17.35347450298265,0
549,1,5,3,0,-2,10.06882709327257,0
549,1,5,4,0,-1,15.33446763141043,0
549,1,5,5,1,0,11.5219663637725,.75
549,1,5,6,1,1,21.84778020432632,1.5
549,1,5,7,1,2,16.11838775738007,2.25
549,1,5,8,1,3,24.64432979063538,3
549,1,5,9,1,4,27.9438236571679,3.75
549,1,5,10,1,5,22.74879451372546,4.5
549,1,5,11,1,6,24.55618026379888,5.25
549,1,5,12,1,7,19.03661074686611,6
550,7,,1,0,,19.41645089269008,0
550,7,,2,0,,16.77843938041623,0
550,7,,3,0,,17.07491418179753,0
550,7,,4,0,,19.2754227498675,0
550,7,,5,0,,24.45364294095294,0
550,7,,6,0,,19.0434548666117,0
550,7,,7,0,,18.91688967768689,0
550,7,,8,0,,25.80290166682441,0
550,7,,9,0,,23.13287076481497,0
550,7,,10,0,,19.0070937172765,0
550,7,,11,0,,16.7486877789406,0
550,7,,12,0,,25.10443827571153,0
551,8,,1,0,,13.80753433084768,0
551,8,,2,0,,14.63700015868055,0
551,8,,3,0,,14.65676457806009,0
551,8,,4,0,,17.96952116953266,0
551,8,,5,0,,14.20760218838499,0
551,8,,6,0,,17.77564330687316,0
551,8,,7,0,,19.46165511587951,0
551,8,,8,0,,18.03565187262283,0
551,8,,9,0,,10.83118970350584,0
551,8,,10,0,,13.2107257427015,0
551,8,,11,0,,15.54014172682555,0
551,8,,12,0,,20.28209375465972,0
552,2,5,1,0,-4,6.57474152536968,0
552,2,5,2,0,-3,11.35874944652766,0
552,2,5,3,0,-2,7.349423818860163,0
552,2,5,4,0,-1,12.61950411050613,0
552,2,5,5,1,0,11.50937852189701,.75
552,2,5,6,1,1,15.84481134982556,1.5
552,2,5,7,1,2,13.59595429600716,2.25
552,2,5,8,1,3,14.47124061824829,3
552,2,5,9,1,4,20.89041265995823,3.75
552,2,5,10,1,5,13.70595154114119,4.5
552,2,5,11,1,6,20.93181877681776,5.25
552,2,5,12,1,7,17.929248352065,6
553,7,,1,0,,18.62923407384869,0
553,7,,2,0,,17.74065296675079,0
553,7,,3,0,,24.1689564058774,0
553,7,,4,0,,20.09560488816401,0
553,7,,5,0,,18.39906569773203,0
553,7,,6,0,,23.90185180102748,0
553,7,,7,0,,19.89846456048512,0
553,7,,8,0,,20.07008534922711,0
553,7,,9,0,,16.41642311045167,0
553,7,,10,0,,15.53670400552816,0
553,7,,11,0,,20.98107247390708,0
553,7,,12,0,,22.03269872858311,0
554,3,7,1,0,-6,7.975878208032348,0
554,3,7,2,0,-5,10.44704620642359,0
554,3,7,3,0,-4,17.3085728496256,0
554,3,7,4,0,-3,14.00417999357545,0
554,3,7,5,0,-2,13.62714978743351,0
554,3,7,6,0,-1,8.784013019637442,0
554,3,7,7,1,0,13.96635648079745,.5
554,3,7,8,1,1,16.05696528136523,1
554,3,7,9,1,2,17.01904540151781,1.5
554,3,7,10,1,3,16.41347773843004,2
554,3,7,11,1,4,17.3939945318387,2.5
554,3,7,12,1,5,19.14510855640559,3
555,4,7,1,0,-6,28.70410697470086,0
555,4,7,2,0,-5,21.78040169999949,0
555,4,7,3,0,-4,23.30835220625932,0
555,4,7,4,0,-3,19.52578539253381,0
555,4,7,5,0,-2,19.64681563163216,0
555,4,7,6,0,-1,21.77544758194316,0
555,4,7,7,1,0,17.3843074898907,.5
555,4,7,8,1,1,26.58307364408116,1
555,4,7,9,1,2,24.3743022295148,1.5
555,4,7,10,1,3,21.29967971123236,2
555,4,7,11,1,4,28.92198389555892,2.5
555,4,7,12,1,5,26.98100468732871,3
556,4,7,1,0,-6,16.84231207143354,0
556,4,7,2,0,-5,15.01804375238143,0
556,4,7,3,0,-4,11.69072912887259,0
556,4,7,4,0,-3,12.59015926085576,0
556,4,7,5,0,-2,21.53967059307712,0
556,4,7,6,0,-1,10.72030461944305,0
556,4,7,7,1,0,18.90426564909992,.5
556,4,7,8,1,1,16.83237578781565,1
556,4,7,9,1,2,20.00294185430416,1.5
556,4,7,10,1,3,15.88063126793247,2
556,4,7,11,1,4,18.90825633174844,2.5
556,4,7,12,1,5,22.10795323310408,3
557,5,9,1,0,-8,17.27518857031185,0
557,5,9,2,0,-7,29.1915938649071,0
557,5,9,3,0,-6,24.99161075284841,0
557,5,9,4,0,-5,28.23072298162273,0
557,5,9,5,0,-4,15.85724685621845,0
557,5,9,6,0,-3,25.32068156191355,0
557,5,9,7,0,-2,23.91320506278451,0
557,5,9,8,0,-1,32.82321749758886,0
557,5,9,9,1,0,25.95719277212813,.35
557,5,9,10,1,1,28.88352284768452,.7
557,5,9,11,1,2,28.95212000545573,1.05
557,5,9,12,1,3,29.61627713036949,1.4
558,4,7,1,0,-6,17.19169342004362,0
558,4,7,2,0,-5,20.31357724275754,0
558,4,7,3,0,-4,18.74287020114555,0
558,4,7,4,0,-3,19.56489348403649,0
558,4,7,5,0,-2,23.07626305135519,0
558,4,7,6,0,-1,20.24867677476828,0
558,4,7,7,1,0,24.69402880499948,.5
558,4,7,8,1,1,22.13272158084945,1
558,4,7,9,1,2,19.37916656380766,1.5
558,4,7,10,1,3,26.47916241303113,2
558,4,7,11,1,4,23.03994783682244,2.5
558,4,7,12,1,5,19.64006659337779,3
559,3,7,1,0,-6,17.89965358477949,0
559,3,7,2,0,-5,13.04224955756447,0
559,3,7,3,0,-4,17.02438205405552,0
559,3,7,4,0,-3,16.8548939681088,0
559,3,7,5,0,-2,18.96369219120977,0
559,3,7,6,0,-1,16.02245523365788,0
559,3,7,7,1,0,15.62318145579796,.5
559,3,7,8,1,1,11.04518666636556,1
559,3,7,9,1,2,15.11673321867653,1.5
559,3,7,10,1,3,19.89247795077431,2
559,3,7,11,1,4,22.53149273455776,2.5
559,3,7,12,1,5,15.75951725331464,3
560,4,7,1,0,-6,26.14433810084761,0
560,4,7,2,0,-5,36.04491975209883,0
560,4,7,3,0,-4,32.60293368376815,0
560,4,7,4,0,-3,27.69105214943289,0
560,4,7,5,0,-2,27.35676997854353,0
560,4,7,6,0,-1,23.81376693397334,0
560,4,7,7,1,0,21.78001593625913,.5
560,4,7,8,1,1,31.75885603322492,1
560,4,7,9,1,2,30.24709455296763,1.5
560,4,7,10,1,3,31.41273609237459,2
560,4,7,11,1,4,28.30748125189637,2.5
560,4,7,12,1,5,34.03457089374702,3
561,7,,1,0,,21.81934208572343,0
561,7,,2,0,,24.78944661220737,0
561,7,,3,0,,18.93112194781949,0
561,7,,4,0,,20.49888004548422,0
561,7,,5,0,,25.67068053578667,0
561,7,,6,0,,25.42470266094202,0
561,7,,7,0,,22.57493828029092,0
561,7,,8,0,,27.98189069303673,0
561,7,,9,0,,22.83997332567864,0
561,7,,10,0,,19.12478827681473,0
561,7,,11,0,,22.28239197846996,0
561,7,,12,0,,22.74675130185533,0
562,6,9,1,0,-8,16.46729517744058,0
562,6,9,2,0,-7,21.36573600076469,0
562,6,9,3,0,-6,23.39364480324442,0
562,6,9,4,0,-5,18.66921194322459,0
562,6,9,5,0,-4,20.7878597270735,0
562,6,9,6,0,-3,16.23345101401664,0
562,6,9,7,0,-2,26.91762084997049,0
562,6,9,8,0,-1,23.89002418499013,0
562,6,9,9,1,0,20.96140684380891,.35
562,6,9,10,1,1,22.60690831397143,.7
562,6,9,11,1,2,24.93491695577006,1.05
562,6,9,12,1,3,26.52812314774783,1.4
563,5,9,1,0,-8,6.256757046575595,0
563,5,9,2,0,-7,14.98011669679772,0
563,5,9,3,0,-6,13.89648231574548,0
563,5,9,4,0,-5,16.49115532125125,0
563,5,9,5,0,-4,16.71643477427837,0
563,5,9,6,0,-3,10.98276378390547,0
563,5,9,7,0,-2,16.06699693091648,0
563,5,9,8,0,-1,15.50889669559387,0
563,5,9,9,1,0,12.15166016220165,.35
563,5,9,10,1,1,14.70411599728338,.7
563,5,9,11,1,2,12.51407059013408,1.05
563,5,9,12,1,3,16.04887921341964,1.4
564,6,9,1,0,-8,17.66802331441716,0
564,6,9,2,0,-7,24.61558671665385,0
564,6,9,3,0,-6,17.0501944333516,0
564,6,9,4,0,-5,20.24964374021983,0
564,6,9,5,0,-4,21.03136896683833,0
564,6,9,6,0,-3,18.26820802420517,0
564,6,9,7,0,-2,18.6225881985169,0
564,6,9,8,0,-1,27.18365362229158,0
564,6,9,9,1,0,22.82848502346841,.35
564,6,9,10,1,1,18.76736887315862,.7
564,6,9,11,1,2,21.94041509178178,1.05
564,6,9,12,1,3,24.90192885076103,1.4
565,3,7,1,0,-6,26.60805933238552,0
565,3,7,2,0,-5,21.97901528481958,0
565,3,7,3,0,-4,23.52635026105972,0
565,3,7,4,0,-3,22.17804744473824,0
565,3,7,5,0,-2,22.75660488570428,0
565,3,7,6,0,-1,21.52927332713879,0
565,3,7,7,1,0,27.0038672578925,.5
565,3,7,8,1,1,29.32480734616286,1
565,3,7,9,1,2,25.02238082926966,1.5
565,3,7,10,1,3,26.09109983037083,2
565,3,7,11,1,4,18.63237264891635,2.5
565,3,7,12,1,5,27.78178451110795,3
566,5,9,1,0,-8,25.19777138776655,0
566,5,9,2,0,-7,20.37410474749809,0
566,5,9,3,0,-6,25.73321480040538,0
566,5,9,4,0,-5,19.57854562586198,0
566,5,9,5,0,-4,24.92039606091161,0
566,5,9,6,0,-3,24.46844233016294,0
566,5,9,7,0,-2,24.81681449113519,0
566,5,9,8,0,-1,21.34058566168137,0
566,5,9,9,1,0,21.21098805609403,.35
566,5,9,10,1,1,19.60741319290571,.7
566,5,9,11,1,2,18.52587219052663,1.05
566,5,9,12,1,3,19.49000916887443,1.4
567,6,9,1,0,-8,18.26243668228457,0
567,6,9,2,0,-7,16.40358490925374,0
567,6,9,3,0,-6,15.1121731894728,0
567,6,9,4,0,-5,21.08275355880411,0
567,6,9,5,0,-4,18.08382631460432,0
567,6,9,6,0,-3,17.25368370046325,0
567,6,9,7,0,-2,12.78174615488323,0
567,6,9,8,0,-1,16.17778038710635,0
567,6,9,9,1,0,18.86473388609546,.35
567,6,9,10,1,1,21.83091835051417,.7
567,6,9,11,1,2,23.28904368845716,1.05
567,6,9,12,1,3,21.71503026206299,1.4
568,4,7,1,0,-6,4.564378277991391,0
568,4,7,2,0,-5,6.636783986614026,0
568,4,7,3,0,-4,9.299056914944968,0
568,4,7,4,0,-3,10.78521989846838,0
568,4,7,5,0,-2,5.125603645852631,0
568,4,7,6,0,-1,9.568153637063364,0
568,4,7,7,1,0,8.614439388994398,.5
568,4,7,8,1,1,14.56113244394521,1
568,4,7,9,1,2,14.16379187839006,1.5
568,4,7,10,1,3,15.9084067838404,2
568,4,7,11,1,4,17.16868917793938,2.5
568,4,7,12,1,5,19.91904555474336,3
569,2,5,1,0,-4,24.89393929950639,0
569,2,5,2,0,-3,17.68626413432388,0
569,2,5,3,0,-2,21.63077766675762,0
569,2,5,4,0,-1,12.57910190221849,0
569,2,5,5,1,0,19.94718080569025,.75
569,2,5,6,1,1,23.07965907762546,1.5
569,2,5,7,1,2,22.85045313343404,2.25
569,2,5,8,1,3,24.91173267613855,3
569,2,5,9,1,4,30.31798907136305,3.75
569,2,5,10,1,5,25.88741421746569,4.5
569,2,5,11,1,6,32.72438579686091,5.25
569,2,5,12,1,7,30.24940833296453,6
570,4,7,1,0,-6,25.70772939400035,0
570,4,7,2,0,-5,25.80503173136307,0
570,4,7,3,0,-4,21.49629913741235,0
570,4,7,4,0,-3,26.17432157858482,0
570,4,7,5,0,-2,28.34672598150668,0
570,4,7,6,0,-1,29.03665730410516,0
570,4,7,7,1,0,22.78839305210174,.5
570,4,7,8,1,1,28.12241845410418,1
570,4,7,9,1,2,37.67000745555939,1.5
570,4,7,10,1,3,36.19400777719937,2
570,4,7,11,1,4,31.24603671550527,2.5
570,4,7,12,1,5,30.96045796686011,3
571,2,5,1,0,-4,19.74349461067251,0
571,2,5,2,0,-3,19.06859800353514,0
571,2,5,3,0,-2,19.65105037162984,0
571,2,5,4,0,-1,18.79430929608223,0
571,2,5,5,1,0,21.45337467810137,.75
571,2,5,6,1,1,21.87800194245986,1.5
571,2,5,7,1,2,18.65745036148244,2.25
571,2,5,8,1,3,23.94469830057309,3
571,2,5,9,1,4,27.22272364464199,3.75
571,2,5,10,1,5,30.8207052565972,4.5
571,2,5,11,1,6,24.4111019317629,5.25
571,2,5,12,1,7,33.33336147809015,6
572,2,5,1,0,-4,21.67297104556348,0
572,2,5,2,0,-3,20.81721524335869,0
572,2,5,3,0,-2,25.28388683877039,0
572,2,5,4,0,-1,26.65527814388856,0
572,2,5,5,1,0,30.70929281973092,.75
572,2,5,6,1,1,22.38344200809599,1.5
572,2,5,7,1,2,26.39868379059451,2.25
572,2,5,8,1,3,23.40597622915057,3
572,2,5,9,1,4,26.8852093660651,3.75
572,2,5,10,1,5,28.9151185390639,4.5
572,2,5,11,1,6,33.62031963399154,5.25
572,2,5,12,1,7,26.68649236790106,6
573,7,,1,0,,11.66601740561231,0
573,7,,2,0,,15.04267552883293,0
573,7,,3,0,,14.26591167639574,0
573,7,,4,0,,15.52890091658469,0
573,7,,5,0,,15.17821664093409,0
573,7,,6,0,,13.09443331592357,0
573,7,,7,0,,12.6305478436413,0
573,7,,8,0,,9.542773662295973,0
573,7,,9,0,,11.9626144567025,0
573,7,,10,0,,11.53149415513111,0
573,7,,11,0,,16.52203580743362,0
573,7,,12,0,,18.21310804990365,0
574,6,9,1,0,-8,16.83402613930097,0
574,6,9,2,0,-7,17.91942928378303,0
574,6,9,3,0,-6,13.76850279752525,0
574,6,9,4,0,-5,23.8554850431909,0
574,6,9,5,0,-4,16.72411693628163,0
574,6,9,6,0,-3,16.47314187944346,0
574,6,9,7,0,-2,21.20316942159851,0
574,6,9,8,0,-1,20.21300313589773,0
574,6,9,9,1,0,22.82548394845345,.35
574,6,9,10,1,1,20.29583623630582,.7
574,6,9,11,1,2,23.63391073000977,1.05
574,6,9,12,1,3,26.31928230709303,1.4
575,6,9,1,0,-8,27.9597194874233,0
575,6,9,2,0,-7,26.37694589067271,0
575,6,9,3,0,-6,22.83438910476722,0
575,6,9,4,0,-5,24.37443793702965,0
575,6,9,5,0,-4,22.36342471865063,0
575,6,9,6,0,-3,23.41202216732755,0
575,6,9,7,0,-2,26.84267677669864,0
575,6,9,8,0,-1,28.38512004247546,0
575,6,9,9,1,0,22.74473538330117,.35
575,6,9,10,1,1,27.22574032346752,.7
575,6,9,11,1,2,29.12908358580108,1.05
575,6,9,12,1,3,35.84231218008975,1.4
576,2,5,1,0,-4,17.81897929584475,0
576,2,5,2,0,-3,20.134637226179,0
576,2,5,3,0,-2,27.05266732629689,0
576,2,5,4,0,-1,22.01887295197132,0
576,2,5,5,1,0,19.48892796060518,.75
576,2,5,6,1,1,23.6814211450238,1.5
576,2,5,7,1,2,20.44204924364836,2.25
576,2,5,8,1,3,25.06198629950648,3
576,2,5,9,1,4,20.67365973447899,3.75
576,2,5,10,1,5,23.69984183896646,4.5
576,2,5,11,1,6,25.07794347153803,5.25
576,2,5,12,1,7,25.76552861803527,6
577,3,7,1,0,-6,26.74796676925515,0
577,3,7,2,0,-5,22.09395023216237,0
577,3,7,3,0,-4,28.768928564631,0
577,3,7,4,0,-3,24.81804360272279,0
577,3,7,5,0,-2,29.0387395295745,0
577,3,7,6,0,-1,29.95628902220259,0
577,3,7,7,1,0,28.52287941963743,.5
577,3,7,8,1,1,25.06088677572797,1
577,3,7,9,1,2,31.90442064447161,1.5
577,3,7,10,1,3,32.70502310495726,2
577,3,7,11,1,4,22.20332933269785,2.5
577,3,7,12,1,5,33.41605852002493,3
578,5,9,1,0,-8,5.679485056985214,0
578,5,9,2,0,-7,3.655692946752069,0
578,5,9,3,0,-6,5.104323974423439,0
578,5,9,4,0,-5,6.441966649501873,0
578,5,9,5,0,-4,3.383290236958802,0
578,5,9,6,0,-3,4.498983775088431,0
578,5,9,7,0,-2,9.265619445861931,0
578,5,9,8,0,-1,7.178660030110997,0
578,5,9,9,1,0,13.11048642360601,.35
578,5,9,10,1,1,7.642418945406692,.7
578,5,9,11,1,2,11.52648391645467,1.05
578,5,9,12,1,3,13.52744315054401,1.4
579,5,9,1,0,-8,7.566576323030944,0
579,5,9,2,0,-7,9.729586019756422,0
579,5,9,3,0,-6,9.778900790656252,0
579,5,9,4,0,-5,12.87572309853228,0
579,5,9,5,0,-4,11.82589578477147,0
579,5,9,6,0,-3,9.347814734901863,0
579,5,9,7,0,-2,10.9812444253479,0
579,5,9,8,0,-1,18.31927427812466,0
579,5,9,9,1,0,6.645382875786323,.35
579,5,9,10,1,1,11.78902242363769,.7
579,5,9,11,1,2,13.2852516220264,1.05
579,5,9,12,1,3,20.31938490543694,1.4
580,3,7,1,0,-6,10.84182502359096,0
580,3,7,2,0,-5,15.36833054498595,0
580,3,7,3,0,-4,12.33709804351679,0
580,3,7,4,0,-3,18.28753080433604,0
580,3,7,5,0,-2,12.70013162804912,0
580,3,7,6,0,-1,15.27838076308408,0
580,3,7,7,1,0,13.78738275519635,.5
580,3,7,8,1,1,16.91956640120742,1
580,3,7,9,1,2,13.47852101989758,1.5
580,3,7,10,1,3,20.10008130475225,2
580,3,7,11,1,4,17.88070420834198,2.5
580,3,7,12,1,5,20.92572841300647,3
581,6,9,1,0,-8,14.2540069805169,0
581,6,9,2,0,-7,11.93788063801783,0
581,6,9,3,0,-6,17.32966288388229,0
581,6,9,4,0,-5,18.4081568574569,0
581,6,9,5,0,-4,12.31579483423777,0
581,6,9,6,0,-3,14.8155516733855,0
581,6,9,7,0,-2,12.30333165155487,0
581,6,9,8,0,-1,16.78362199399484,0
581,6,9,9,1,0,11.65273343975843,.35
581,6,9,10,1,1,13.08123973510925,.7
581,6,9,11,1,2,16.43886590237455,1.05
581,6,9,12,1,3,20.851249381706,1.4
582,4,7,1,0,-6,19.09591378024126,0
582,4,7,2,0,-5,16.64100734042708,0
582,4,7,3,0,-4,19.38683216653093,0
582,4,7,4,0,-3,22.37682932857474,0
582,4,7,5,0,-2,20.02997720190803,0
582,4,7,6,0,-1,13.58138550190177,0
582,4,7,7,1,0,18.84180796285236,.5
582,4,7,8,1,1,20.27686446376196,1
582,4,7,9,1,2,21.02638861933396,1.5
582,4,7,10,1,3,23.89672057259591,2
582,4,7,11,1,4,21.15573236181457,2.5
582,4,7,12,1,5,28.7181852461238,3
583,8,,1,0,,10.86393583292162,0
583,8,,2,0,,8.734931269076442,0
583,8,,3,0,,10.577288597546,0
583,8,,4,0,,12.07863868438712,0
583,8,,5,0,,15.16327512524298,0
583,8,,6,0,,19.11822506623433,0
583,8,,7,0,,16.62845363887606,0
583,8,,8,0,,16.6905989394718,0
583,8,,9,0,,16.34315507432143,0
583,8,,10,0,,23.152794921651,0
583,8,,11,0,,21.88183059845969,0
583,8,,12,0,,23.03652855567635,0
584,4,7,1,0,-6,9.651736096679507,0
584,4,7,2,0,-5,8.043156824989882,0
584,4,7,3,0,-4,9.01989038528033,0
584,4,7,4,0,-3,9.075107408292256,0
584,4,7,5,0,-2,11.41820585343629,0
584,4,7,6,0,-1,6.388536781613288,0
584,4,7,7,1,0,10.21594806627719,.5
584,4,7,8,1,1,8.672310110581716,1
584,4,7,9,1,2,12.79028434695616,1.5
584,4,7,10,1,3,11.94536349947214,2
584,4,7,11,1,4,11.30665202675855,2.5
584,4,7,12,1,5,16.8343906474394,3
585,3,7,1,0,-6,9.590031913224143,0
585,3,7,2,0,-5,17.62657986062978,0
585,3,7,3,0,-4,13.72345734710054,0
585,3,7,4,0,-3,13.68889430966114,0
585,3,7,5,0,-2,14.49184494135121,0
585,3,7,6,0,-1,11.66849513237799,0
585,3,7,7,1,0,12.21051480374652,.5
585,3,7,8,1,1,17.4526024424888,1
585,3,7,9,1,2,17.05642173019833,1.5
585,3,7,10,1,3,16.69860908366536,2
585,3,7,11,1,4,17.29190171907312,2.5
585,3,7,12,1,5,22.66048242038082,3
586,2,5,1,0,-4,16.78037714971764,0
586,2,5,2,0,-3,17.70940462547763,0
586,2,5,3,0,-2,20.79192899538607,0
586,2,5,4,0,-1,18.2218445038615,0
586,2,5,5,1,0,22.38692140294156,.75
586,2,5,6,1,1,22.48514429276132,1.5
586,2,5,7,1,2,26.22133355561581,2.25
586,2,5,8,1,3,25.51493371883277,3
586,2,5,9,1,4,23.9362619340851,3.75
586,2,5,10,1,5,27.06622230444925,4.5
586,2,5,11,1,6,22.42902329323019,5.25
586,2,5,12,1,7,31.11764449284516,6
587,2,5,1,0,-4,20.94976659355516,0
587,2,5,2,0,-3,23.627712569179,0
587,2,5,3,0,-2,19.41323701320894,0
587,2,5,4,0,-1,25.80101494663201,0
587,2,5,5,1,0,28.7921747195674,.75
587,2,5,6,1,1,30.41846478293009,1.5
587,2,5,7,1,2,30.38176511834624,2.25
587,2,5,8,1,3,31.86948284150715,3
587,2,5,9,1,4,32.56759769229244,3.75
587,2,5,10,1,5,27.7071469542714,4.5
587,2,5,11,1,6,30.75631296127221,5.25
587,2,5,12,1,7,35.29448675281867,6
588,4,7,1,0,-6,25.59615406124617,0
588,4,7,2,0,-5,26.72337984223393,0
588,4,7,3,0,-4,27.95820417260581,0
588,4,7,4,0,-3,26.85103962797752,0
588,4,7,5,0,-2,24.4491291533725,0
588,4,7,6,0,-1,23.80886944353979,0
588,4,7,7,1,0,28.39559484459468,.5
588,4,7,8,1,1,27.64435904616992,1
588,4,7,9,1,2,26.4134822173136,1.5
588,4,7,10,1,3,31.03942601911664,2
588,4,7,11,1,4,30.35382707759998,2.5
588,4,7,12,1,5,29.06544119357813,3
589,8,,1,0,,11.55393832203407,0
589,8,,2,0,,11.4445840942313,0
589,8,,3,0,,16.04877777846274,0
589,8,,4,0,,14.02898645072309,0
589,8,,5,0,,11.79594829186128,0
589,8,,6,0,,15.75005782103213,0
589,8,,7,0,,15.67221768805961,0
589,8,,8,0,,13.02217909109307,0
589,8,,9,0,,22.99029965266735,0
589,8,,10,0,,19.7172582377744,0
589,8,,11,0,,19.09706726814076,0
589,8,,12,0,,16.14048063742954,0
590,4,7,1,0,-6,11.61425330950726,0
590,4,7,2,0,-5,6.8495504418256,0
590,4,7,3,0,-4,15.07668767779047,0
590,4,7,4,0,-3,14.96734494999365,0
590,4,7,5,0,-2,16.36066816029337,0
590,4,7,6,0,-1,16.20746830857964,0
590,4,7,7,1,0,16.19288418808451,.5
590,4,7,8,1,1,22.33903614244005,1
590,4,7,9,1,2,20.67736354870222,1.5
590,4,7,10,1,3,15.6408618871958,2
590,4,7,11,1,4,19.76085082587895,2.5
590,4,7,12,1,5,21.7180578382176,3
591,6,9,1,0,-8,18.43326588532515,0
591,6,9,2,0,-7,15.65963156020177,0
591,6,9,3,0,-6,17.99988513075491,0
591,6,9,4,0,-5,18.87138902318666,0
591,6,9,5,0,-4,17.430007776592,0
591,6,9,6,0,-3,15.71148286711586,0
591,6,9,7,0,-2,15.51525435013085,0
591,6,9,8,0,-1,20.29514062227998,0
591,6,9,9,1,0,16.68854770727326,.35
591,6,9,10,1,1,20.81875804136578,.7
591,6,9,11,1,2,21.1064591244358,1.05
591,6,9,12,1,3,23.77780930543856,1.4
592,8,,1,0,,4.444938153171467,0
592,8,,2,0,,2.182003223355793,0
592,8,,3,0,,7.045757236963824,0
592,8,,4,0,,4.020390748541152,0
592,8,,5,0,,9.283056583255634,0
592,8,,6,0,,.6566529229213129,0
592,8,,7,0,,6.489860454572978,0
592,8,,8,0,,5.229343176675773,0
592,8,,9,0,,9.373799887322662,0
592,8,,10,0,,2.586810867209445,0
592,8,,11,0,,4.312551941196471,0
592,8,,12,0,,3.938316955760468,0
593,6,9,1,0,-8,14.26909697413521,0
593,6,9,2,0,-7,14.53699174758984,0
593,6,9,3,0,-6,18.95802203119033,0
593,6,9,4,0,-5,20.77401061663426,0
593,6,9,5,0,-4,19.22599432307212,0
593,6,9,6,0,-3,22.89932846437881,0
593,6,9,7,0,-2,13.77092125673073,0
593,6,9,8,0,-1,20.45523081901368,0
593,6,9,9,1,0,29.27145021556228,.35
593,6,9,10,1,1,16.87273164122829,.7
593,6,9,11,1,2,23.43653885488341,1.05
593,6,9,12,1,3,21.56318404581258,1.4
594,6,9,1,0,-8,14.80430967978938,0
594,6,9,2,0,-7,20.48125994860041,0
594,6,9,3,0,-6,14.36610732770491,0
594,6,9,4,0,-5,19.63084918530864,0
594,6,9,5,0,-4,21.14303470519931,0
594,6,9,6,0,-3,20.45609849709571,0
594,6,9,7,0,-2,23.45478299665923,0
594,6,9,8,0,-1,17.39047259033126,0
594,6,9,9,1,0,21.43297371592338,.35
594,6,9,10,1,1,23.18650383833721,.7
594,6,9,11,1,2,19.61114871242641,1.05
594,6,9,12,1,3,21.80707125108134,1.4
595,7,,1,0,,18.10915562565508,0
595,7,,2,0,,13.81095342660225,0
595,7,,3,0,,22.73407168104075,0
595,7,,4,0,,21.60260814196349,0
595,7,,5,0,,26.11916772563158,0
595,7,,6,0,,22.2013654470509,0
595,7,,7,0,,24.02410429726834,0
595,7,,8,0,,25.44995968895,0
595,7,,9,0,,17.2828317294026,0
595,7,,10,0,,29.24765668906369,0
595,7,,11,0,,23.96075189153869,0
595,7,,12,0,,24.99343369887044,0
596,5,9,1,0,-8,25.62472987605715,0
596,5,9,2,0,-7,23.52925957988126,0
596,5,9,3,0,-6,22.52169851098615,0
596,5,9,4,0,-5,20.88427173276513,0
596,5,9,5,0,-4,17.32565844483842,0
596,5,9,6,0,-3,21.79457177425249,0
596,5,9,7,0,-2,23.55782390999448,0
596,5,9,8,0,-1,25.93976017895493,0
596,5,9,9,1,0,20.32387400394663,.35
596,5,9,10,1,1,16.4010564841433,.7
596,5,9,11,1,2,18.3241990233785,1.05
596,5,9,12,1,3,26.09410001250859,1.4
597,4,7,1,0,-6,20.21483156257056,0
597,4,7,2,0,-5,22.90702392343795,0
597,4,7,3,0,-4,15.97622013278064,0
597,4,7,4,0,-3,17.86730099130339,0
597,4,7,5,0,-2,21.28238012146854,0
597,4,7,6,0,-1,16.81996110563424,0
597,4,7,7,1,0,15.57983900759795,.5
597,4,7,8,1,1,25.11563795307187,1
597,4,7,9,1,2,18.10416672949394,1.5
597,4,7,10,1,3,26.91951557451372,2
597,4,7,11,1,4,23.27345855080086,2.5
597,4,7,12,1,5,26.36077415209181,3
598,8,,1,0,,17.59734491458003,0
598,8,,2,0,,13.316447534591,0
598,8,,3,0,,14.59443065702339,0
598,8,,4,0,,16.22646020146939,0
598,8,,5,0,,10.92965720387192,0
598,8,,6,0,,14.81076123504797,0
598,8,,7,0,,17.24999790558157,0
598,8,,8,0,,16.97812758167508,0
598,8,,9,0,,20.20527565186443,0
598,8,,10,0,,13.109788965418,0
598,8,,11,0,,12.69702694401696,0
598,8,,12,0,,18.47840225052094,0
599,1,5,1,0,-4,13.06134318636684,0
599,1,5,2,0,-3,9.342156727559559,0
599,1,5,3,0,-2,14.09973431338085,0
599,1,5,4,0,-1,13.23226000041322,0
599,1,5,5,1,0,12.36471759872254,.75
599,1,5,6,1,1,13.6990311039627,1.5
599,1,5,7,1,2,18.26737659156566,2.25
599,1,5,8,1,3,22.94068186057817,3
599,1,5,9,1,4,18.60125688343889,3.75
599,1,5,10,1,5,17.41082092431297,4.5
599,1,5,11,1,6,17.982640640024,5.25
599,1,5,12,1,7,20.71092112571692,6
600,7,,1,0,,14.72846125787803,0
600,7,,2,0,,15.88671629067494,0
600,7,,3,0,,13.56207916996202,0
600,7,,4,0,,8.784927182261628,0
600,7,,5,0,,14.9412383661642,0
600,7,,6,0,,17.94099082703426,0
600,7,,7,0,,18.62635139713628,0
600,7,,8,0,,20.07988947835888,0
600,7,,9,0,,13.490633550753,0
600,7,,10,0,,21.82668918189863,0
600,7,,11,0,,14.97663785309931,0
600,7,,12,0,,18.71882914427464,0
601,5,9,1,0,-8,8.304638770877554,0
601,5,9,2,0,-7,8.738084028451075,0
601,5,9,3,0,-6,10.53972787044577,0
601,5,9,4,0,-5,13.98952657099263,0
601,5,9,5,0,-4,6.360958372303412,0
601,5,9,6,0,-3,10.18892235923094,0
601,5,9,7,0,-2,9.135159641678364,0
601,5,9,8,0,-1,14.56409635525745,0
601,5,9,9,1,0,14.27227732950461,.35
601,5,9,10,1,1,9.079661613452457,.7
601,5,9,11,1,2,9.568101438356791,1.05
601,5,9,12,1,3,12.51911012800281,1.4
602,3,7,1,0,-6,7.780052635677713,0
602,3,7,2,0,-5,4.171811461037272,0
602,3,7,3,0,-4,7.426514048350411,0
602,3,7,4,0,-3,12.78178723971521,0
602,3,7,5,0,-2,11.28290301945637,0
602,3,7,6,0,-1,9.676787399268957,0
602,3,7,7,1,0,12.16139428374649,.5
602,3,7,8,1,1,9.837533281711469,1
602,3,7,9,1,2,13.41609673946235,1.5
602,3,7,10,1,3,16.75483358463422,2
602,3,7,11,1,4,17.19518480526878,2.5
602,3,7,12,1,5,16.36389056239735,3
603,7,,1,0,,8.503080408863264,0
603,7,,2,0,,9.928740800418545,0
603,7,,3,0,,7.347799169069958,0
603,7,,4,0,,10.54338552870298,0
603,7,,5,0,,6.562301855417811,0
603,7,,6,0,,12.12571762408748,0
603,7,,7,0,,12.33984574687856,0
603,7,,8,0,,12.38444820711914,0
603,7,,9,0,,8.076198329833971,0
603,7,,10,0,,5.633240454877926,0
603,7,,11,0,,7.929790790388181,0
603,7,,12,0,,14.87833783797416,0
604,3,7,1,0,-6,17.9792740006016,0
604,3,7,2,0,-5,17.46287959036561,0
604,3,7,3,0,-4,14.4622648565412,0
604,3,7,4,0,-3,19.61936229163939,0
604,3,7,5,0,-2,17.44016733262298,0
604,3,7,6,0,-1,20.42180160864518,0
604,3,7,7,1,0,21.81075842097946,.5
604,3,7,8,1,1,27.06550896104427,1
604,3,7,9,1,2,23.72689696167738,1.5
604,3,7,10,1,3,23.51848552666619,2
604,3,7,11,1,4,29.06718839993786,2.5
604,3,7,12,1,5,26.56453102847699,3
605,4,7,1,0,-6,15.54120673172028,0
605,4,7,2,0,-5,23.89735535256693,0
605,4,7,3,0,-4,17.93675156461098,0
605,4,7,4,0,-3,24.59227254294186,0
605,4,7,5,0,-2,18.1879517964484,0
605,4,7,6,0,-1,18.47216450845188,0
605,4,7,7,1,0,20.97730750555779,.5
605,4,7,8,1,1,18.96060432547893,1
605,4,7,9,1,2,21.92973324402104,1.5
605,4,7,10,1,3,26.12018687646811,2
605,4,7,11,1,4,22.21847157392149,2.5
605,4,7,12,1,5,24.12673924539034,3
606,2,5,1,0,-4,20.59928770934994,0
606,2,5,2,0,-3,22.32592231999044,0
606,2,5,3,0,-2,24.33323089531649,0
606,2,5,4,0,-1,23.20643569592186,0
606,2,5,5,1,0,24.22553704889424,.75
606,2,5,6,1,1,21.69425647738016,1.5
606,2,5,7,1,2,25.86092764192293,2.25
606,2,5,8,1,3,29.20829298956478,3
606,2,5,9,1,4,22.95682742062072,3.75
606,2,5,10,1,5,22.84646890315609,4.5
606,2,5,11,1,6,25.15208197083101,5.25
606,2,5,12,1,7,27.44770669650545,6
607,4,7,1,0,-6,16.35781747110909,0
607,4,7,2,0,-5,20.33762361332073,0
607,4,7,3,0,-4,17.40467704767725,0
607,4,7,4,0,-3,12.49147690265374,0
607,4,7,5,0,-2,13.74226689910344,0
607,4,7,6,0,-1,21.72229577828019,0
607,4,7,7,1,0,19.49953738236908,.5
607,4,7,8,1,1,17.41294858685366,1
607,4,7,9,1,2,20.08366493638315,1.5
607,4,7,10,1,3,20.72701868623513,2
607,4,7,11,1,4,22.60230892789728,2.5
607,4,7,12,1,5,18.83220416208748,3
608,5,9,1,0,-8,14.0708788866491,0
608,5,9,2,0,-7,13.65911693713596,0
608,5,9,3,0,-6,14.45250134978641,0
608,5,9,4,0,-5,20.59011808431091,0
608,5,9,5,0,-4,13.73182026509083,0
608,5,9,6,0,-3,13.06488989194267,0
608,5,9,7,0,-2,16.07591600155433,0
608,5,9,8,0,-1,13.90856088862066,0
608,5,9,9,1,0,13.15863536145659,.35
608,5,9,10,1,1,12.86855615587633,.7
608,5,9,11,1,2,17.46286152674881,1.05
608,5,9,12,1,3,17.33755956664237,1.4
609,4,7,1,0,-6,11.96483136583187,0
609,4,7,2,0,-5,16.59140496044395,0
609,4,7,3,0,-4,12.54684111336369,0
609,4,7,4,0,-3,9.898017965735459,0
609,4,7,5,0,-2,21.25181574341288,0
609,4,7,6,0,-1,14.89910139203098,0
609,4,7,7,1,0,19.44268518745345,.5
609,4,7,8,1,1,20.70551386602197,1
609,4,7,9,1,2,13.93217961148394,1.5
609,4,7,10,1,3,17.74970735382101,2
609,4,7,11,1,4,16.67797784165154,2.5
609,4,7,12,1,5,21.68433320793447,3
610,3,7,1,0,-6,14.73643123212198,0
610,3,7,2,0,-5,12.55033865170764,0
610,3,7,3,0,-4,15.85710624915895,0
610,3,7,4,0,-3,17.74386848528201,0
610,3,7,5,0,-2,13.55736992847375,0
610,3,7,6,0,-1,20.10431036950988,0
610,3,7,7,1,0,19.07011732963177,.5
610,3,7,8,1,1,19.39337706791475,1
610,3,7,9,1,2,21.55416382174454,1.5
610,3,7,10,1,3,17.32754154637342,2
610,3,7,11,1,4,22.75153235634326,2.5
610,3,7,12,1,5,22.99333676097337,3
611,3,7,1,0,-6,17.95572079452572,0
611,3,7,2,0,-5,19.40623110202687,0
611,3,7,3,0,-4,18.90163515683209,0
611,3,7,4,0,-3,22.26803927661418,0
611,3,7,5,0,-2,26.96255124157595,0
611,3,7,6,0,-1,18.95771589057604,0
611,3,7,7,1,0,21.42109999850351,.5
611,3,7,8,1,1,26.60258168016882,1
611,3,7,9,1,2,26.23930238723513,1.5
611,3,7,10,1,3,19.48486397814889,2
611,3,7,11,1,4,27.41803988641019,2.5
611,3,7,12,1,5,29.32074415115495,3
612,4,7,1,0,-6,18.41679846905876,0
612,4,7,2,0,-5,23.89571178967982,0
612,4,7,3,0,-4,17.55457793286137,0
612,4,7,4,0,-3,18.76691314909625,0
612,4,7,5,0,-2,18.0950969676706,0
612,4,7,6,0,-1,17.14610573389658,0
612,4,7,7,1,0,19.81666794811106,.5
612,4,7,8,1,1,19.41051715589525,1
612,4,7,9,1,2,20.19917084649293,1.5
612,4,7,10,1,3,21.87281724810206,2
612,4,7,11,1,4,19.03451061318307,2.5
612,4,7,12,1,5,26.72412281906789,3
613,3,7,1,0,-6,11.42153839279359,0
613,3,7,2,0,-5,13.0617290572955,0
613,3,7,3,0,-4,14.00886696775807,0
613,3,7,4,0,-3,17.40821492692906,0
613,3,7,5,0,-2,12.84627505771324,0
613,3,7,6,0,-1,18.79381793470104,0
613,3,7,7,1,0,13.17800699008001,.5
613,3,7,8,1,1,16.02215423722555,1
613,3,7,9,1,2,15.62311902706403,1.5
613,3,7,10,1,3,14.43786732340235,2
613,3,7,11,1,4,16.75238171228824,2.5
613,3,7,12,1,5,22.88123683691252,3
614,1,5,1,0,-4,23.38350036857547,0
614,1,5,2,0,-3,28.61994728318127,0
614,1,5,3,0,-2,33.29608209022106,0
614,1,5,4,0,-1,29.14545702820532,0
614,1,5,5,1,0,25.32240457419122,.75
614,1,5,6,1,1,30.06176724707215,1.5
614,1,5,7,1,2,27.94449328335519,2.25
614,1,5,8,1,3,31.68168145206772,3
614,1,5,9,1,4,32.95858415605728,3.75
614,1,5,10,1,5,32.78926585341364,4.5
614,1,5,11,1,6,36.81349109398027,5.25
614,1,5,12,1,7,37.87584727116796,6
615,3,7,1,0,-6,17.74897860223069,0
615,3,7,2,0,-5,12.8522780670891,0
615,3,7,3,0,-4,19.54779993640783,0
615,3,7,4,0,-3,19.98860587355083,0
615,3,7,5,0,-2,16.47457724240667,0
615,3,7,6,0,-1,14.12274101115605,0
615,3,7,7,1,0,20.94076195521455,.5
615,3,7,8,1,1,21.58581774426107,1
615,3,7,9,1,2,15.99802003461364,1.5
615,3,7,10,1,3,23.69439364053503,2
615,3,7,11,1,4,21.07236196987219,2.5
615,3,7,12,1,5,22.21062095461863,3
616,8,,1,0,,13.21245748393844,0
616,8,,2,0,,16.36951848112174,0
616,8,,3,0,,13.38397605459163,0
616,8,,4,0,,11.35612044909444,0
616,8,,5,0,,17.81833100631953,0
616,8,,6,0,,15.85037868379087,0
616,8,,7,0,,10.89354689084482,0
616,8,,8,0,,12.50852431995225,0
616,8,,9,0,,10.94817060717343,0
616,8,,10,0,,14.57204022603518,0
616,8,,11,0,,11.3684411854291,0
616,8,,12,0,,13.8723926033908,0
617,6,9,1,0,-8,17.60164347675725,0
617,6,9,2,0,-7,15.73882423173697,0
617,6,9,3,0,-6,21.83147989747041,0
617,6,9,4,0,-5,21.65931543690412,0
617,6,9,5,0,-4,23.91776798088741,0
617,6,9,6,0,-3,22.62250033878628,0
617,6,9,7,0,-2,23.67415060495873,0
617,6,9,8,0,-1,27.078336267964,0
617,6,9,9,1,0,23.90455525089987,.35
617,6,9,10,1,1,25.18310973530222,.7
617,6,9,11,1,2,22.23638502372309,1.05
617,6,9,12,1,3,27.79371302572543,1.4
618,4,7,1,0,-6,24.15357362197429,0
618,4,7,2,0,-5,19.57326358422328,0
618,4,7,3,0,-4,21.31750734937215,0
618,4,7,4,0,-3,25.37594072815191,0
618,4,7,5,0,-2,21.21594518863538,0
618,4,7,6,0,-1,21.76706545019634,0
618,4,7,7,1,0,20.69129682977516,.5
618,4,7,8,1,1,21.62669223991745,1
618,4,7,9,1,2,18.76981405050864,1.5
618,4,7,10,1,3,20.76978793640053,2
618,4,7,11,1,4,24.87309187242213,2.5
618,4,7,12,1,5,33.65851491909395,3
619,6,9,1,0,-8,23.6925693534002,0
619,6,9,2,0,-7,23.77332857957229,0
619,6,9,3,0,-6,18.43725112880977,0
619,6,9,4,0,-5,25.4777050996008,0
619,6,9,5,0,-4,22.95723306983377,0
619,6,9,6,0,-3,22.69483911278302,0
619,6,9,7,0,-2,20.182538601724,0
619,6,9,8,0,-1,27.47051990601897,0
619,6,9,9,1,0,26.63581536120938,.35
619,6,9,10,1,1,25.62154806972788,.7
619,6,9,11,1,2,25.23855601513923,1.05
619,6,9,12,1,3,23.0727636945638,1.4
620,6,9,1,0,-8,11.07483553980866,0
620,6,9,2,0,-7,19.22085883413337,0
620,6,9,3,0,-6,16.04624455298126,0
620,6,9,4,0,-5,17.91724447232717,0
620,6,9,5,0,-4,12.97423153356452,0
620,6,9,6,0,-3,18.36782555260739,0
620,6,9,7,0,-2,13.82275194610352,0
620,6,9,8,0,-1,11.86650415575608,0
620,6,9,9,1,0,19.64025736444529,.35
620,6,9,10,1,1,22.63148861041546,.7
620,6,9,11,1,2,18.58533583892112,1.05
620,6,9,12,1,3,21.46094463327095,1.4
621,1,5,1,0,-4,5.1267005872693,0
621,1,5,2,0,-3,14.96325992929534,0
621,1,5,3,0,-2,12.61513943234107,0
621,1,5,4,0,-1,22.58121432058428,0
621,1,5,5,1,0,15.71260348935107,.75
621,1,5,6,1,1,12.78348672584027,1.5
621,1,5,7,1,2,19.52810934482705,2.25
621,1,5,8,1,3,20.35772387754903,3
621,1,5,9,1,4,13.30216011889151,3.75
621,1,5,10,1,5,19.06334196717672,4.5
621,1,5,11,1,6,19.20958671101992,5.25
621,1,5,12,1,7,23.46250185416677,6
622,4,7,1,0,-6,12.82346286242229,0
622,4,7,2,0,-5,16.37303107595216,0
622,4,7,3,0,-4,9.20104796610938,0
622,4,7,4,0,-3,15.74999636915068,0
622,4,7,5,0,-2,18.84866206962593,0
622,4,7,6,0,-1,11.49284180057852,0
622,4,7,7,1,0,16.09824899676147,.5
622,4,7,8,1,1,18.58333736859476,1
622,4,7,9,1,2,18.93759184537146,1.5
622,4,7,10,1,3,21.85268904984974,2
622,4,7,11,1,4,19.65571683277562,2.5
622,4,7,12,1,5,20.07053616352891,3
623,7,,1,0,,27.05505023741639,0
623,7,,2,0,,24.90295505861774,0
623,7,,3,0,,22.25955999510709,0
623,7,,4,0,,24.00657463808141,0
623,7,,5,0,,20.91095351580948,0
623,7,,6,0,,24.29674480667851,0
623,7,,7,0,,22.32395421729655,0
623,7,,8,0,,29.02643278779987,0
623,7,,9,0,,31.81457889182393,0
623,7,,10,0,,33.3649663298412,0
623,7,,11,0,,24.90951369393988,0
623,7,,12,0,,30.73261960498949,0
624,6,9,1,0,-8,14.63122356353808,0
624,6,9,2,0,-7,18.69081546395803,0
624,6,9,3,0,-6,14.16547470172048,0
624,6,9,4,0,-5,14.10031069700238,0
624,6,9,5,0,-4,19.24227620122207,0
624,6,9,6,0,-3,16.80005124461714,0
624,6,9,7,0,-2,10.64581069225313,0
624,6,9,8,0,-1,15.88871539888981,0
624,6,9,9,1,0,14.74220970249215,.35
624,6,9,10,1,1,13.76554548575267,.7
624,6,9,11,1,2,17.83773482441299,1.05
624,6,9,12,1,3,17.96676316404564,1.4
625,2,5,1,0,-4,12.72020368629485,0
625,2,5,2,0,-3,10.91605437318822,0
625,2,5,3,0,-2,13.57473057126188,0
625,2,5,4,0,-1,18.44341027559043,0
625,2,5,5,1,0,19.70582822500592,.75
625,2,5,6,1,1,17.65508953181796,1.5
625,2,5,7,1,2,18.8361073942161,2.25
625,2,5,8,1,3,24.41266728143274,3
625,2,5,9,1,4,18.29873164790224,3.75
625,2,5,10,1,5,20.9999736456601,4.5
625,2,5,11,1,6,20.13584518895858,5.25
625,2,5,12,1,7,25.30207470272703,6
626,3,7,1,0,-6,17.65916300904679,0
626,3,7,2,0,-5,17.28689026093815,0
626,3,7,3,0,-4,21.50232416772903,0
626,3,7,4,0,-3,27.02455321874727,0
626,3,7,5,0,-2,20.75824843405271,0
626,3,7,6,0,-1,22.07320098012354,0
626,3,7,7,1,0,24.87039633149901,.5
626,3,7,8,1,1,22.47431098823305,1
626,3,7,9,1,2,26.18889777661913,1.5
626,3,7,10,1,3,20.71781784625122,2
626,3,7,11,1,4,20.7487798081549,2.5
626,3,7,12,1,5,30.07816326494868,3
627,1,5,1,0,-4,14.42316584273618,0
627,1,5,2,0,-3,20.1538441775834,0
627,1,5,3,0,-2,18.96935711288446,0
627,1,5,4,0,-1,19.7640757190168,0
627,1,5,5,1,0,16.52438691783644,.75
627,1,5,6,1,1,22.81757928088908,1.5
627,1,5,7,1,2,21.90033989377712,2.25
627,1,5,8,1,3,23.78427219907608,3
627,1,5,9,1,4,19.47711287437288,3.75
627,1,5,10,1,5,25.90481483528614,4.5
627,1,5,11,1,6,25.14813400346607,5.25
627,1,5,12,1,7,26.55619534951892,6
628,6,9,1,0,-8,19.92571997552529,0
628,6,9,2,0,-7,16.82553809208641,0
628,6,9,3,0,-6,19.55235336578199,0
628,6,9,4,0,-5,16.25876432086271,0
628,6,9,5,0,-4,20.56247509330145,0
628,6,9,6,0,-3,18.94311916930862,0
628,6,9,7,0,-2,17.14214746700549,0
628,6,9,8,0,-1,20.6874667088394,0
628,6,9,9,1,0,14.67669288589373,.35
628,6,9,10,1,1,21.3880778198669,.7
628,6,9,11,1,2,23.24380773857283,1.05
628,6,9,12,1,3,25.79691075632838,1.4
629,7,,1,0,,22.91472167958485,0
629,7,,2,0,,19.56588817391082,0
629,7,,3,0,,22.43296062570705,0
629,7,,4,0,,20.89418854317244,0
629,7,,5,0,,18.09166986269862,0
629,7,,6,0,,22.77036366692677,0
629,7,,7,0,,21.20460578089746,0
629,7,,8,0,,23.9443515384393,0
629,7,,9,0,,21.346697313221,0
629,7,,10,0,,20.09893333560576,0
629,7,,11,0,,26.16319143992793,0
629,7,,12,0,,18.6089189366746,0
630,3,7,1,0,-6,16.0659256523593,0
630,3,7,2,0,-5,13.54920218207275,0
630,3,7,3,0,-4,19.41803505876576,0
630,3,7,4,0,-3,16.4423018363714,0
630,3,7,5,0,-2,17.33964003637749,0
630,3,7,6,0,-1,22.36316843100258,0
630,3,7,7,1,0,20.14347481764719,.5
630,3,7,8,1,1,22.90713079904209,1
630,3,7,9,1,2,17.79821412554124,1.5
630,3,7,10,1,3,21.33724664746032,2
630,3,7,11,1,4,21.48190928409727,2.5
630,3,7,12,1,5,23.95930521865271,3
631,7,,1,0,,17.78567502943809,0
631,7,,2,0,,14.08907273826052,0
631,7,,3,0,,21.14162947519806,0
631,7,,4,0,,18.83221673241031,0
631,7,,5,0,,16.68510589197807,0
631,7,,6,0,,24.31184007896992,0
631,7,,7,0,,20.36841000618085,0
631,7,,8,0,,25.24349513869863,0
631,7,,9,0,,20.62948921915147,0
631,7,,10,0,,22.98190411615929,0
631,7,,11,0,,23.27189348267916,0
631,7,,12,0,,17.79145089370144,0
632,8,,1,0,,7.93081863148925,0
632,8,,2,0,,2.153762032180164,0
632,8,,3,0,,7.74586763375077,0
632,8,,4,0,,9.637153659018781,0
632,8,,5,0,,5.912580214554031,0
632,8,,6,0,,9.879821579385219,0
632,8,,7,0,,12.76347813834396,0
632,8,,8,0,,9.547093438594345,0
632,8,,9,0,,5.42828175427603,0
632,8,,10,0,,8.591197725505502,0
632,8,,11,0,,4.497720179776683,0
632,8,,12,0,,13.79660362061122,0
633,3,7,1,0,-6,24.1661598523079,0
633,3,7,2,0,-5,15.64744977493746,0
633,3,7,3,0,-4,17.47438360300686,0
633,3,7,4,0,-3,21.45394209842581,0
633,3,7,5,0,-2,16.55909226638223,0
633,3,7,6,0,-1,16.46599226070346,0
633,3,7,7,1,0,16.90269960811789,.5
633,3,7,8,1,1,21.0332154060441,1
633,3,7,9,1,2,27.65707492190793,1.5
633,3,7,10,1,3,20.17048469573596,2
633,3,7,11,1,4,24.55901365796901,2.5
633,3,7,12,1,5,19.69746247726752,3
634,6,9,1,0,-8,7.174249785552631,0
634,6,9,2,0,-7,15.46862271256199,0
634,6,9,3,0,-6,12.09487251712894,0
634,6,9,4,0,-5,20.95306052143098,0
634,6,9,5,0,-4,18.58394301844731,0
634,6,9,6,0,-3,15.32455014260165,0
634,6,9,7,0,-2,17.43830236675945,0
634,6,9,8,0,-1,17.00817422982642,0
634,6,9,9,1,0,18.94809116928935,.35
634,6,9,10,1,1,19.61529314210519,.7
634,6,9,11,1,2,19.59375356482259,1.05
634,6,9,12,1,3,26.80371195303736,1.4
635,7,,1,0,,16.99992588521628,0
635,7,,2,0,,11.86986468184786,0
635,7,,3,0,,18.79142006620819,0
635,7,,4,0,,14.1927120221185,0
635,7,,5,0,,17.51225178418069,0
635,7,,6,0,,16.74121681724212,0
635,7,,7,0,,13.6896635586594,0
635,7,,8,0,,11.98035364698031,0
635,7,,9,0,,19.73521916765066,0
635,7,,10,0,,19.31688792627115,0
635,7,,11,0,,16.60669495150839,0
635,7,,12,0,,18.9353896218701,0
636,6,9,1,0,-8,16.966691448371,0
636,6,9,2,0,-7,13.32656571723753,0
636,6,9,3,0,-6,6.227032655146463,0
636,6,9,4,0,-5,13.45894801436674,0
636,6,9,5,0,-4,11.96789628955387,0
636,6,9,6,0,-3,18.24524995194871,0
636,6,9,7,0,-2,14.56430072101526,0
636,6,9,8,0,-1,19.06512620161077,0
636,6,9,9,1,0,14.05442918177245,.35
636,6,9,10,1,1,11.89608402237542,.7
636,6,9,11,1,2,18.60501626924845,1.05
636,6,9,12,1,3,19.01417005515228,1.4
637,8,,1,0,,20.78032360030416,0
637,8,,2,0,,20.34327041083673,0
637,8,,3,0,,23.19750400602476,0
637,8,,4,0,,20.07815233069982,0
637,8,,5,0,,18.40639999033936,0
637,8,,6,0,,18.52765511607826,0
637,8,,7,0,,14.8492715904564,0
637,8,,8,0,,21.39060445130267,0
637,8,,9,0,,18.51613892174963,0
637,8,,10,0,,22.14215927706,0
637,8,,11,0,,15.99283386193746,0
637,8,,12,0,,16.9994050787704,0
638,5,9,1,0,-8,4.067485138370408,0
638,5,9,2,0,-7,11.15928677107848,0
638,5,9,3,0,-6,10.68830851347005,0
638,5,9,4,0,-5,7.916991278298577,0
638,5,9,5,0,-4,9.645096250588907,0
638,5,9,6,0,-3,7.403879459401909,0
638,5,9,7,0,-2,12.42463919488342,0
638,5,9,8,0,-1,18.29144575314407,0
638,5,9,9,1,0,11.67095024108498,.35
638,5,9,10,1,1,10.60368511142814,.7
638,5,9,11,1,2,18.09913338529083,1.05
638,5,9,12,1,3,14.10985430577068,1.4
639,4,7,1,0,-6,12.59469884922042,0
639,4,7,2,0,-5,9.05088704607949,0
639,4,7,3,0,-4,11.3531619971324,0
639,4,7,4,0,-3,14.86402207674337,0
639,4,7,5,0,-2,11.9093422108622,0
639,4,7,6,0,-1,11.31769524822388,0
639,4,7,7,1,0,7.41333177802182,.5
639,4,7,8,1,1,13.71531227716201,1
639,4,7,9,1,2,14.79590159441906,1.5
639,4,7,10,1,3,17.68307264033089,2
639,4,7,11,1,4,9.291346916368585,2.5
639,4,7,12,1,5,23.72256080453481,3
640,7,,1,0,,10.76360131189298,0
640,7,,2,0,,12.28525780606199,0
640,7,,3,0,,8.517382778479316,0
640,7,,4,0,,12.97527775075527,0
640,7,,5,0,,9.664185348032301,0
640,7,,6,0,,8.518025865902151,0
640,7,,7,0,,10.25917034378432,0
640,7,,8,0,,11.64741736310013,0
640,7,,9,0,,10.87231109630611,0
640,7,,10,0,,13.38548119317075,0
640,7,,11,0,,15.45813931673388,0
640,7,,12,0,,7.002806432664433,0
641,6,9,1,0,-8,29.23521705824761,0
641,6,9,2,0,-7,27.08342049199413,0
641,6,9,3,0,-6,26.27901333407538,0
641,6,9,4,0,-5,26.27833063995198,0
641,6,9,5,0,-4,25.69842004875351,0
641,6,9,6,0,-3,29.46454391575753,0
641,6,9,7,0,-2,28.69170893515605,0
641,6,9,8,0,-1,24.36048161367984,0
641,6,9,9,1,0,32.10759793029578,.35
641,6,9,10,1,1,24.87197897666447,.7
641,6,9,11,1,2,35.4741804535753,1.05
641,6,9,12,1,3,33.62361774292157,1.4
642,6,9,1,0,-8,14.05429384454785,0
642,6,9,2,0,-7,9.670011674829524,0
642,6,9,3,0,-6,13.17628400804495,0
642,6,9,4,0,-5,10.18532987832873,0
642,6,9,5,0,-4,15.28505883035142,0
642,6,9,6,0,-3,14.73086755819785,0
642,6,9,7,0,-2,13.9300961683573,0
642,6,9,8,0,-1,13.70304459431448,0
642,6,9,9,1,0,22.41282461357673,.35
642,6,9,10,1,1,20.86834668832264,.7
642,6,9,11,1,2,16.3934202397567,1.05
642,6,9,12,1,3,21.78934902184679,1.4
643,8,,1,0,,20.81990349692262,0
643,8,,2,0,,24.15955939103351,0
643,8,,3,0,,17.48215193139944,0
643,8,,4,0,,25.88081863082686,0
643,8,,5,0,,24.6274370949936,0
643,8,,6,0,,24.5554871995395,0
643,8,,7,0,,28.68595481861234,0
643,8,,8,0,,26.47011770427378,0
643,8,,9,0,,25.06420550074847,0
643,8,,10,0,,23.97012039598174,0
643,8,,11,0,,23.67247117134623,0
643,8,,12,0,,23.51765090978791,0
644,1,5,1,0,-4,10.95874729620777,0
644,1,5,2,0,-3,10.78686922828538,0
644,1,5,3,0,-2,14.42812206972505,0
644,1,5,4,0,-1,4.212404416895151,0
644,1,5,5,1,0,14.76205510840172,.75
644,1,5,6,1,1,11.89956820892362,1.5
644,1,5,7,1,2,19.98183436139575,2.25
644,1,5,8,1,3,18.0254892475662,3
644,1,5,9,1,4,16.050615986091,3.75
644,1,5,10,1,5,18.27678488191602,4.5
644,1,5,11,1,6,20.93300282483305,5.25
644,1,5,12,1,7,18.498405568565,6
645,6,9,1,0,-8,24.24740139353422,0
645,6,9,2,0,-7,23.75640213855406,0
645,6,9,3,0,-6,15.59878872260562,0
645,6,9,4,0,-5,19.92328017333442,0
645,6,9,5,0,-4,20.66961712551413,0
645,6,9,6,0,-3,20.81335800902482,0
645,6,9,7,0,-2,20.56877018789392,0
645,6,9,8,0,-1,22.17664576730503,0
645,6,9,9,1,0,21.12169222351479,.35
645,6,9,10,1,1,20.11772642913695,.7
645,6,9,11,1,2,23.92238282648855,1.05
645,6,9,12,1,3,24.31635608429632,1.4
646,6,9,1,0,-8,6.420805173781398,0
646,6,9,2,0,-7,18.91879896816317,0
646,6,9,3,0,-6,12.5949869743416,0
646,6,9,4,0,-5,20.09214923589604,0
646,6,9,5,0,-4,17.90013629950105,0
646,6,9,6,0,-3,13.93213573523953,0
646,6,9,7,0,-2,15.57597814292951,0
646,6,9,8,0,-1,15.24344774117861,0
646,6,9,9,1,0,15.76589407912263,.35
646,6,9,10,1,1,16.86109007205851,.7
646,6,9,11,1,2,22.45269230597022,1.05
646,6,9,12,1,3,22.01379692456098,1.4
647,8,,1,0,,11.77882007041108,0
647,8,,2,0,,4.065192361693932,0
647,8,,3,0,,2.628971598666724,0
647,8,,4,0,,10.28797582109175,0
647,8,,5,0,,10.55265306052897,0
647,8,,6,0,,9.37520299760569,0
647,8,,7,0,,5.229666510278156,0
647,8,,8,0,,3.807569239375132,0
647,8,,9,0,,4.455135821099975,0
647,8,,10,0,,6.92950879052418,0
647,8,,11,0,,11.53513293140615,0
647,8,,12,0,,13.34569044658073,0
648,1,5,1,0,-4,12.19356982189037,0
648,1,5,2,0,-3,17.10343742676497,0
648,1,5,3,0,-2,10.13033833599271,0
648,1,5,4,0,-1,15.89644022095248,0
648,1,5,5,1,0,18.67734051292074,.75
648,1,5,6,1,1,15.83527710248173,1.5
648,1,5,7,1,2,19.17413723681403,2.25
648,1,5,8,1,3,23.71005290612232,3
648,1,5,9,1,4,21.99802774004191,3.75
648,1,5,10,1,5,17.2785173351343,4.5
648,1,5,11,1,6,18.56970243045156,5.25
648,1,5,12,1,7,24.78286985993486,6
649,3,7,1,0,-6,25.41946467973135,0
649,3,7,2,0,-5,22.12728285590023,0
649,3,7,3,0,-4,28.55356844813236,0
649,3,7,4,0,-3,26.85516260304862,0
649,3,7,5,0,-2,26.71874562616848,0
649,3,7,6,0,-1,22.06859657260514,0
649,3,7,7,1,0,25.68853647389717,.5
649,3,7,8,1,1,26.42214726697448,1
649,3,7,9,1,2,32.58279836936489,1.5
649,3,7,10,1,3,30.79727453961104,2
649,3,7,11,1,4,32.34542945331673,2.5
649,3,7,12,1,5,30.85054051888072,3
650,5,9,1,0,-8,24.68261176694975,0
650,5,9,2,0,-7,20.89829949553648,0
650,5,9,3,0,-6,22.47489853169529,0
650,5,9,4,0,-5,28.37318192087456,0
650,5,9,5,0,-4,23.59729876772067,0
650,5,9,6,0,-3,23.01813989409476,0
650,5,9,7,0,-2,23.236164870749,0
650,5,9,8,0,-1,28.87038085192039,0
650,5,9,9,1,0,24.90408197535601,.35
650,5,9,10,1,1,26.38261340183181,.7
650,5,9,11,1,2,32.06018809877704,1.05
650,5,9,12,1,3,31.55843237845543,1.4
651,5,9,1,0,-8,16.05709967261508,0
651,5,9,2,0,-7,16.98702604002883,0
651,5,9,3,0,-6,19.54262544612961,0
651,5,9,4,0,-5,15.92199200843252,0
651,5,9,5,0,-4,19.01305847923741,0
651,5,9,6,0,-3,14.71095155047674,0
651,5,9,7,0,-2,16.15524162070678,0
651,5,9,8,0,-1,18.46139702861543,0
651,5,9,9,1,0,22.6678121138305,.35
651,5,9,10,1,1,23.2539776649295,.7
651,5,9,11,1,2,18.69159303373802,1.05
651,5,9,12,1,3,25.33320737821328,1.4
652,1,5,1,0,-4,30.72044015863367,0
652,1,5,2,0,-3,22.96942199751285,0
652,1,5,3,0,-2,30.08701955936514,0
652,1,5,4,0,-1,28.27420128055704,0
652,1,5,5,1,0,28.68273933216518,.75
652,1,5,6,1,1,29.69191206810925,1.5
652,1,5,7,1,2,30.52529364654043,2.25
652,1,5,8,1,3,34.39149459867899,3
652,1,5,9,1,4,28.90152432944798,3.75
652,1,5,10,1,5,35.20387027399845,4.5
652,1,5,11,1,6,37.88703869762314,5.25
652,1,5,12,1,7,32.29866425791878,6
653,6,9,1,0,-8,10.41173227048936,0
653,6,9,2,0,-7,17.93064585085582,0
653,6,9,3,0,-6,14.84955024546218,0
653,6,9,4,0,-5,20.68429323517335,0
653,6,9,5,0,-4,15.64777946134755,0
653,6,9,6,0,-3,15.05264002962317,0
653,6,9,7,0,-2,18.20378255779519,0
653,6,9,8,0,-1,15.88834133755554,0
653,6,9,9,1,0,14.85210097742642,.35
653,6,9,10,1,1,17.87519019238258,.7
653,6,9,11,1,2,24.69395484698877,1.05
653,6,9,12,1,3,17.7714963897816,1.4
654,2,5,1,0,-4,17.08125882299654,0
654,2,5,2,0,-3,23.7025695864454,0
654,2,5,3,0,-2,21.71598577994879,0
654,2,5,4,0,-1,14.91956477468855,0
654,2,5,5,1,0,24.42631453507381,.75
654,2,5,6,1,1,23.93862170950506,1.5
654,2,5,7,1,2,22.04850704981547,2.25
654,2,5,8,1,3,21.94437253447531,3
654,2,5,9,1,4,20.48934167042896,3.75
654,2,5,10,1,5,25.50862021822918,4.5
654,2,5,11,1,6,31.08387915444655,5.25
654,2,5,12,1,7,25.49805188807509,6
655,6,9,1,0,-8,14.42711167072923,0
655,6,9,2,0,-7,24.72093779911566,0
655,6,9,3,0,-6,18.09358926828533,0
655,6,9,4,0,-5,17.91062175771937,0
655,6,9,5,0,-4,20.44375776459556,0
655,6,9,6,0,-3,26.43888571012004,0
655,6,9,7,0,-2,20.80015121914441,0
655,6,9,8,0,-1,24.57913893316497,0
655,6,9,9,1,0,27.36695018007448,.35
655,6,9,10,1,1,23.16937002703671,.7
655,6,9,11,1,2,22.13866699731669,1.05
655,6,9,12,1,3,29.87214423215887,1.4
656,6,9,1,0,-8,16.09039257590228,0
656,6,9,2,0,-7,13.73232343259153,0
656,6,9,3,0,-6,12.37554059746855,0
656,6,9,4,0,-5,19.86853482749103,0
656,6,9,5,0,-4,12.4961582603789,0
656,6,9,6,0,-3,18.63146032655312,0
656,6,9,7,0,-2,14.18756200280654,0
656,6,9,8,0,-1,22.75030571736937,0
656,6,9,9,1,0,20.25848671306348,.35
656,6,9,10,1,1,18.22301313670335,.7
656,6,9,11,1,2,21.31823415889811,1.05
656,6,9,12,1,3,20.77783751822426,1.4
657,2,5,1,0,-4,7.003464754686541,0
657,2,5,2,0,-3,8.279361903456397,0
657,2,5,3,0,-2,12.9886470154429,0
657,2,5,4,0,-1,11.79522838173771,0
657,2,5,5,1,0,11.72693641123685,.75
657,2,5,6,1,1,7.778461446748217,1.5
657,2,5,7,1,2,13.91422376173198,2.25
657,2,5,8,1,3,21.53967828915586,3
657,2,5,9,1,4,16.86193037385876,3.75
657,2,5,10,1,5,19.81640170618431,4.5
657,2,5,11,1,6,16.26099270072463,5.25
657,2,5,12,1,7,23.4655907412967,6
658,5,9,1,0,-8,17.97613840099215,0
658,5,9,2,0,-7,15.8734168379603,0
658,5,9,3,0,-6,12.64934925700468,0
658,5,9,4,0,-5,18.53253502115437,0
658,5,9,5,0,-4,18.94980744955257,0
658,5,9,6,0,-3,13.33412241079414,0
658,5,9,7,0,-2,11.15786884599299,0
658,5,9,8,0,-1,16.27878195153063,0
658,5,9,9,1,0,18.80660801729246,.35
658,5,9,10,1,1,15.57620777609641,.7
658,5,9,11,1,2,22.82900714475137,1.05
658,5,9,12,1,3,18.82165849570193,1.4
659,1,5,1,0,-4,25.15879265492298,0
659,1,5,2,0,-3,14.63018857306436,0
659,1,5,3,0,-2,25.99220713352344,0
659,1,5,4,0,-1,28.77145251958677,0
659,1,5,5,1,0,24.05930614228378,.75
659,1,5,6,1,1,18.64861393342905,1.5
659,1,5,7,1,2,28.36413884343505,2.25
659,1,5,8,1,3,26.08823276554611,3
659,1,5,9,1,4,27.47036834989524,3.75
659,1,5,10,1,5,26.23461541977592,4.5
659,1,5,11,1,6,30.53618888075768,5.25
659,1,5,12,1,7,32.48871948133144,6
660,4,7,1,0,-6,20.66153475889409,0
660,4,7,2,0,-5,19.44277617685709,0
660,4,7,3,0,-4,11.53136433766139,0
660,4,7,4,0,-3,17.68676802327942,0
660,4,7,5,0,-2,19.32405569794956,0
660,4,7,6,0,-1,14.88154136388873,0
660,4,7,7,1,0,21.99433160081066,.5
660,4,7,8,1,1,18.40241626463106,1
660,4,7,9,1,2,21.3000932606897,1.5
660,4,7,10,1,3,23.76877949524819,2
660,4,7,11,1,4,15.89281406671225,2.5
660,4,7,12,1,5,23.2921586255673,3
661,3,7,1,0,-6,11.70416813365733,0
661,3,7,2,0,-5,11.08153488325729,0
661,3,7,3,0,-4,16.45875530116173,0
661,3,7,4,0,-3,15.99986604697879,0
661,3,7,5,0,-2,10.34032420643689,0
661,3,7,6,0,-1,11.33721218813405,0
661,3,7,7,1,0,13.85041470325353,.5
661,3,7,8,1,1,9.789944969617714,1
661,3,7,9,1,2,15.90544677840121,1.5
661,3,7,10,1,3,17.9326034698223,2
661,3,7,11,1,4,18.71175520817069,2.5
661,3,7,12,1,5,27.15710938120727,3
662,4,7,1,0,-6,17.649234669718,0
662,4,7,2,0,-5,21.06047600050737,0
662,4,7,3,0,-4,22.42701401228529,0
662,4,7,4,0,-3,21.69743695101383,0
662,4,7,5,0,-2,22.6746566897765,0
662,4,7,6,0,-1,19.8297555257777,0
662,4,7,7,1,0,17.20064915024476,.5
662,4,7,8,1,1,23.18374463918946,1
662,4,7,9,1,2,22.53103938897272,1.5
662,4,7,10,1,3,30.11046290891263,2
662,4,7,11,1,4,28.49617839468493,2.5
662,4,7,12,1,5,25.63627956331026,3
663,7,,1,0,,16.8601740832793,0
663,7,,2,0,,13.31285888935708,0
663,7,,3,0,,9.518768124801328,0
663,7,,4,0,,15.18122036462339,0
663,7,,5,0,,12.0410779753292,0
663,7,,6,0,,12.33653740189312,0
663,7,,7,0,,8.335171995106947,0
663,7,,8,0,,13.86693788760461,0
663,7,,9,0,,20.0427580023266,0
663,7,,10,0,,17.84484292233464,0
663,7,,11,0,,16.73653607499702,0
663,7,,12,0,,16.97647990357204,0
664,1,5,1,0,-4,19.61378718562688,0
664,1,5,2,0,-3,16.33178475730161,0
664,1,5,3,0,-2,21.54705644859229,0
664,1,5,4,0,-1,15.01362234482604,0
664,1,5,5,1,0,21.99223080348018,.75
664,1,5,6,1,1,20.100381714861,1.5
664,1,5,7,1,2,17.52593120404801,2.25
664,1,5,8,1,3,18.58961236267306,3
664,1,5,9,1,4,21.66168269357345,3.75
664,1,5,10,1,5,25.87349212671681,4.5
664,1,5,11,1,6,26.34016939064217,5.25
664,1,5,12,1,7,32.31810457346494,6
665,4,7,1,0,-6,9.30993713716698,0
665,4,7,2,0,-5,14.9883498815897,0
665,4,7,3,0,-4,13.95990545826024,0
665,4,7,4,0,-3,12.99553417040777,0
665,4,7,5,0,-2,12.55793713323675,0
665,4,7,6,0,-1,15.44730908286478,0
665,4,7,7,1,0,14.86830882647056,.5
665,4,7,8,1,1,20.76077891153367,1
665,4,7,9,1,2,13.34612377231315,1.5
665,4,7,10,1,3,18.88881774794046,2
665,4,7,11,1,4,21.26199975633069,2.5
665,4,7,12,1,5,24.25341814977686,3
666,5,9,1,0,-8,11.24557180697836,0
666,5,9,2,0,-7,12.62519417120717,0
666,5,9,3,0,-6,17.57771007404207,0
666,5,9,4,0,-5,17.26322284995924,0
666,5,9,5,0,-4,16.98863181683443,0
666,5,9,6,0,-3,19.97219403373662,0
666,5,9,7,0,-2,18.77680280014722,0
666,5,9,8,0,-1,16.56799301490571,0
666,5,9,9,1,0,21.52953648890163,.35
666,5,9,10,1,1,18.00015882355982,.7
666,5,9,11,1,2,18.74831389828496,1.05
666,5,9,12,1,3,27.43500916976313,1.4
667,4,7,1,0,-6,17.09322036443497,0
667,4,7,2,0,-5,23.88910938305362,0
667,4,7,3,0,-4,18.3058398936967,0
667,4,7,4,0,-3,17.73433100695218,0
667,4,7,5,0,-2,24.08526324226111,0
667,4,7,6,0,-1,20.77798703906477,0
667,4,7,7,1,0,23.77978344207719,.5
667,4,7,8,1,1,24.26923409955067,1
667,4,7,9,1,2,25.22943804273238,1.5
667,4,7,10,1,3,26.1421790747059,2
667,4,7,11,1,4,24.04462046476344,2.5
667,4,7,12,1,5,27.93055585303549,3
668,7,,1,0,,21.43800005924536,0
668,7,,2,0,,22.29643408954292,0
668,7,,3,0,,21.20564082502584,0
668,7,,4,0,,22.7180679179163,0
668,7,,5,0,,28.32520476430398,0
668,7,,6,0,,19.12876456437526,0
668,7,,7,0,,21.55944564457844,0
668,7,,8,0,,22.72625225614726,0
668,7,,9,0,,25.93885435354986,0
668,7,,10,0,,23.6892770273308,0
668,7,,11,0,,20.37273989879927,0
668,7,,12,0,,25.23617397441661,0
669,8,,1,0,,11.47612290342574,0
669,8,,2,0,,15.06717139575123,0
669,8,,3,0,,13.09751225363829,0
669,8,,4,0,,12.33877912558105,0
669,8,,5,0,,15.799826809153,0
669,8,,6,0,,16.93730453516984,0
669,8,,7,0,,16.6305263713444,0
669,8,,8,0,,22.41649151983586,0
669,8,,9,0,,14.3370962229176,0
669,8,,10,0,,19.42536193623127,0
669,8,,11,0,,16.89829196082376,0
669,8,,12,0,,18.092373242214,0
670,5,9,1,0,-8,14.90757900052444,0
670,5,9,2,0,-7,14.21115346154301,0
670,5,9,3,0,-6,15.16424348521197,0
670,5,9,4,0,-5,14.63966969302198,0
670,5,9,5,0,-4,12.03087728727563,0
670,5,9,6,0,-3,16.20806165563388,0
670,5,9,7,0,-2,18.20117611178758,0
670,5,9,8,0,-1,14.77620858582348,0
670,5,9,9,1,0,20.77812283185312,.35
670,5,9,10,1,1,18.21025065101966,.7
670,5,9,11,1,2,14.79872865359636,1.05
670,5,9,12,1,3,15.26865444964858,1.4
671,7,,1,0,,22.77126436022057,0
671,7,,2,0,,19.93484025153867,0
671,7,,3,0,,15.70413358783811,0
671,7,,4,0,,18.87316910037104,0
671,7,,5,0,,14.57344720934684,0
671,7,,6,0,,19.99393734986049,0
671,7,,7,0,,19.44252181401772,0
671,7,,8,0,,22.77766582677867,0
671,7,,9,0,,28.59087145829268,0
671,7,,10,0,,19.53672770353554,0
671,7,,11,0,,18.14512583789842,0
671,7,,12,0,,19.79318303023251,0
672,1,5,1,0,-4,12.46728957204288,0
672,1,5,2,0,-3,11.74629219025824,0
672,1,5,3,0,-2,9.312376292341137,0
672,1,5,4,0,-1,14.64540695047663,0
672,1,5,5,1,0,20.82474688697415,.75
672,1,5,6,1,1,17.94980051910862,1.5
672,1,5,7,1,2,19.07089442132697,2.25
672,1,5,8,1,3,15.10667943100415,3
672,1,5,9,1,4,25.81228407609181,3.75
672,1,5,10,1,5,22.13348207701736,4.5
672,1,5,11,1,6,21.74998757313639,5.25
672,1,5,12,1,7,24.21155009828268,6
673,7,,1,0,,21.33336915357436,0
673,7,,2,0,,16.45953406706128,0
673,7,,3,0,,19.6224099133663,0
673,7,,4,0,,20.64530120523463,0
673,7,,5,0,,15.83091529648482,0
673,7,,6,0,,19.71833031128003,0
673,7,,7,0,,13.59905189985009,0
673,7,,8,0,,17.85777917039104,0
673,7,,9,0,,15.59124359815194,0
673,7,,10,0,,21.26717627158239,0
673,7,,11,0,,18.78842500476094,0
673,7,,12,0,,16.69641353760603,0
674,4,7,1,0,-6,14.5632566879722,0
674,4,7,2,0,-5,7.835348644533235,0
674,4,7,3,0,-4,11.52714154457196,0
674,4,7,4,0,-3,14.63650774372119,0
674,4,7,5,0,-2,16.82084385451121,0
674,4,7,6,0,-1,14.18669834266873,0
674,4,7,7,1,0,11.70078141353817,.5
674,4,7,8,1,1,15.79524830925965,1
674,4,7,9,1,2,14.62419258462098,1.5
674,4,7,10,1,3,19.43510829112801,2
674,4,7,11,1,4,18.71684635227724,2.5
674,4,7,12,1,5,20.54371831936249,3
675,1,5,1,0,-4,22.04785149165111,0
675,1,5,2,0,-3,16.93349889417902,0
675,1,5,3,0,-2,15.86063760374324,0
675,1,5,4,0,-1,17.72047006447565,0
675,1,5,5,1,0,24.24240335563035,.75
675,1,5,6,1,1,18.4955126332483,1.5
675,1,5,7,1,2,19.48222006104205,2.25
675,1,5,8,1,3,21.97737139518163,3
675,1,5,9,1,4,23.2057318766045,3.75
675,1,5,10,1,5,26.87724927431404,4.5
675,1,5,11,1,6,28.652139902427,5.25
675,1,5,12,1,7,24.48311592737299,6
676,1,5,1,0,-4,13.43975687630615,0
676,1,5,2,0,-3,13.66928505086183,0
676,1,5,3,0,-2,15.92104388727062,0
676,1,5,4,0,-1,8.845657384873038,0
676,1,5,5,1,0,13.55089527316905,.75
676,1,5,6,1,1,18.48158608457593,1.5
676,1,5,7,1,2,15.19503393593651,2.25
676,1,5,8,1,3,19.25803130755567,3
676,1,5,9,1,4,17.33388841514974,3.75
676,1,5,10,1,5,25.72795027711903,4.5
676,1,5,11,1,6,21.1020207753774,5.25
676,1,5,12,1,7,23.3545257385848,6
677,6,9,1,0,-8,22.13551235862468,0
677,6,9,2,0,-7,11.42644344588723,0
677,6,9,3,0,-6,21.8987723716578,0
677,6,9,4,0,-5,20.43779004614193,0
677,6,9,5,0,-4,18.86746788512545,0
677,6,9,6,0,-3,21.59597683568556,0
677,6,9,7,0,-2,20.12176877583254,0
677,6,9,8,0,-1,18.4083259625553,0
677,6,9,9,1,0,14.21234734508915,.35
677,6,9,10,1,1,19.66678130241063,.7
677,6,9,11,1,2,18.68438859722113,1.05
677,6,9,12,1,3,23.54867802530198,1.4
678,4,7,1,0,-6,18.34856959002101,0
678,4,7,2,0,-5,20.83198233999032,0
678,4,7,3,0,-4,16.06148924010743,0
678,4,7,4,0,-3,23.23258791831451,0
678,4,7,5,0,-2,18.35242998234666,0
678,4,7,6,0,-1,20.12559178632885,0
678,4,7,7,1,0,24.11644961195666,.5
678,4,7,8,1,1,22.28413067279611,1
678,4,7,9,1,2,24.00886380172332,1.5
678,4,7,10,1,3,24.25318088745228,2
678,4,7,11,1,4,22.00406903189095,2.5
678,4,7,12,1,5,25.38354641012609,3
679,7,,1,0,,19.82892685098404,0
679,7,,2,0,,18.21675289176036,0
679,7,,3,0,,17.2287428521544,0
679,7,,4,0,,23.11040175892396,0
679,7,,5,0,,22.3307252513487,0
679,7,,6,0,,17.02309797446706,0
679,7,,7,0,,20.10237036953066,0
679,7,,8,0,,24.99100991276718,0
679,7,,9,0,,20.26114559081632,0
679,7,,10,0,,22.35832516015481,0
679,7,,11,0,,22.29181486806657,0
679,7,,12,0,,20.97869602793602,0
680,1,5,1,0,-4,24.51836818273994,0
680,1,5,2,0,-3,16.61791652105993,0
680,1,5,3,0,-2,15.69178854092202,0
680,1,5,4,0,-1,14.18510696752683,0
680,1,5,5,1,0,16.48571558690965,.75
680,1,5,6,1,1,21.51805293770643,1.5
680,1,5,7,1,2,23.27179972011328,2.25
680,1,5,8,1,3,22.82823885300029,3
680,1,5,9,1,4,19.37007355458402,3.75
680,1,5,10,1,5,20.84247200667556,4.5
680,1,5,11,1,6,22.57644880656926,5.25
680,1,5,12,1,7,24.05951206482138,6
681,4,7,1,0,-6,19.30325609017698,0
681,4,7,2,0,-5,20.196243888136,0
681,4,7,3,0,-4,16.86359495176947,0
681,4,7,4,0,-3,22.42555419809322,0
681,4,7,5,0,-2,21.35034708220359,0
681,4,7,6,0,-1,16.21480512734773,0
681,4,7,7,1,0,20.33661879128311,.5
681,4,7,8,1,1,20.31765000783816,1
681,4,7,9,1,2,22.9389510149264,1.5
681,4,7,10,1,3,17.47166487223474,2
681,4,7,11,1,4,25.53291964689798,2.5
681,4,7,12,1,5,24.11241408320059,3
682,6,9,1,0,-8,9.319587582486257,0
682,6,9,2,0,-7,11.64075045302002,0
682,6,9,3,0,-6,12.15163316220496,0
682,6,9,4,0,-5,14.7647497230233,0
682,6,9,5,0,-4,5.400486384756412,0
682,6,9,6,0,-3,11.158847394601,0
682,6,9,7,0,-2,8.798378527591312,0
682,6,9,8,0,-1,14.2704663242626,0
682,6,9,9,1,0,4.607142061935027,.35
682,6,9,10,1,1,12.82434850190884,.7
682,6,9,11,1,2,14.428627753039,1.05
682,6,9,12,1,3,10.73340871234621,1.4
683,6,9,1,0,-8,22.81514399252752,0
683,6,9,2,0,-7,18.32816983610633,0
683,6,9,3,0,-6,24.57813298429839,0
683,6,9,4,0,-5,24.86542683643862,0
683,6,9,5,0,-4,23.72905540992746,0
683,6,9,6,0,-3,24.23237336978576,0
683,6,9,7,0,-2,21.26081457590981,0
683,6,9,8,0,-1,23.34506402158114,0
683,6,9,9,1,0,27.02297693303859,.35
683,6,9,10,1,1,26.54933387462695,.7
683,6,9,11,1,2,24.45957566123831,1.05
683,6,9,12,1,3,30.10357137730924,1.4
684,1,5,1,0,-4,17.27939211158327,0
684,1,5,2,0,-3,17.49337865638019,0
684,1,5,3,0,-2,23.72268743053879,0
684,1,5,4,0,-1,22.05875304374479,0
684,1,5,5,1,0,19.33732118109517,.75
684,1,5,6,1,1,21.76201767364119,1.5
684,1,5,7,1,2,26.67427451192713,2.25
684,1,5,8,1,3,32.00743154094328,3
684,1,5,9,1,4,28.74619830178072,3.75
684,1,5,10,1,5,29.01676202645083,4.5
684,1,5,11,1,6,23.62409652257315,5.25
684,1,5,12,1,7,30.30796736545491,6
685,2,5,1,0,-4,13.12869579335263,0
685,2,5,2,0,-3,9.562036038707237,0
685,2,5,3,0,-2,12.11150227864976,0
685,2,5,4,0,-1,18.94473562552739,0
685,2,5,5,1,0,15.80663686313528,.75
685,2,5,6,1,1,15.27232946987613,1.5
685,2,5,7,1,2,16.80275127851957,2.25
685,2,5,8,1,3,24.3941636801989,3
685,2,5,9,1,4,15.991634642774,3.75
685,2,5,10,1,5,17.7159596644716,4.5
685,2,5,11,1,6,20.26222358972095,5.25
685,2,5,12,1,7,21.67409691854357,6
686,6,9,1,0,-8,8.751908559302844,0
686,6,9,2,0,-7,9.701169173041905,0
686,6,9,3,0,-6,7.188826998066778,0
686,6,9,4,0,-5,12.89063436238277,0
686,6,9,5,0,-4,7.085100118846305,0
686,6,9,6,0,-3,10.76762438976647,0
686,6,9,7,0,-2,11.67562490409628,0
686,6,9,8,0,-1,18.36479741234901,0
686,6,9,9,1,0,14.82288250358446,.35
686,6,9,10,1,1,9.701096931847704,.7
686,6,9,11,1,2,14.34781782686754,1.05
686,6,9,12,1,3,11.59456056828854,1.4
687,1,5,1,0,-4,8.398937715951714,0
687,1,5,2,0,-3,8.978299790833516,0
687,1,5,3,0,-2,10.06514825459556,0
687,1,5,4,0,-1,9.850682756538141,0
687,1,5,5,1,0,14.68426862706335,.75
687,1,5,6,1,1,11.85832709992815,1.5
687,1,5,7,1,2,13.49358874217545,2.25
687,1,5,8,1,3,13.07948582046359,3
687,1,5,9,1,4,16.65396679797859,3.75
687,1,5,10,1,5,16.50269957700614,4.5
687,1,5,11,1,6,16.29996285282844,5.25
687,1,5,12,1,7,20.73931148734497,6
688,8,,1,0,,14.31319411740687,0
688,8,,2,0,,16.29970951391338,0
688,8,,3,0,,14.05211621272644,0
688,8,,4,0,,16.28999580932913,0
688,8,,5,0,,13.87779501079528,0
688,8,,6,0,,14.13113323067553,0
688,8,,7,0,,13.04972666543673,0
688,8,,8,0,,15.42492897563258,0
688,8,,9,0,,19.10407005350115,0
688,8,,10,0,,15.84383936290462,0
688,8,,11,0,,13.4891630473289,0
688,8,,12,0,,15.96350582211535,0
689,6,9,1,0,-8,16.9785001988355,0
689,6,9,2,0,-7,20.7616451452202,0
689,6,9,3,0,-6,14.19621676175416,0
689,6,9,4,0,-5,17.90416859369026,0
689,6,9,5,0,-4,15.43975372616297,0
689,6,9,6,0,-3,17.50815702546435,0
689,6,9,7,0,-2,15.12954489373871,0
689,6,9,8,0,-1,15.27476331780308,0
689,6,9,9,1,0,18.00541357185516,.35
689,6,9,10,1,1,21.29248674186681,.7
689,6,9,11,1,2,19.88152654651178,1.05
689,6,9,12,1,3,20.87792525720593,1.4
690,1,5,1,0,-4,18.2794945618978,0
690,1,5,2,0,-3,18.80087954297452,0
690,1,5,3,0,-2,9.572251336708803,0
690,1,5,4,0,-1,18.38028304558427,0
690,1,5,5,1,0,10.37951688749794,.75
690,1,5,6,1,1,13.42652490418138,1.5
690,1,5,7,1,2,13.46718199453416,2.25
690,1,5,8,1,3,18.67775058406906,3
690,1,5,9,1,4,21.22602885290232,3.75
690,1,5,10,1,5,16.01958001344859,4.5
690,1,5,11,1,6,16.59264980152069,5.25
690,1,5,12,1,7,23.38059527601635,6
691,3,7,1,0,-6,14.23897836321242,0
691,3,7,2,0,-5,15.64612588132415,0
691,3,7,3,0,-4,12.29847371627206,0
691,3,7,4,0,-3,14.35818980750578,0
691,3,7,5,0,-2,16.3340370693148,0
691,3,7,6,0,-1,22.41055080815026,0
691,3,7,7,1,0,20.31314547247772,.5
691,3,7,8,1,1,23.07953097184821,1
691,3,7,9,1,2,19.17019075544892,1.5
691,3,7,10,1,3,18.80581318653488,2
691,3,7,11,1,4,24.95801388114677,2.5
691,3,7,12,1,5,25.40387882968689,3
692,4,7,1,0,-6,21.64784451683509,0
692,4,7,2,0,-5,16.86253820342573,0
692,4,7,3,0,-4,21.57284658891975,0
692,4,7,4,0,-3,21.6744689600222,0
692,4,7,5,0,-2,15.77898659929239,0
692,4,7,6,0,-1,20.36307727130373,0
692,4,7,7,1,0,19.25660909049354,.5
692,4,7,8,1,1,25.03837028401387,1
692,4,7,9,1,2,17.87306854327604,1.5
692,4,7,10,1,3,27.79724690775967,2
692,4,7,11,1,4,25.31559766963381,2.5
692,4,7,12,1,5,22.71924856928418,3
693,1,5,1,0,-4,24.35740367586262,0
693,1,5,2,0,-3,20.09023736631784,0
693,1,5,3,0,-2,22.25238799984314,0
693,1,5,4,0,-1,25.89197777150517,0
693,1,5,5,1,0,27.37796500671593,.75
693,1,5,6,1,1,26.96755505514221,1.5
693,1,5,7,1,2,27.32218710234352,2.25
693,1,5,8,1,3,29.97871777220354,3
693,1,5,9,1,4,30.98155004762481,3.75
693,1,5,10,1,5,28.11358922256705,4.5
693,1,5,11,1,6,31.66540552895801,5.25
693,1,5,12,1,7,30.13676089432017,6
694,8,,1,0,,20.03961202461922,0
694,8,,2,0,,16.38957363277049,0
694,8,,3,0,,24.76281072146994,0
694,8,,4,0,,22.33849630008401,0
694,8,,5,0,,18.62320166363286,0
694,8,,6,0,,25.51623946864087,0
694,8,,7,0,,21.49965260135475,0
694,8,,8,0,,25.94876719643404,0
694,8,,9,0,,22.03986703380158,0
694,8,,10,0,,26.5934118565217,0
694,8,,11,0,,23.55568695273347,0
694,8,,12,0,,26.11177156282298,0
695,1,5,1,0,-4,11.826170263456,0
695,1,5,2,0,-3,11.8828285214873,0
695,1,5,3,0,-2,8.403803601191516,0
695,1,5,4,0,-1,11.99168750321074,0
695,1,5,5,1,0,11.82907954547074,.75
695,1,5,6,1,1,15.52739152646944,1.5
695,1,5,7,1,2,14.12297734656222,2.25
695,1,5,8,1,3,17.37543206990961,3
695,1,5,9,1,4,17.92065610916285,3.75
695,1,5,10,1,5,16.54931805287143,4.5
695,1,5,11,1,6,20.70425692733009,5.25
695,1,5,12,1,7,19.72707931376253,6
696,2,5,1,0,-4,12.36639776223125,0
696,2,5,2,0,-3,13.76681840987487,0
696,2,5,3,0,-2,13.98570299652492,0
696,2,5,4,0,-1,14.89122946183163,0
696,2,5,5,1,0,14.49392883514602,.75
696,2,5,6,1,1,16.90377025577812,1.5
696,2,5,7,1,2,14.46796570973104,2.25
696,2,5,8,1,3,15.95913949776941,3
696,2,5,9,1,4,22.25334335247019,3.75
696,2,5,10,1,5,22.80383455449729,4.5
696,2,5,11,1,6,20.52221251322264,5.25
696,2,5,12,1,7,21.5731707810821,6
697,8,,1,0,,18.28153503410374,0
697,8,,2,0,,19.87080154047024,0
697,8,,3,0,,26.31867210828755,0
697,8,,4,0,,23.67410376171512,0
697,8,,5,0,,19.55521451767452,0
697,8,,6,0,,23.22845656331933,0
697,8,,7,0,,23.25596356463684,0
697,8,,8,0,,25.12167477708579,0
697,8,,9,0,,23.09550361786899,0
697,8,,10,0,,24.86064681047255,0
697,8,,11,0,,17.76092272065994,0
697,8,,12,0,,26.55226548282171,0
698,8,,1,0,,6.091586317704161,0
698,8,,2,0,,3.715694864893237,0
698,8,,3,0,,4.153450878998344,0
698,8,,4,0,,11.4026991527207,0
698,8,,5,0,,7.861332717342949,0
698,8,,6,0,,10.97365451696271,0
698,8,,7,0,,4.739988730001481,0
698,8,,8,0,,9.571587023123625,0
698,8,,9,0,,8.303406673021746,0
698,8,,10,0,,6.934971235801442,0
698,8,,11,0,,10.53751096406586,0
698,8,,12,0,,6.608465046834183,0
699,3,7,1,0,-6,11.43577603007777,0
699,3,7,2,0,-5,12.65132503475105,0
699,3,7,3,0,-4,20.0488005088722,0
699,3,7,4,0,-3,12.7893943736386,0
699,3,7,5,0,-2,11.7526054140046,0
699,3,7,6,0,-1,7.990938494152454,0
699,3,7,7,1,0,14.40449265407829,.5
699,3,7,8,1,1,9.478973989523842,1
699,3,7,9,1,2,20.66575243740696,1.5
699,3,7,10,1,3,17.48170835189313,2
699,3,7,11,1,4,17.90357184538394,2.5
699,3,7,12,1,5,23.52002762017703,3
700,2,5,1,0,-4,21.08480130027868,0
700,2,5,2,0,-3,11.94115385556982,0
700,2,5,3,0,-2,18.71326069549276,0
700,2,5,4,0,-1,20.83899014259451,0
700,2,5,5,1,0,16.95842480301105,.75
700,2,5,6,1,1,16.85782680164611,1.5
700,2,5,7,1,2,20.53406708371662,2.25
700,2,5,8,1,3,27.08119128468356,3
700,2,5,9,1,4,23.1857400067913,3.75
700,2,5,10,1,5,24.09881016109035,4.5
700,2,5,11,1,6,19.94949679260481,5.25
700,2,5,12,1,7,23.14494753730795,6
701,2,5,1,0,-4,25.16826675771212,0
701,2,5,2,0,-3,21.99355016051812,0
701,2,5,3,0,-2,19.77188269929973,0
701,2,5,4,0,-1,27.46029381336139,0
701,2,5,5,1,0,18.22889741526475,.75
701,2,5,6,1,1,25.90742604170283,1.5
701,2,5,7,1,2,21.5116562218909,2.25
701,2,5,8,1,3,25.06768966932955,3
701,2,5,9,1,4,28.25839624419367,3.75
701,2,5,10,1,5,27.16330622337169,4.5
701,2,5,11,1,6,27.77053762136224,5.25
701,2,5,12,1,7,36.50245021379769,6
702,3,7,1,0,-6,22.97759893673395,0
702,3,7,2,0,-5,26.66438617980103,0
702,3,7,3,0,-4,23.92394958480626,0
702,3,7,4,0,-3,21.63521252792202,0
702,3,7,5,0,-2,31.28287659125564,0
702,3,7,6,0,-1,27.60680154778157,0
702,3,7,7,1,0,25.55479504430687,.5
702,3,7,8,1,1,25.71544076003917,1
702,3,7,9,1,2,28.56815972286312,1.5
702,3,7,10,1,3,32.06986575895269,2
702,3,7,11,1,4,27.40057754421833,2.5
702,3,7,12,1,5,34.07578234135104,3
703,5,9,1,0,-8,7.186119789400236,0
703,5,9,2,0,-7,13.72278050054466,0
703,5,9,3,0,-6,8.830950268731375,0
703,5,9,4,0,-5,14.24952886320909,0
703,5,9,5,0,-4,7.679633908663,0
703,5,9,6,0,-3,10.14562672007325,0
703,5,9,7,0,-2,6.506209940040169,0
703,5,9,8,0,-1,14.42056464453636,0
703,5,9,9,1,0,6.973897637177284,.35
703,5,9,10,1,1,12.82929439983074,.7
703,5,9,11,1,2,15.2930149575597,1.05
703,5,9,12,1,3,11.29856072947496,1.4
704,1,5,1,0,-4,13.88743141595412,0
704,1,5,2,0,-3,13.79002322399557,0
704,1,5,3,0,-2,9.968380602271035,0
704,1,5,4,0,-1,15.56038079085395,0
704,1,5,5,1,0,16.88167076061262,.75
704,1,5,6,1,1,16.42800897461137,1.5
704,1,5,7,1,2,16.10401889916307,2.25
704,1,5,8,1,3,16.70818975185674,3
704,1,5,9,1,4,21.9144133193411,3.75
704,1,5,10,1,5,22.17568042684088,4.5
704,1,5,11,1,6,22.28863158715406,5.25
704,1,5,12,1,7,29.46667437869124,6
705,3,7,1,0,-6,16.85264833810113,0
705,3,7,2,0,-5,12.29124348953754,0
705,3,7,3,0,-4,10.57093712230268,0
705,3,7,4,0,-3,11.83548583153973,0
705,3,7,5,0,-2,12.13263208600657,0
705,3,7,6,0,-1,16.79085644495396,0
705,3,7,7,1,0,14.60305099284576,.5
705,3,7,8,1,1,22.2861615887272,1
705,3,7,9,1,2,21.04127734694106,1.5
705,3,7,10,1,3,17.45759443276379,2
705,3,7,11,1,4,23.14025786661083,2.5
705,3,7,12,1,5,26.00831990300785,3
706,2,5,1,0,-4,18.67798596145293,0
706,2,5,2,0,-3,25.12395712942355,0
706,2,5,3,0,-2,17.34103272026644,0
706,2,5,4,0,-1,17.57507904302433,0
706,2,5,5,1,0,19.22255163145908,.75
706,2,5,6,1,1,17.36209637588298,1.5
706,2,5,7,1,2,17.16444646201111,2.25
706,2,5,8,1,3,14.41251700872245,3
706,2,5,9,1,4,23.30880657313082,3.75
706,2,5,10,1,5,27.97374096059316,4.5
706,2,5,11,1,6,24.73914159255432,5.25
706,2,5,12,1,7,31.03373227986937,6
707,4,7,1,0,-6,17.00658724992074,0
707,4,7,2,0,-5,12.01183171469579,0
707,4,7,3,0,-4,10.7442205330512,0
707,4,7,4,0,-3,17.13221466873768,0
707,4,7,5,0,-2,10.42642801367965,0
707,4,7,6,0,-1,22.05259795086261,0
707,4,7,7,1,0,12.08835646754754,.5
707,4,7,8,1,1,23.74548113825998,1
707,4,7,9,1,2,19.61213930346872,1.5
707,4,7,10,1,3,20.57324055538844,2
707,4,7,11,1,4,15.70077781332424,2.5
707,4,7,12,1,5,20.48616217845904,3
708,5,9,1,0,-8,28.13432556211043,0
708,5,9,2,0,-7,27.35445543207642,0
708,5,9,3,0,-6,22.30568164793566,0
708,5,9,4,0,-5,19.46234565628756,0
708,5,9,5,0,-4,32.54568053715381,0
708,5,9,6,0,-3,26.97659063982088,0
708,5,9,7,0,-2,28.32115442390951,0
708,5,9,8,0,-1,28.91658014481121,0
708,5,9,9,1,0,25.67441399115425,.35
708,5,9,10,1,1,27.35786773656174,.7
708,5,9,11,1,2,28.95878483339441,1.05
708,5,9,12,1,3,33.12244305608584,1.4
709,1,5,1,0,-4,25.29241561502721,0
709,1,5,2,0,-3,28.10317741164982,0
709,1,5,3,0,-2,24.47578964818161,0
709,1,5,4,0,-1,24.94343904558416,0
709,1,5,5,1,0,24.79011085438536,.75
709,1,5,6,1,1,23.67288369928201,1.5
709,1,5,7,1,2,26.03929596988944,2.25
709,1,5,8,1,3,26.70928404184931,3
709,1,5,9,1,4,30.96489216936564,3.75
709,1,5,10,1,5,25.03283630508181,4.5
709,1,5,11,1,6,33.62551154133673,5.25
709,1,5,12,1,7,28.29744153110314,6
710,4,7,1,0,-6,9.801624718259761,0
710,4,7,2,0,-5,18.51386382781877,0
710,4,7,3,0,-4,19.48617112293139,0
710,4,7,4,0,-3,12.77280861404271,0
710,4,7,5,0,-2,19.84117332346976,0
710,4,7,6,0,-1,15.5891438611646,0
710,4,7,7,1,0,14.76036227257141,.5
710,4,7,8,1,1,14.67157836101941,1
710,4,7,9,1,2,18.94317190481693,1.5
710,4,7,10,1,3,17.23310654861211,2
710,4,7,11,1,4,24.3997713829191,2.5
710,4,7,12,1,5,24.97078036252625,3
711,4,7,1,0,-6,9.012786243885966,0
711,4,7,2,0,-5,12.77208637450787,0
711,4,7,3,0,-4,9.275437244502799,0
711,4,7,4,0,-3,10.06384405123313,0
711,4,7,5,0,-2,12.80257999920739,0
711,4,7,6,0,-1,7.889141343656001,0
711,4,7,7,1,0,13.81829278027064,.5
711,4,7,8,1,1,17.72630035149578,1
711,4,7,9,1,2,14.60683988614254,1.5
711,4,7,10,1,3,12.57182695662879,2
711,4,7,11,1,4,15.78643617951561,2.5
711,4,7,12,1,5,19.53600745475734,3
712,8,,1,0,,14.26024492438534,0
712,8,,2,0,,8.600134453027353,0
712,8,,3,0,,10.45658689382116,0
712,8,,4,0,,16.5483829930888,0
712,8,,5,0,,14.75684198602522,0
712,8,,6,0,,14.62272047121012,0
712,8,,7,0,,17.12428995582896,0
712,8,,8,0,,16.11067354034997,0
712,8,,9,0,,21.40542956796169,0
712,8,,10,0,,10.44542776927426,0
712,8,,11,0,,19.987075665991,0
712,8,,12,0,,20.17576513773509,0
713,8,,1,0,,14.02455564577556,0
713,8,,2,0,,10.27418688327353,0
713,8,,3,0,,5.802892813650706,0
713,8,,4,0,,11.31242057865508,0
713,8,,5,0,,8.78720499203882,0
713,8,,6,0,,4.86974782566748,0
713,8,,7,0,,7.657101434410972,0
713,8,,8,0,,15.83741910507138,0
713,8,,9,0,,13.90950046797061,0
713,8,,10,0,,11.3289089547041,0
713,8,,11,0,,11.00560024217447,0
713,8,,12,0,,18.00401626867058,0
714,2,5,1,0,-4,8.792184923350622,0
714,2,5,2,0,-3,5.724736907545584,0
714,2,5,3,0,-2,17.07482314396292,0
714,2,5,4,0,-1,15.70547509042147,0
714,2,5,5,1,0,19.78117014449045,.75
714,2,5,6,1,1,14.86158912203608,1.5
714,2,5,7,1,2,16.14128686490427,2.25
714,2,5,8,1,3,19.69096970271495,3
714,2,5,9,1,4,18.77564352498315,3.75
714,2,5,10,1,5,17.61385003246512,4.5
714,2,5,11,1,6,15.43945908779468,5.25
714,2,5,12,1,7,21.59874217224359,6
715,2,5,1,0,-4,19.02871568710325,0
715,2,5,2,0,-3,12.73896420205616,0
715,2,5,3,0,-2,19.33659138280952,0
715,2,5,4,0,-1,23.124220973011,0
715,2,5,5,1,0,21.26452143078754,.75
715,2,5,6,1,1,25.28992507814686,1.5
715,2,5,7,1,2,25.64374480628657,2.25
715,2,5,8,1,3,29.91228268541768,3
715,2,5,9,1,4,21.51495169846194,3.75
715,2,5,10,1,5,24.52220660270068,4.5
715,2,5,11,1,6,23.92529181234677,5.25
715,2,5,12,1,7,28.41760800513743,6
716,3,7,1,0,-6,22.42119270679959,0
716,3,7,2,0,-5,28.86580195529029,0
716,3,7,3,0,-4,24.02974778319759,0
716,3,7,4,0,-3,23.78526897196384,0
716,3,7,5,0,-2,22.06734563372289,0
716,3,7,6,0,-1,17.74021481482691,0
716,3,7,7,1,0,19.0591533652015,.5
716,3,7,8,1,1,27.58310867401205,1
716,3,7,9,1,2,23.14089531172165,1.5
716,3,7,10,1,3,27.87329857058163,2
716,3,7,11,1,4,30.14649030953453,2.5
716,3,7,12,1,5,30.99612942319164,3
717,6,9,1,0,-8,13.95731297890942,0
717,6,9,2,0,-7,15.61780814588708,0
717,6,9,3,0,-6,12.23894277662261,0
717,6,9,4,0,-5,18.74755494277443,0
717,6,9,5,0,-4,15.97682724514733,0
717,6,9,6,0,-3,13.91922400871731,0
717,6,9,7,0,-2,15.33153229541016,0
717,6,9,8,0,-1,11.67509429232333,0
717,6,9,9,1,0,16.64461445060242,.35
717,6,9,10,1,1,17.39928641416288,.7
717,6,9,11,1,2,18.99923441014378,1.05
717,6,9,12,1,3,18.66413629240021,1.4
718,4,7,1,0,-6,16.0690477475522,0
718,4,7,2,0,-5,18.39387737518616,0
718,4,7,3,0,-4,14.58051243607731,0
718,4,7,4,0,-3,14.31493812605245,0
718,4,7,5,0,-2,18.8460329486757,0
718,4,7,6,0,-1,17.26039179645653,0
718,4,7,7,1,0,18.51260034927236,.5
718,4,7,8,1,1,17.63309444047093,1
718,4,7,9,1,2,22.1878655881059,1.5
718,4,7,10,1,3,19.34783302737845,2
718,4,7,11,1,4,24.10279555450869,2.5
718,4,7,12,1,5,29.29594752309963,3
719,7,,1,0,,21.21055183845365,0
719,7,,2,0,,22.61854909347602,0
719,7,,3,0,,18.16840900290689,0
719,7,,4,0,,23.4539046919697,0
719,7,,5,0,,22.72698461623775,0
719,7,,6,0,,19.92152922056247,0
719,7,,7,0,,26.68301893921775,0
719,7,,8,0,,17.50565082945263,0
719,7,,9,0,,21.20433625793754,0
719,7,,10,0,,19.52317151783912,0
719,7,,11,0,,26.67720829421364,0
719,7,,12,0,,27.8163333587752,0
720,3,7,1,0,-6,12.30026239103658,0
720,3,7,2,0,-5,8.199083118710799,0
720,3,7,3,0,-4,15.87917705856479,0
720,3,7,4,0,-3,11.03837360110911,0
720,3,7,5,0,-2,16.1826038789471,0
720,3,7,6,0,-1,9.729178969240575,0
720,3,7,7,1,0,14.42005244947627,.5
720,3,7,8,1,1,23.37875783394426,1
720,3,7,9,1,2,23.53874076981029,1.5
720,3,7,10,1,3,19.35601430462682,2
720,3,7,11,1,4,17.04227529847397,2.5
720,3,7,12,1,5,17.55719060979607,3
721,8,,1,0,,25.83013354655838,0
721,8,,2,0,,12.27239691354044,0
721,8,,3,0,,21.31910326050386,0
721,8,,4,0,,23.60032387560257,0
721,8,,5,0,,16.71721676352337,0
721,8,,6,0,,25.75847058361443,0
721,8,,7,0,,24.81765429419943,0
721,8,,8,0,,20.55436377568316,0
721,8,,9,0,,16.78526096769524,0
721,8,,10,0,,25.35380080525734,0
721,8,,11,0,,26.42936559528007,0
721,8,,12,0,,20.08290466260644,0
722,4,7,1,0,-6,11.37291590655344,0
722,4,7,2,0,-5,11.14925017671497,0
722,4,7,3,0,-4,17.0543286939409,0
722,4,7,4,0,-3,11.88236081617966,0
722,4,7,5,0,-2,9.194349389109027,0
722,4,7,6,0,-1,15.48072909220296,0
722,4,7,7,1,0,9.253943281960543,.5
722,4,7,8,1,1,14.02345313835512,1
722,4,7,9,1,2,17.31200289195016,1.5
722,4,7,10,1,3,19.1371302818701,2
722,4,7,11,1,4,18.47001045088463,2.5
722,4,7,12,1,5,21.37727634839528,3
723,7,,1,0,,22.84899215824408,0
723,7,,2,0,,26.7664698423719,0
723,7,,3,0,,23.48290568724451,0
723,7,,4,0,,28.20605081229267,0
723,7,,5,0,,21.15013147560554,0
723,7,,6,0,,24.78858733250417,0
723,7,,7,0,,22.51451814184084,0
723,7,,8,0,,26.46699755006096,0
723,7,,9,0,,24.94733770885201,0
723,7,,10,0,,23.16390103675879,0
723,7,,11,0,,21.94447614359233,0
723,7,,12,0,,31.65342461853846,0
724,5,9,1,0,-8,18.9893401971862,0
724,5,9,2,0,-7,12.62412548076333,0
724,5,9,3,0,-6,20.32265047987976,0
724,5,9,4,0,-5,20.45036248525622,0
724,5,9,5,0,-4,25.04616142600074,0
724,5,9,6,0,-3,22.63884096510731,0
724,5,9,7,0,-2,20.92910222792235,0
724,5,9,8,0,-1,18.22591677052576,0
724,5,9,9,1,0,21.24154328596424,.35
724,5,9,10,1,1,19.54101277187415,.7
724,5,9,11,1,2,19.50024376112866,1.05
724,5,9,12,1,3,23.7859175473084,1.4
725,3,7,1,0,-6,19.51364486098121,0
725,3,7,2,0,-5,22.75823915771448,0
725,3,7,3,0,-4,26.03355366030526,0
725,3,7,4,0,-3,19.99997800711777,0
725,3,7,5,0,-2,20.37018865381098,0
725,3,7,6,0,-1,22.55011303223932,0
725,3,7,7,1,0,19.80913771883342,.5
725,3,7,8,1,1,31.08558596376315,1
725,3,7,9,1,2,24.50114678246368,1.5
725,3,7,10,1,3,23.03640608715715,2
725,3,7,11,1,4,25.4822013314359,2.5
725,3,7,12,1,5,24.48273435431965,3
726,3,7,1,0,-6,16.01924446796839,0
726,3,7,2,0,-5,18.47482422139219,0
726,3,7,3,0,-4,19.4539902222321,0
726,3,7,4,0,-3,22.16647816150068,0
726,3,7,5,0,-2,15.81323478708859,0
726,3,7,6,0,-1,19.33352716326149,0
726,3,7,7,1,0,23.30150085500714,.5
726,3,7,8,1,1,23.46204239354073,1
726,3,7,9,1,2,23.13940644090917,1.5
726,3,7,10,1,3,20.45761387398371,2
726,3,7,11,1,4,24.98096853031267,2.5
726,3,7,12,1,5,19.94177895447085,3
727,7,,1,0,,11.86672639549911,0
727,7,,2,0,,16.40131491507683,0
727,7,,3,0,,13.13098638006836,0
727,7,,4,0,,15.06287856557042,0
727,7,,5,0,,16.71335752814633,0
727,7,,6,0,,14.15225350300074,0
727,7,,7,0,,15.89711969685636,0
727,7,,8,0,,17.09951296717931,0
727,7,,9,0,,15.32945333622567,0
727,7,,10,0,,15.25166514095725,0
727,7,,11,0,,11.64673220820739,0
727,7,,12,0,,16.3627882733502,0
728,8,,1,0,,13.39690640460944,0
728,8,,2,0,,8.262529598585456,0
728,8,,3,0,,12.679499585297,0
728,8,,4,0,,7.333523627115204,0
728,8,,5,0,,10.46970858590756,0
728,8,,6,0,,14.58926383921367,0
728,8,,7,0,,16.10016511553793,0
728,8,,8,0,,14.1482313508286,0
728,8,,9,0,,11.04246659508502,0
728,8,,10,0,,9.918225440301246,0
728,8,,11,0,,10.98278089990944,0
728,8,,12,0,,15.00663262867989,0
729,3,7,1,0,-6,16.6108054056566,0
729,3,7,2,0,-5,24.61544896988509,0
729,3,7,3,0,-4,22.311640954727,0
729,3,7,4,0,-3,18.47783069418065,0
729,3,7,5,0,-2,21.99272894022588,0
729,3,7,6,0,-1,21.83537817594941,0
729,3,7,7,1,0,22.34419245967053,.5
729,3,7,8,1,1,18.43702897154046,1
729,3,7,9,1,2,28.49569111592228,1.5
729,3,7,10,1,3,24.61863053484779,2
729,3,7,11,1,4,29.31784902215455,2.5
729,3,7,12,1,5,29.14243130708068,3
730,5,9,1,0,-8,20.14804347707999,0
730,5,9,2,0,-7,16.54782252653396,0
730,5,9,3,0,-6,14.47290124075735,0
730,5,9,4,0,-5,21.96551407245874,0
730,5,9,5,0,-4,18.67728603745605,0
730,5,9,6,0,-3,20.83634859513364,0
730,5,9,7,0,-2,17.5434166399892,0
730,5,9,8,0,-1,27.40091000777703,0
730,5,9,9,1,0,21.94816531037362,.35
730,5,9,10,1,1,16.02368285345603,.7
730,5,9,11,1,2,18.73136752418257,1.05
730,5,9,12,1,3,27.20234219964534,1.4
731,4,7,1,0,-6,11.46221376636169,0
731,4,7,2,0,-5,3.758222266522087,0
731,4,7,3,0,-4,8.59719874716574,0
731,4,7,4,0,-3,8.867393694806392,0
731,4,7,5,0,-2,12.274995767282,0
731,4,7,6,0,-1,7.11195095446273,0
731,4,7,7,1,0,10.36882512265067,.5
731,4,7,8,1,1,6.312694447727941,1
731,4,7,9,1,2,14.67339321688257,1.5
731,4,7,10,1,3,14.63513878153825,2
731,4,7,11,1,4,13.07124307755198,2.5
731,4,7,12,1,5,14.21356062755886,3
732,2,5,1,0,-4,18.15662270834734,0
732,2,5,2,0,-3,12.2153234485473,0
732,2,5,3,0,-2,18.73720317670917,0
732,2,5,4,0,-1,19.39942093055268,0
732,2,5,5,1,0,19.40766597620732,.75
732,2,5,6,1,1,19.1280671952273,1.5
732,2,5,7,1,2,21.97343030189953,2.25
732,2,5,8,1,3,20.13749380914806,3
732,2,5,9,1,4,21.11963609871988,3.75
732,2,5,10,1,5,20.13243837038612,4.5
732,2,5,11,1,6,22.74413813258732,5.25
732,2,5,12,1,7,24.89215847046047,6
733,8,,1,0,,22.79817462253127,0
733,8,,2,0,,25.12485622176878,0
733,8,,3,0,,23.49546486123194,0
733,8,,4,0,,20.93706676562598,0
733,8,,5,0,,29.30954786814552,0
733,8,,6,0,,24.55762812025922,0
733,8,,7,0,,25.64412621465933,0
733,8,,8,0,,31.06137150665878,0
733,8,,9,0,,24.82282681064085,0
733,8,,10,0,,25.10458115242617,0
733,8,,11,0,,21.41025181373375,0
733,8,,12,0,,31.69262072885999,0
734,2,5,1,0,-4,29.14603747947646,0
734,2,5,2,0,-3,26.55569521860199,0
734,2,5,3,0,-2,26.99810731065312,0
734,2,5,4,0,-1,29.66245168871986,0
734,2,5,5,1,0,32.31916735627969,.75
734,2,5,6,1,1,33.24363954166882,1.5
734,2,5,7,1,2,29.08647144480351,2.25
734,2,5,8,1,3,33.98561570704931,3
734,2,5,9,1,4,33.58551833444419,3.75
734,2,5,10,1,5,32.81638654544435,4.5
734,2,5,11,1,6,41.98704505809634,5.25
734,2,5,12,1,7,40.90859592872883,6
735,6,9,1,0,-8,13.61606443137963,0
735,6,9,2,0,-7,4.391340049944676,0
735,6,9,3,0,-6,13.81718167756276,0
735,6,9,4,0,-5,18.41081171584818,0
735,6,9,5,0,-4,10.24463315564617,0
735,6,9,6,0,-3,7.315578078777313,0
735,6,9,7,0,-2,12.3948928620811,0
735,6,9,8,0,-1,18.84060409143713,0
735,6,9,9,1,0,9.149626790605163,.35
735,6,9,10,1,1,11.29094749785488,.7
735,6,9,11,1,2,15.86199699752416,1.05
735,6,9,12,1,3,15.08978709531041,1.4
736,2,5,1,0,-4,23.39934927849544,0
736,2,5,2,0,-3,23.89282129215367,0
736,2,5,3,0,-2,19.98370321852616,0
736,2,5,4,0,-1,25.67968302651644,0
736,2,5,5,1,0,22.74976238389631,.75
736,2,5,6,1,1,23.34669106520925,1.5
736,2,5,7,1,2,24.09414260274169,2.25
736,2,5,8,1,3,26.60860744253945,3
736,2,5,9,1,4,26.8120778242243,3.75
736,2,5,10,1,5,29.57529242950653,4.5
736,2,5,11,1,6,31.37142928277007,5.25
736,2,5,12,1,7,28.90552170086097,6
737,8,,1,0,,16.23930481379646,0
737,8,,2,0,,23.0096287716465,0
737,8,,3,0,,16.30037163109004,0
737,8,,4,0,,20.42018804280537,0
737,8,,5,0,,21.16297849560115,0
737,8,,6,0,,23.21444041876765,0
737,8,,7,0,,22.64029087224412,0
737,8,,8,0,,18.9131648344898,0
737,8,,9,0,,18.51251894960948,0
737,8,,10,0,,23.79280690957173,0
737,8,,11,0,,23.74175188826942,0
737,8,,12,0,,20.8624848064201,0
738,6,9,1,0,-8,20.62396250406765,0
738,6,9,2,0,-7,17.8253417473402,0
738,6,9,3,0,-6,20.50381941517398,0
738,6,9,4,0,-5,23.59472022717292,0
738,6,9,5,0,-4,17.94646239117035,0
738,6,9,6,0,-3,20.16150433701856,0
738,6,9,7,0,-2,14.51411917577738,0
738,6,9,8,0,-1,23.08217439605329,0
738,6,9,9,1,0,20.16035224829476,.35
738,6,9,10,1,1,19.15849536257612,.7
738,6,9,11,1,2,25.15151933615226,1.05
738,6,9,12,1,3,22.22481409329976,1.4
739,7,,1,0,,22.61699578275782,0
739,7,,2,0,,26.59911353760069,0
739,7,,3,0,,17.35378428651437,0
739,7,,4,0,,14.594149975798,0
739,7,,5,0,,20.38642852933365,0
739,7,,6,0,,26.78337526234625,0
739,7,,7,0,,16.32151241613705,0
739,7,,8,0,,25.28298025811709,0
739,7,,9,0,,21.9334775752707,0
739,7,,10,0,,26.54641075305242,0
739,7,,11,0,,25.52877373016845,0
739,7,,12,0,,29.70785871495213,0
740,1,5,1,0,-4,15.46917687312894,0
740,1,5,2,0,-3,14.54566616844535,0
740,1,5,3,0,-2,10.31931674873651,0
740,1,5,4,0,-1,11.22379743092775,0
740,1,5,5,1,0,13.69088692002548,.75
740,1,5,6,1,1,16.50538097760972,1.5
740,1,5,7,1,2,16.35887060615549,2.25
740,1,5,8,1,3,18.60199634016518,3
740,1,5,9,1,4,23.50352859986944,3.75
740,1,5,10,1,5,19.87423505867075,4.5
740,1,5,11,1,6,25.19798936685471,5.25
740,1,5,12,1,7,30.87981077968126,6
741,3,7,1,0,-6,25.99771131527939,0
741,3,7,2,0,-5,22.15262982352511,0
741,3,7,3,0,-4,28.33955067564515,0
741,3,7,4,0,-3,31.11252520819733,0
741,3,7,5,0,-2,33.93652402332786,0
741,3,7,6,0,-1,26.87847037428735,0
741,3,7,7,1,0,28.02079070666146,.5
741,3,7,8,1,1,29.16865411938879,1
741,3,7,9,1,2,28.97526596487535,1.5
741,3,7,10,1,3,33.75961422348087,2
741,3,7,11,1,4,32.22229128204363,2.5
741,3,7,12,1,5,33.65867483615359,3
742,6,9,1,0,-8,7.198725211287083,0
742,6,9,2,0,-7,9.060084781042837,0
742,6,9,3,0,-6,9.050348809112432,0
742,6,9,4,0,-5,11.91918793361077,0
742,6,9,5,0,-4,15.76332077998278,0
742,6,9,6,0,-3,12.0293403389483,0
742,6,9,7,0,-2,8.20613637748664,0
742,6,9,8,0,-1,13.94118948078884,0
742,6,9,9,1,0,12.71084791748194,.35
742,6,9,10,1,1,15.82399317517485,.7
742,6,9,11,1,2,15.17687952049644,1.05
742,6,9,12,1,3,17.0722382201789,1.4
743,4,7,1,0,-6,25.6759900178895,0
743,4,7,2,0,-5,25.09299338735271,0
743,4,7,3,0,-4,20.61969253641753,0
743,4,7,4,0,-3,26.39445425584295,0
743,4,7,5,0,-2,22.58233050074632,0
743,4,7,6,0,-1,29.38252365797237,0
743,4,7,7,1,0,26.61872291809895,.5
743,4,7,8,1,1,36.61114007848218,1
743,4,7,9,1,2,24.14778528218083,1.5
743,4,7,10,1,3,27.15613106566837,2
743,4,7,11,1,4,33.41572616484797,2.5
743,4,7,12,1,5,30.2140759334591,3
744,3,7,1,0,-6,23.14465654774792,0
744,3,7,2,0,-5,19.61070242866414,0
744,3,7,3,0,-4,18.5936701725066,0
744,3,7,4,0,-3,17.59588745385768,0
744,3,7,5,0,-2,14.88755732618317,0
744,3,7,6,0,-1,16.13156997832476,0
744,3,7,7,1,0,19.65569154975645,.5
744,3,7,8,1,1,16.26638733476162,1
744,3,7,9,1,2,20.37714259243126,1.5
744,3,7,10,1,3,18.46387095246055,2
744,3,7,11,1,4,24.41622254390381,2.5
744,3,7,12,1,5,23.97666577748797,3
745,3,7,1,0,-6,19.63451301214339,0
745,3,7,2,0,-5,24.79109143947748,0
745,3,7,3,0,-4,19.83629526607412,0
745,3,7,4,0,-3,19.74710701129834,0
745,3,7,5,0,-2,23.3071003183451,0
745,3,7,6,0,-1,21.80968814819499,0
745,3,7,7,1,0,20.24553255160818,.5
745,3,7,8,1,1,19.5743690985294,1
745,3,7,9,1,2,24.21250563097945,1.5
745,3,7,10,1,3,25.94929839602426,2
745,3,7,11,1,4,29.44341939714412,2.5
745,3,7,12,1,5,28.23141621017743,3
746,8,,1,0,,17.48892587582382,0
746,8,,2,0,,14.56463040630542,0
746,8,,3,0,,15.82321472934745,0
746,8,,4,0,,11.97843144912215,0
746,8,,5,0,,12.60803766817492,0
746,8,,6,0,,15.11344709335607,0
746,8,,7,0,,14.40444439816589,0
746,8,,8,0,,15.80241007921571,0
746,8,,9,0,,10.91916855124858,0
746,8,,10,0,,18.39756511629994,0
746,8,,11,0,,16.23558521393121,0
746,8,,12,0,,19.82102104110518,0
747,1,5,1,0,-4,8.528203443384756,0
747,1,5,2,0,-3,12.4291720265043,0
747,1,5,3,0,-2,16.29678835153635,0
747,1,5,4,0,-1,15.00786040440581,0
747,1,5,5,1,0,13.11487362398798,.75
747,1,5,6,1,1,9.879460946602965,1.5
747,1,5,7,1,2,13.94347591738078,2.25
747,1,5,8,1,3,20.28113227711325,3
747,1,5,9,1,4,14.40340660691465,3.75
747,1,5,10,1,5,13.13189316069097,4.5
747,1,5,11,1,6,19.43980926552121,5.25
747,1,5,12,1,7,22.83220182291628,6
748,8,,1,0,,16.13922842975058,0
748,8,,2,0,,17.36739977319884,0
748,8,,3,0,,18.00436687369955,0
748,8,,4,0,,19.29626160019861,0
748,8,,5,0,,18.98491212153268,0
748,8,,6,0,,19.77702988144137,0
748,8,,7,0,,24.57983440084153,0
748,8,,8,0,,21.09391073149444,0
748,8,,9,0,,12.14903797536066,0
748,8,,10,0,,18.93437811507615,0
748,8,,11,0,,20.62001614872032,0
748,8,,12,0,,24.38567556401,0
749,4,7,1,0,-6,10.68287487608253,0
749,4,7,2,0,-5,13.80086079841432,0
749,4,7,3,0,-4,19.79914294888884,0
749,4,7,4,0,-3,15.74113923157289,0
749,4,7,5,0,-2,10.10216125216389,0
749,4,7,6,0,-1,13.25178204410761,0
749,4,7,7,1,0,20.0395844693548,.5
749,4,7,8,1,1,17.05162452992787,1
749,4,7,9,1,2,19.00259970088021,1.5
749,4,7,10,1,3,23.24688599666733,2
749,4,7,11,1,4,19.93001381860271,2.5
749,4,7,12,1,5,20.36283635545691,3
750,2,5,1,0,-4,22.54401261195267,0
750,2,5,2,0,-3,21.5642386916557,0
750,2,5,3,0,-2,17.17516512301745,0
750,2,5,4,0,-1,23.1719508091135,0
750,2,5,5,1,0,23.46222797898565,.75
750,2,5,6,1,1,20.23159763439687,1.5
750,2,5,7,1,2,28.04167631364608,2.25
750,2,5,8,1,3,25.34534018923975,3
750,2,5,9,1,4,24.89612741784605,3.75
750,2,5,10,1,5,27.18506834127582,4.5
750,2,5,11,1,6,29.1373911530257,5.25
750,2,5,12,1,7,26.32912533454909,6
751,7,,1,0,,12.32157895431243,0
751,7,,2,0,,15.87115816473274,0
751,7,,3,0,,12.6440989757398,0
751,7,,4,0,,14.79896450476549,0
751,7,,5,0,,10.08813110787804,0
751,7,,6,0,,14.80045374103819,0
751,7,,7,0,,15.79011393435647,0
751,7,,8,0,,15.95914136341075,0
751,7,,9,0,,12.96879108615942,0
751,7,,10,0,,14.84966892878229,0
751,7,,11,0,,18.48248096542448,0
751,7,,12,0,,13.68566892588491,0
752,5,9,1,0,-8,21.37787985049369,0
752,5,9,2,0,-7,22.03431148506706,0
752,5,9,3,0,-6,21.95897849452368,0
752,5,9,4,0,-5,17.02930394911347,0
752,5,9,5,0,-4,25.26894653925875,0
752,5,9,6,0,-3,29.95676574200157,0
752,5,9,7,0,-2,20.83378053871328,0
752,5,9,8,0,-1,25.45455710784389,0
752,5,9,9,1,0,28.43752900137376,.35
752,5,9,10,1,1,20.68397740891265,.7
752,5,9,11,1,2,26.90995980590717,1.05
752,5,9,12,1,3,32.29138427742249,1.4
753,3,7,1,0,-6,11.75549859164939,0
753,3,7,2,0,-5,10.95318660010828,0
753,3,7,3,0,-4,10.5980070724727,0
753,3,7,4,0,-3,15.22470070504488,0
753,3,7,5,0,-2,18.9883132732175,0
753,3,7,6,0,-1,14.78244573672369,0
753,3,7,7,1,0,17.11430396809467,.5
753,3,7,8,1,1,17.50594229654323,1
753,3,7,9,1,2,17.7408369215503,1.5
753,3,7,10,1,3,13.87712549016876,2
753,3,7,11,1,4,9.828918185006735,2.5
753,3,7,12,1,5,21.69472516921847,3
754,6,9,1,0,-8,19.04396032936101,0
754,6,9,2,0,-7,22.42576493000272,0
754,6,9,3,0,-6,16.94338744609302,0
754,6,9,4,0,-5,21.86594381872864,0
754,6,9,5,0,-4,20.86685329786857,0
754,6,9,6,0,-3,24.42162569794337,0
754,6,9,7,0,-2,24.37710634935202,0
754,6,9,8,0,-1,20.03530876380082,0
754,6,9,9,1,0,23.72714409546837,.35
754,6,9,10,1,1,22.29525708529352,.7
754,6,9,11,1,2,29.27828318300379,1.05
754,6,9,12,1,3,26.42875159222337,1.4
755,6,9,1,0,-8,16.9276836772957,0
755,6,9,2,0,-7,22.81351443318483,0
755,6,9,3,0,-6,18.17634940114335,0
755,6,9,4,0,-5,18.88056343220378,0
755,6,9,5,0,-4,20.31983250912438,0
755,6,9,6,0,-3,16.37548525737879,0
755,6,9,7,0,-2,18.99627154087553,0
755,6,9,8,0,-1,23.39163027772985,0
755,6,9,9,1,0,23.25252301879627,.35
755,6,9,10,1,1,26.86022797937171,.7
755,6,9,11,1,2,22.11309570251685,1.05
755,6,9,12,1,3,22.30590899218302,1.4
756,7,,1,0,,24.47164629962701,0
756,7,,2,0,,24.84211072407646,0
756,7,,3,0,,22.4281343308678,0
756,7,,4,0,,27.9740706318672,0
756,7,,5,0,,17.60652711585847,0
756,7,,6,0,,20.55660600478321,0
756,7,,7,0,,27.12862869481187,0
756,7,,8,0,,26.54834282676208,0
756,7,,9,0,,26.92199893315657,0
756,7,,10,0,,19.37220483531963,0
756,7,,11,0,,26.9567885346565,0
756,7,,12,0,,23.03002730597267,0
757,2,5,1,0,-4,12.91725011656777,0
757,2,5,2,0,-3,14.23618951437953,0
757,2,5,3,0,-2,14.73952570970279,0
757,2,5,4,0,-1,10.23854340264613,0
757,2,5,5,1,0,7.173847998778469,.75
757,2,5,6,1,1,13.39870762981045,1.5
757,2,5,7,1,2,14.0367488561787,2.25
757,2,5,8,1,3,15.26653809424248,3
757,2,5,9,1,4,17.73827357829586,3.75
757,2,5,10,1,5,24.35937924410803,4.5
757,2,5,11,1,6,20.30837686362087,5.25
757,2,5,12,1,7,18.81960952772134,6
758,8,,1,0,,10.86201840606764,0
758,8,,2,0,,11.19243454777304,0
758,8,,3,0,,17.02745581174618,0
758,8,,4,0,,12.06710775849147,0
758,8,,5,0,,10.49754751869991,0
758,8,,6,0,,12.43918655698909,0
758,8,,7,0,,17.5623530574979,0
758,8,,8,0,,17.16200359819937,0
758,8,,9,0,,16.64325717481037,0
758,8,,10,0,,18.8855631598294,0
758,8,,11,0,,16.37440954537824,0
758,8,,12,0,,18.94816692623089,0
759,5,9,1,0,-8,16.81747958057977,0
759,5,9,2,0,-7,16.43003751259877,0
759,5,9,3,0,-6,10.75067040597096,0
759,5,9,4,0,-5,20.5058848311114,0
759,5,9,5,0,-4,14.14283759293666,0
759,5,9,6,0,-3,17.10864985006533,0
759,5,9,7,0,-2,26.07169761549898,0
759,5,9,8,0,-1,22.90703160697905,0
759,5,9,9,1,0,20.1100831681372,.35
759,5,9,10,1,1,14.72793161864962,.7
759,5,9,11,1,2,21.9906254359721,1.05
759,5,9,12,1,3,20.61013515540458,1.4
760,6,9,1,0,-8,11.33163592150619,0
760,6,9,2,0,-7,10.84262426788893,0
760,6,9,3,0,-6,12.35598490761625,0
760,6,9,4,0,-5,17.63505881356175,0
760,6,9,5,0,-4,14.47997901251805,0
760,6,9,6,0,-3,14.72644093864089,0
760,6,9,7,0,-2,16.91158594121188,0
760,6,9,8,0,-1,13.868288157162,0
760,6,9,9,1,0,22.98921228168344,.35
760,6,9,10,1,1,24.91898962487458,.7
760,6,9,11,1,2,18.87443364787561,1.05
760,6,9,12,1,3,19.99153006060576,1.4
761,1,5,1,0,-4,10.54332942842796,0
761,1,5,2,0,-3,12.54437292108045,0
761,1,5,3,0,-2,10.23367524552337,0
761,1,5,4,0,-1,15.54126163813284,0
761,1,5,5,1,0,16.7371284281808,.75
761,1,5,6,1,1,14.73142723769579,1.5
761,1,5,7,1,2,15.25020459560005,2.25
761,1,5,8,1,3,17.52419850136614,3
761,1,5,9,1,4,19.92274297848903,3.75
761,1,5,10,1,5,20.73523551850657,4.5
761,1,5,11,1,6,14.38790517146814,5.25
761,1,5,12,1,7,14.93749845414259,6
762,3,7,1,0,-6,15.37022424231272,0
762,3,7,2,0,-5,6.388518173067796,0
762,3,7,3,0,-4,15.95543407543096,0
762,3,7,4,0,-3,16.06654362351561,0
762,3,7,5,0,-2,19.95946358797629,0
762,3,7,6,0,-1,10.9300744107421,0
762,3,7,7,1,0,9.240587871343873,.5
762,3,7,8,1,1,18.15268871852008,1
762,3,7,9,1,2,15.71377430708679,1.5
762,3,7,10,1,3,17.29591671161511,2
762,3,7,11,1,4,19.13741584440508,2.5
762,3,7,12,1,5,16.67473824450892,3
763,8,,1,0,,17.13543547802718,0
763,8,,2,0,,22.19839237900966,0
763,8,,3,0,,22.50563517588178,0
763,8,,4,0,,22.84288441289567,0
763,8,,5,0,,22.38064100481488,0
763,8,,6,0,,24.15491228944207,0
763,8,,7,0,,20.09936895520049,0
763,8,,8,0,,24.73526441603009,0
763,8,,9,0,,23.49342414382462,0
763,8,,10,0,,23.34206733951264,0
763,8,,11,0,,24.48151710702406,0
763,8,,12,0,,30.6186547616117,0
764,7,,1,0,,22.88612373146261,0
764,7,,2,0,,17.52324160623574,0
764,7,,3,0,,22.67683427102145,0
764,7,,4,0,,22.76245860507392,0
764,7,,5,0,,29.16503945598131,0
764,7,,6,0,,19.73253105340854,0
764,7,,7,0,,18.69799547792296,0
764,7,,8,0,,26.0211931876498,0
764,7,,9,0,,21.11108832696625,0
764,7,,10,0,,25.95608825271464,0
764,7,,11,0,,26.61893675048409,0
764,7,,12,0,,23.85640134547645,0
765,3,7,1,0,-6,23.19087965138018,0
765,3,7,2,0,-5,18.23700115975742,0
765,3,7,3,0,-4,18.01279416048566,0
765,3,7,4,0,-3,22.42950781006571,0
765,3,7,5,0,-2,25.91090531549605,0
765,3,7,6,0,-1,20.85991711292407,0
765,3,7,7,1,0,22.4019717526761,.5
765,3,7,8,1,1,25.90415411569607,1
765,3,7,9,1,2,22.31477844017026,1.5
765,3,7,10,1,3,28.90582831320189,2
765,3,7,11,1,4,25.23993055941078,2.5
765,3,7,12,1,5,32.33508496729,3
766,5,9,1,0,-8,18.39502839476531,0
766,5,9,2,0,-7,19.97007375994493,0
766,5,9,3,0,-6,13.48682969017548,0
766,5,9,4,0,-5,14.20293438553523,0
766,5,9,5,0,-4,10.21991459951892,0
766,5,9,6,0,-3,15.3600610566181,0
766,5,9,7,0,-2,18.3645283658417,0
766,5,9,8,0,-1,9.95529845777747,0
766,5,9,9,1,0,16.93020357784414,.35
766,5,9,10,1,1,20.35987219470114,.7
766,5,9,11,1,2,17.74401101814144,1.05
766,5,9,12,1,3,20.33809175674734,1.4
767,8,,1,0,,18.85605160845605,0
767,8,,2,0,,20.10321132203712,0
767,8,,3,0,,14.68452321358721,0
767,8,,4,0,,21.93552767871935,0
767,8,,5,0,,18.24742460454725,0
767,8,,6,0,,19.12226083297052,0
767,8,,7,0,,13.1772980731435,0
767,8,,8,0,,23.15287370529781,0
767,8,,9,0,,19.95221294358859,0
767,8,,10,0,,20.16704591363904,0
767,8,,11,0,,20.84276189282147,0
767,8,,12,0,,22.39139863521007,0
768,1,5,1,0,-4,7.047542488650791,0
768,1,5,2,0,-3,12.10942576111226,0
768,1,5,3,0,-2,13.56180992139718,0
768,1,5,4,0,-1,11.62092132773182,0
768,1,5,5,1,0,15.35007492340286,.75
768,1,5,6,1,1,18.89068617107903,1.5
768,1,5,7,1,2,14.12758169051276,2.25
768,1,5,8,1,3,19.74799388040168,3
768,1,5,9,1,4,18.57032457211517,3.75
768,1,5,10,1,5,18.69599570195619,4.5
768,1,5,11,1,6,18.1274729184558,5.25
768,1,5,12,1,7,25.3397025237628,6
769,1,5,1,0,-4,17.6573329730414,0
769,1,5,2,0,-3,17.24999041090957,0
769,1,5,3,0,-2,14.29240937408771,0
769,1,5,4,0,-1,17.03757360164574,0
769,1,5,5,1,0,20.92135474067952,.75
769,1,5,6,1,1,18.48330912898178,1.5
769,1,5,7,1,2,17.72898431266119,2.25
769,1,5,8,1,3,20.4790462368612,3
769,1,5,9,1,4,21.61368409597495,3.75
769,1,5,10,1,5,23.54953863178001,4.5
769,1,5,11,1,6,27.97847536806539,5.25
769,1,5,12,1,7,31.8465688453047,6
770,6,9,1,0,-8,10.12508604076842,0
770,6,9,2,0,-7,13.15761631146567,0
770,6,9,3,0,-6,13.33349890206994,0
770,6,9,4,0,-5,12.85158696334767,0
770,6,9,5,0,-4,15.09512865928587,0
770,6,9,6,0,-3,11.64762096427336,0
770,6,9,7,0,-2,9.345254478117091,0
770,6,9,8,0,-1,22.78521520174845,0
770,6,9,9,1,0,15.29397582552219,.35
770,6,9,10,1,1,17.97707391601741,.7
770,6,9,11,1,2,14.8113585297858,1.05
770,6,9,12,1,3,23.61668085095678,1.4
771,2,5,1,0,-4,11.79278589846937,0
771,2,5,2,0,-3,11.69485163866086,0
771,2,5,3,0,-2,16.35660945938863,0
771,2,5,4,0,-1,18.24233154285614,0
771,2,5,5,1,0,15.59237880228293,.75
771,2,5,6,1,1,12.30794047213952,1.5
771,2,5,7,1,2,15.83084829210307,2.25
771,2,5,8,1,3,21.85347089510503,3
771,2,5,9,1,4,23.5509039955878,3.75
771,2,5,10,1,5,22.12315211864887,4.5
771,2,5,11,1,6,22.67783406694552,5.25
771,2,5,12,1,7,27.12159205251232,6
772,1,5,1,0,-4,12.01514906643237,0
772,1,5,2,0,-3,12.97829316660718,0
772,1,5,3,0,-2,5.091879998766129,0
772,1,5,4,0,-1,12.56942765945903,0
772,1,5,5,1,0,16.36990501698128,.75
772,1,5,6,1,1,16.41402859808953,1.5
772,1,5,7,1,2,16.86249579233376,2.25
772,1,5,8,1,3,16.11311282616579,3
772,1,5,9,1,4,17.43535547249329,3.75
772,1,5,10,1,5,23.96484348800388,4.5
772,1,5,11,1,6,19.66599844034376,5.25
772,1,5,12,1,7,20.49191783619929,6
773,3,7,1,0,-6,3.974994825696995,0
773,3,7,2,0,-5,6.182977944592585,0
773,3,7,3,0,-4,8.90391464258955,0
773,3,7,4,0,-3,9.096594450826188,0
773,3,7,5,0,-2,10.94380129095798,0
773,3,7,6,0,-1,12.00186482044167,0
773,3,7,7,1,0,11.63032268619557,.5
773,3,7,8,1,1,11.70952243794651,1
773,3,7,9,1,2,9.125109322180768,1.5
773,3,7,10,1,3,12.01627191654953,2
773,3,7,11,1,4,13.31334937077387,2.5
773,3,7,12,1,5,11.83164254073119,3
774,3,7,1,0,-6,3.909668332868288,0
774,3,7,2,0,-5,9.480611379248302,0
774,3,7,3,0,-4,13.56388119014097,0
774,3,7,4,0,-3,9.414013149967902,0
774,3,7,5,0,-2,7.430714863800871,0
774,3,7,6,0,-1,10.73647603347784,0
774,3,7,7,1,0,7.275421323092608,.5
774,3,7,8,1,1,5.827734445088547,1
774,3,7,9,1,2,7.3961494171335,1.5
774,3,7,10,1,3,8.156861588790488,2
774,3,7,11,1,4,14.94746846653386,2.5
774,3,7,12,1,5,12.31823226846048,3
775,4,7,1,0,-6,21.42716816223139,0
775,4,7,2,0,-5,26.61981904770733,0
775,4,7,3,0,-4,26.23451222697407,0
775,4,7,4,0,-3,23.96485322178894,0
775,4,7,5,0,-2,25.68487006581995,0
775,4,7,6,0,-1,27.0649638296748,0
775,4,7,7,1,0,25.54642713570945,.5
775,4,7,8,1,1,30.46933018886404,1
775,4,7,9,1,2,26.70010237144646,1.5
775,4,7,10,1,3,28.30417670428887,2
775,4,7,11,1,4,30.24010046918791,2.5
775,4,7,12,1,5,29.2176266912176,3
776,4,7,1,0,-6,9.503408237582759,0
776,4,7,2,0,-5,8.552780293720632,0
776,4,7,3,0,-4,5.034619360125386,0
776,4,7,4,0,-3,13.60586229478933,0
776,4,7,5,0,-2,5.407463553938476,0
776,4,7,6,0,-1,8.376989654491823,0
776,4,7,7,1,0,10.21017148254087,.5
776,4,7,8,1,1,9.243652625735102,1
776,4,7,9,1,2,8.860239135882683,1.5
776,4,7,10,1,3,15.66139996541963,2
776,4,7,11,1,4,12.05059633382809,2.5
776,4,7,12,1,5,18.73133331676691,3
777,2,5,1,0,-4,16.67441865702754,0
777,2,5,2,0,-3,18.35175065108923,0
777,2,5,3,0,-2,16.44999291852536,0
777,2,5,4,0,-1,18.35453568801051,0
777,2,5,5,1,0,15.35165466783523,.75
777,2,5,6,1,1,19.47059571083586,1.5
777,2,5,7,1,2,24.48980992873753,2.25
777,2,5,8,1,3,22.51303927613289,3
777,2,5,9,1,4,22.69151453513677,3.75
777,2,5,10,1,5,23.26949140021248,4.5
777,2,5,11,1,6,24.18347460992083,5.25
777,2,5,12,1,7,26.82708917006986,6
778,5,9,1,0,-8,23.10365355208248,0
778,5,9,2,0,-7,28.98357460119492,0
778,5,9,3,0,-6,27.1291842804205,0
778,5,9,4,0,-5,22.35202238150023,0
778,5,9,5,0,-4,23.15738861528069,0
778,5,9,6,0,-3,21.13255420652239,0
778,5,9,7,0,-2,23.34034346968192,0
778,5,9,8,0,-1,26.40650824409341,0
778,5,9,9,1,0,23.70735857062789,.35
778,5,9,10,1,1,30.88621945062776,.7
778,5,9,11,1,2,25.88819263190191,1.05
778,5,9,12,1,3,22.33099781292542,1.4
779,7,,1,0,,8.873980907804356,0
779,7,,2,0,,10.30691684882656,0
779,7,,3,0,,8.664144658310621,0
779,7,,4,0,,8.399910457584697,0
779,7,,5,0,,13.72768160338996,0
779,7,,6,0,,11.49017817257164,0
779,7,,7,0,,14.62003826125506,0
779,7,,8,0,,15.01271397040726,0
779,7,,9,0,,9.59919400111807,0
779,7,,10,0,,12.44525534654474,0
779,7,,11,0,,10.04193767813031,0
779,7,,12,0,,8.697469851783797,0
780,7,,1,0,,20.49916247541124,0
780,7,,2,0,,24.34826013145094,0
780,7,,3,0,,24.51227355831277,0
780,7,,4,0,,26.09316598811245,0
780,7,,5,0,,23.98873542315487,0
780,7,,6,0,,25.10339997460234,0
780,7,,7,0,,23.23291998799782,0
780,7,,8,0,,24.59227628967189,0
780,7,,9,0,,23.99357060492533,0
780,7,,10,0,,28.41749215989433,0
780,7,,11,0,,26.65487407016697,0
780,7,,12,0,,28.90465694757142,0
781,5,9,1,0,-8,8.840520353495741,0
781,5,9,2,0,-7,8.674768311780683,0
781,5,9,3,0,-6,10.68635012819211,0
781,5,9,4,0,-5,14.44429407497096,0
781,5,9,5,0,-4,16.96266466793995,0
781,5,9,6,0,-3,15.22153356018568,0
781,5,9,7,0,-2,12.55347182769781,0
781,5,9,8,0,-1,16.99014484765076,0
781,5,9,9,1,0,17.79848243554308,.35
781,5,9,10,1,1,13.65431115921966,.7
781,5,9,11,1,2,15.10752461273668,1.05
781,5,9,12,1,3,17.58381793968607,1.4
782,7,,1,0,,18.88618273160959,0
782,7,,2,0,,18.68320070333177,0
782,7,,3,0,,15.69636195065246,0
782,7,,4,0,,14.08805914551429,0
782,7,,5,0,,20.10253745803816,0
782,7,,6,0,,19.45616447316122,0
782,7,,7,0,,17.36070582975591,0
782,7,,8,0,,15.28838915346597,0
782,7,,9,0,,17.97202964542507,0
782,7,,10,0,,23.33537722568435,0
782,7,,11,0,,22.14217258775071,0
782,7,,12,0,,16.31127600696815,0
783,3,7,1,0,-6,15.24710922940745,0
783,3,7,2,0,-5,18.85687590237129,0
783,3,7,3,0,-4,12.26706233220732,0
783,3,7,4,0,-3,20.54081541564338,0
783,3,7,5,0,-2,19.14682856162199,0
783,3,7,6,0,-1,20.81085407237735,0
783,3,7,7,1,0,20.7501603728557,.5
783,3,7,8,1,1,12.78993438590716,1
783,3,7,9,1,2,19.7034816444323,1.5
783,3,7,10,1,3,23.86919261627899,2
783,3,7,11,1,4,21.76717251242527,2.5
783,3,7,12,1,5,22.86472211726709,3
784,3,7,1,0,-6,16.50192268089535,0
784,3,7,2,0,-5,10.11467932963123,0
784,3,7,3,0,-4,11.5307390254658,0
784,3,7,4,0,-3,19.50318028602747,0
784,3,7,5,0,-2,17.95307811444541,0
784,3,7,6,0,-1,18.04742224013427,0
784,3,7,7,1,0,18.48179217730412,.5
784,3,7,8,1,1,17.03883167059897,1
784,3,7,9,1,2,23.17763152733618,1.5
784,3,7,10,1,3,19.97512895263862,2
784,3,7,11,1,4,17.22419811072147,2.5
784,3,7,12,1,5,24.70876879288343,3
785,6,9,1,0,-8,25.25805914329667,0
785,6,9,2,0,-7,24.87345265920104,0
785,6,9,3,0,-6,25.56804555385669,0
785,6,9,4,0,-5,22.10906027538679,0
785,6,9,5,0,-4,25.48059186008706,0
785,6,9,6,0,-3,24.92919505072521,0
785,6,9,7,0,-2,23.86548607934722,0
785,6,9,8,0,-1,23.77856211846945,0
785,6,9,9,1,0,28.86891140011401,.35
785,6,9,10,1,1,24.38569299599536,.7
785,6,9,11,1,2,25.25361069181627,1.05
785,6,9,12,1,3,30.73191482386721,1.4
786,6,9,1,0,-8,13.88337883895034,0
786,6,9,2,0,-7,15.88890784472903,0
786,6,9,3,0,-6,12.33237289756154,0
786,6,9,4,0,-5,15.72312693382365,0
786,6,9,5,0,-4,16.3536366005614,0
786,6,9,6,0,-3,15.27315282761082,0
786,6,9,7,0,-2,19.78968917992515,0
786,6,9,8,0,-1,19.00727192525967,0
786,6,9,9,1,0,18.36647039700966,.35
786,6,9,10,1,1,20.34462417395758,.7
786,6,9,11,1,2,21.01349418410646,1.05
786,6,9,12,1,3,19.08265875591561,1.4
787,2,5,1,0,-4,6.091944936008192,0
787,2,5,2,0,-3,5.911758634902721,0
787,2,5,3,0,-2,-1.609182779794914,0
787,2,5,4,0,-1,8.745433513888008,0
787,2,5,5,1,0,10.06283875987767,.75
787,2,5,6,1,1,7.915660255529891,1.5
787,2,5,7,1,2,10.011132727504,2.25
787,2,5,8,1,3,14.12583231229026,3
787,2,5,9,1,4,11.83325545601045,3.75
787,2,5,10,1,5,11.13520859533013,4.5
787,2,5,11,1,6,8.454545032539391,5.25
787,2,5,12,1,7,18.67875570744569,6
788,2,5,1,0,-4,20.88546921136148,0
788,2,5,2,0,-3,23.772856598729,0
788,2,5,3,0,-2,21.83115759562631,0
788,2,5,4,0,-1,22.46043888162457,0
788,2,5,5,1,0,21.18622395031322,.75
788,2,5,6,1,1,21.39578749114198,1.5
788,2,5,7,1,2,21.73096754933965,2.25
788,2,5,8,1,3,24.68939198301981,3
788,2,5,9,1,4,26.89668675832534,3.75
788,2,5,10,1,5,25.09779592417608,4.5
788,2,5,11,1,6,21.4872264933807,5.25
788,2,5,12,1,7,26.84716330974183,6
789,6,9,1,0,-8,23.52180599435702,0
789,6,9,2,0,-7,17.15291183902584,0
789,6,9,3,0,-6,20.48758351242043,0
789,6,9,4,0,-5,26.30056140651259,0
789,6,9,5,0,-4,27.73148495601994,0
789,6,9,6,0,-3,20.44630986545491,0
789,6,9,7,0,-2,24.81832041642793,0
789,6,9,8,0,-1,22.50352382152766,0
789,6,9,9,1,0,24.42006275502977,.35
789,6,9,10,1,1,26.96913434483343,.7
789,6,9,11,1,2,20.53539536917884,1.05
789,6,9,12,1,3,27.41924541948196,1.4
790,8,,1,0,,17.50651805822373,0
790,8,,2,0,,19.55906882344668,0
790,8,,3,0,,21.27107134534133,0
790,8,,4,0,,21.04919640266129,0
790,8,,5,0,,19.14114324520395,0
790,8,,6,0,,21.89309577655394,0
790,8,,7,0,,20.58351692057561,0
790,8,,8,0,,21.07798590323584,0
790,8,,9,0,,23.11627359576422,0
790,8,,10,0,,23.5400737799769,0
790,8,,11,0,,20.41765059560162,0
790,8,,12,0,,22.86668381676783,0
791,3,7,1,0,-6,17.30148926608308,0
791,3,7,2,0,-5,15.93087933740904,0
791,3,7,3,0,-4,21.90990367957804,0
791,3,7,4,0,-3,19.4661831587545,0
791,3,7,5,0,-2,21.11327574936533,0
791,3,7,6,0,-1,15.56076813409453,0
791,3,7,7,1,0,16.68839804207766,.5
791,3,7,8,1,1,27.31885659104183,1
791,3,7,9,1,2,24.16304432866975,1.5
791,3,7,10,1,3,17.92172440660992,2
791,3,7,11,1,4,22.40386464191613,2.5
791,3,7,12,1,5,29.07755433083272,3
792,2,5,1,0,-4,12.23909200326477,0
792,2,5,2,0,-3,16.20910001239986,0
792,2,5,3,0,-2,17.08747486250583,0
792,2,5,4,0,-1,18.68626004874724,0
792,2,5,5,1,0,17.78040345428356,.75
792,2,5,6,1,1,22.57056662320078,1.5
792,2,5,7,1,2,19.45029372344461,2.25
792,2,5,8,1,3,22.53622558268394,3
792,2,5,9,1,4,18.4038081547886,3.75
792,2,5,10,1,5,19.41520142209042,4.5
792,2,5,11,1,6,24.50945162279824,5.25
792,2,5,12,1,7,23.49335968455851,6
793,1,5,1,0,-4,22.6485343936814,0
793,1,5,2,0,-3,14.64564491412137,0
793,1,5,3,0,-2,10.62400019274838,0
793,1,5,4,0,-1,18.50346132501577,0
793,1,5,5,1,0,18.3890674045981,.75
793,1,5,6,1,1,17.60100644043602,1.5
793,1,5,7,1,2,17.0471699702719,2.25
793,1,5,8,1,3,20.17985957804631,3
793,1,5,9,1,4,20.24411755312549,3.75
793,1,5,10,1,5,27.87996684884681,4.5
793,1,5,11,1,6,23.83352485185769,5.25
793,1,5,12,1,7,27.54771024384126,6
794,2,5,1,0,-4,16.08668761856931,0
794,2,5,2,0,-3,21.04762588317941,0
794,2,5,3,0,-2,19.67823335130606,0
794,2,5,4,0,-1,23.82340020666772,0
794,2,5,5,1,0,15.95735052435197,.75
794,2,5,6,1,1,16.80278725488098,1.5
794,2,5,7,1,2,19.69050531366367,2.25
794,2,5,8,1,3,20.47542997622392,3
794,2,5,9,1,4,22.53454973828014,3.75
794,2,5,10,1,5,20.4918463445271,4.5
794,2,5,11,1,6,26.92721359794585,5.25
794,2,5,12,1,7,26.46844292136378,6
795,6,9,1,0,-8,15.74202443761455,0
795,6,9,2,0,-7,18.90251661804208,0
795,6,9,3,0,-6,14.22739306805257,0
795,6,9,4,0,-5,19.22806428672439,0
795,6,9,5,0,-4,20.97580140662437,0
795,6,9,6,0,-3,17.4798168765455,0
795,6,9,7,0,-2,13.76736222281526,0
795,6,9,8,0,-1,14.98119336677253,0
795,6,9,9,1,0,18.35803724775523,.35
795,6,9,10,1,1,16.01293257663254,.7
795,6,9,11,1,2,14.4796725327823,1.05
795,6,9,12,1,3,16.37176530736844,1.4
796,2,5,1,0,-4,14.50430223407647,0
796,2,5,2,0,-3,16.53075986272451,0
796,2,5,3,0,-2,21.56759454305706,0
796,2,5,4,0,-1,18.9458244145933,0
796,2,5,5,1,0,25.53762108258044,.75
796,2,5,6,1,1,16.06499510938986,1.5
796,2,5,7,1,2,23.89481707431189,2.25
796,2,5,8,1,3,24.75691981662091,3
796,2,5,9,1,4,20.2416064082454,3.75
796,2,5,10,1,5,23.59479928506234,4.5
796,2,5,11,1,6,23.42907010221303,5.25
796,2,5,12,1,7,27.16761287315908,6
797,3,7,1,0,-6,10.90738129913156,0
797,3,7,2,0,-5,11.23543436950737,0
797,3,7,3,0,-4,11.46708453673019,0
797,3,7,4,0,-3,18.25053317872745,0
797,3,7,5,0,-2,14.71542017926494,0
797,3,7,6,0,-1,18.37167781148271,0
797,3,7,7,1,0,9.5069476263815,.5
797,3,7,8,1,1,8.32706031205494,1
797,3,7,9,1,2,15.65257050043191,1.5
797,3,7,10,1,3,18.61849018253469,2
797,3,7,11,1,4,13.36016505546789,2.5
797,3,7,12,1,5,17.68021160493901,3
798,2,5,1,0,-4,9.652098405596305,0
798,2,5,2,0,-3,11.12024903480715,0
798,2,5,3,0,-2,13.27418862047829,0
798,2,5,4,0,-1,7.915331969156385,0
798,2,5,5,1,0,19.37237781752608,.75
798,2,5,6,1,1,9.445507289923054,1.5
798,2,5,7,1,2,20.9757991875175,2.25
798,2,5,8,1,3,12.07873073397552,3
798,2,5,9,1,4,17.56514009234705,3.75
798,2,5,10,1,5,17.49354415047353,4.5
798,2,5,11,1,6,20.47942087320024,5.25
798,2,5,12,1,7,25.30534620267385,6
799,5,9,1,0,-8,14.62656523175387,0
799,5,9,2,0,-7,13.35586053397495,0
799,5,9,3,0,-6,22.2285863213508,0
799,5,9,4,0,-5,21.07829469172936,0
799,5,9,5,0,-4,18.14369448263022,0
799,5,9,6,0,-3,14.12852141495142,0
799,5,9,7,0,-2,14.34619904526874,0
799,5,9,8,0,-1,25.80458062489983,0
799,5,9,9,1,0,13.75136376924919,.35
799,5,9,10,1,1,22.77149317913495,.7
799,5,9,11,1,2,23.71435419424336,1.05
799,5,9,12,1,3,22.26269138083855,1.4
800,8,,1,0,,19.41180101284383,0
800,8,,2,0,,13.90858681099889,0
800,8,,3,0,,17.82448876365119,0
800,8,,4,0,,23.90793400313613,0
800,8,,5,0,,16.13253050204918,0
800,8,,6,0,,20.88587330714531,0
800,8,,7,0,,18.37981721666973,0
800,8,,8,0,,20.47206879690834,0
800,8,,9,0,,21.65119725238262,0
800,8,,10,0,,17.76755351192668,0
800,8,,11,0,,19.07711344873248,0
800,8,,12,0,,23.34578764387337,0
801,2,5,1,0,-4,23.15197871617899,0
801,2,5,2,0,-3,25.49884595932634,0
801,2,5,3,0,-2,31.09813503440051,0
801,2,5,4,0,-1,32.82355585752234,0
801,2,5,5,1,0,26.88903753310035,.75
801,2,5,6,1,1,27.15237960271395,1.5
801,2,5,7,1,2,27.64989328211398,2.25
801,2,5,8,1,3,31.76497159860982,3
801,2,5,9,1,4,33.98283792977208,3.75
801,2,5,10,1,5,37.69639582612203,4.5
801,2,5,11,1,6,32.98238420541124,5.25
801,2,5,12,1,7,36.4468453446849,6
802,8,,1,0,,20.75392965642992,0
802,8,,2,0,,16.04379252907979,0
802,8,,3,0,,18.24734942167057,0
802,8,,4,0,,20.10170557717552,0
802,8,,5,0,,22.4781447767935,0
802,8,,6,0,,23.10929479082764,0
802,8,,7,0,,25.51247939554276,0
802,8,,8,0,,23.48146046017499,0
802,8,,9,0,,21.81259486659913,0
802,8,,10,0,,17.78051532234496,0
802,8,,11,0,,27.01877589261461,0
802,8,,12,0,,17.74025897147339,0
803,8,,1,0,,10.90494763508008,0
803,8,,2,0,,9.92575788750691,0
803,8,,3,0,,13.2438086599173,0
803,8,,4,0,,12.52536214852278,0
803,8,,5,0,,10.49070863022333,0
803,8,,6,0,,11.90170556305976,0
803,8,,7,0,,13.90458522327037,0
803,8,,8,0,,11.95509930358113,0
803,8,,9,0,,13.85168293599103,0
803,8,,10,0,,16.74101038487472,0
803,8,,11,0,,13.0657910071795,0
803,8,,12,0,,12.80699381235133,0
804,4,7,1,0,-6,18.73179480537729,0
804,4,7,2,0,-5,15.37267218284712,0
804,4,7,3,0,-4,17.12714620240633,0
804,4,7,4,0,-3,16.05708304911857,0
804,4,7,5,0,-2,14.82946866105403,0
804,4,7,6,0,-1,17.74298925171808,0
804,4,7,7,1,0,17.49677374841369,.5
804,4,7,8,1,1,18.08214883896769,1
804,4,7,9,1,2,24.15086771144647,1.5
804,4,7,10,1,3,15.1277739605887,2
804,4,7,11,1,4,16.3246255603926,2.5
804,4,7,12,1,5,19.58502085515682,3
805,4,7,1,0,-6,14.89709469557146,0
805,4,7,2,0,-5,11.82714077186654,0
805,4,7,3,0,-4,9.116383880486802,0
805,4,7,4,0,-3,15.63009321983683,0
805,4,7,5,0,-2,15.12791176153748,0
805,4,7,6,0,-1,13.05271084425009,0
805,4,7,7,1,0,12.6613038044319,.5
805,4,7,8,1,1,21.54616795404575,1
805,4,7,9,1,2,12.6722773534495,1.5
805,4,7,10,1,3,15.62236112569193,2
805,4,7,11,1,4,20.28178832547907,2.5
805,4,7,12,1,5,24.17894796451924,3
806,2,5,1,0,-4,13.28769064689499,0
806,2,5,2,0,-3,17.0902183413389,0
806,2,5,3,0,-2,17.00048464898906,0
806,2,5,4,0,-1,19.27132760499847,0
806,2,5,5,1,0,16.51792365529869,.75
806,2,5,6,1,1,18.23733642109066,1.5
806,2,5,7,1,2,18.69569807767273,2.25
806,2,5,8,1,3,26.03153466356436,3
806,2,5,9,1,4,16.31362040893601,3.75
806,2,5,10,1,5,26.87141976255226,4.5
806,2,5,11,1,6,25.64709335424187,5.25
806,2,5,12,1,7,23.12384192097205,6
807,5,9,1,0,-8,22.010225993917,0
807,5,9,2,0,-7,19.88054182045847,0
807,5,9,3,0,-6,21.85014721711855,0
807,5,9,4,0,-5,23.00708499286464,0
807,5,9,5,0,-4,21.73443778148911,0
807,5,9,6,0,-3,22.80887195189239,0
807,5,9,7,0,-2,25.80263581869428,0
807,5,9,8,0,-1,26.06187757755615,0
807,5,9,9,1,0,23.16388413387189,.35
807,5,9,10,1,1,25.88448565933664,.7
807,5,9,11,1,2,30.39782047862182,1.05
807,5,9,12,1,3,27.83189094698612,1.4
808,1,5,1,0,-4,8.109840274290894,0
808,1,5,2,0,-3,9.272494929403402,0
808,1,5,3,0,-2,.8455503615014726,0
808,1,5,4,0,-1,10.03018042672253,0
808,1,5,5,1,0,2.567468955915058,.75
808,1,5,6,1,1,13.99352663449717,1.5
808,1,5,7,1,2,7.219258757001083,2.25
808,1,5,8,1,3,13.91044256544263,3
808,1,5,9,1,4,8.61597661450072,3.75
808,1,5,10,1,5,16.43196696597003,4.5
808,1,5,11,1,6,22.30790645519022,5.25
808,1,5,12,1,7,23.10897010672098,6
809,1,5,1,0,-4,18.62159006513401,0
809,1,5,2,0,-3,20.23256828841452,0
809,1,5,3,0,-2,19.30681476413599,0
809,1,5,4,0,-1,19.06464683243611,0
809,1,5,5,1,0,25.26541795348957,.75
809,1,5,6,1,1,19.27845039259705,1.5
809,1,5,7,1,2,21.72408737302531,2.25
809,1,5,8,1,3,26.70574957264675,3
809,1,5,9,1,4,24.63497643845128,3.75
809,1,5,10,1,5,21.11003949871787,4.5
809,1,5,11,1,6,22.21969480367482,5.25
809,1,5,12,1,7,28.21296442272104,6
810,7,,1,0,,11.63725190329581,0
810,7,,2,0,,13.14398899840916,0
810,7,,3,0,,14.44951914339902,0
810,7,,4,0,,14.68333738937922,0
810,7,,5,0,,16.67501121134618,0
810,7,,6,0,,18.96887327096141,0
810,7,,7,0,,16.7778842836653,0
810,7,,8,0,,23.54001893893621,0
810,7,,9,0,,17.60875226698443,0
810,7,,10,0,,14.36786407752188,0
810,7,,11,0,,18.93833324163196,0
810,7,,12,0,,18.47812044673886,0
811,1,5,1,0,-4,15.46284413564907,0
811,1,5,2,0,-3,8.872621300881091,0
811,1,5,3,0,-2,13.22526551223285,0
811,1,5,4,0,-1,21.05171478685671,0
811,1,5,5,1,0,17.63587425937646,.75
811,1,5,6,1,1,21.96208178300723,1.5
811,1,5,7,1,2,20.87670333720929,2.25
811,1,5,8,1,3,26.42275320076788,3
811,1,5,9,1,4,16.61220890723021,3.75
811,1,5,10,1,5,21.86997741227191,4.5
811,1,5,11,1,6,23.34965523138273,5.25
811,1,5,12,1,7,29.97274232091092,6
812,6,9,1,0,-8,14.18592419275371,0
812,6,9,2,0,-7,12.00809117880854,0
812,6,9,3,0,-6,14.20162421546203,0
812,6,9,4,0,-5,16.49687530516315,0
812,6,9,5,0,-4,18.26902158482593,0
812,6,9,6,0,-3,17.04584092079811,0
812,6,9,7,0,-2,11.8492378746634,0
812,6,9,8,0,-1,14.5674654434249,0
812,6,9,9,1,0,15.84046113213141,.35
812,6,9,10,1,1,19.55264448290845,.7
812,6,9,11,1,2,17.91216971491663,1.05
812,6,9,12,1,3,22.88927650199218,1.4
813,6,9,1,0,-8,22.24932748028228,0
813,6,9,2,0,-7,18.52454259731888,0
813,6,9,3,0,-6,23.85625574706442,0
813,6,9,4,0,-5,20.64564267150881,0
813,6,9,5,0,-4,24.1638743223126,0
813,6,9,6,0,-3,24.80572015747525,0
813,6,9,7,0,-2,27.31257487169702,0
813,6,9,8,0,-1,24.77363803052673,0
813,6,9,9,1,0,18.32706569748903,.35
813,6,9,10,1,1,28.89485813385681,.7
813,6,9,11,1,2,29.12890505857515,1.05
813,6,9,12,1,3,33.32301470178643,1.4
814,2,5,1,0,-4,30.67462727971559,0
814,2,5,2,0,-3,29.6515764232871,0
814,2,5,3,0,-2,27.92556068387659,0
814,2,5,4,0,-1,27.84617717844469,0
814,2,5,5,1,0,27.48436613878845,.75
814,2,5,6,1,1,30.92275855543364,1.5
814,2,5,7,1,2,28.4993321260014,2.25
814,2,5,8,1,3,37.33825169940961,3
814,2,5,9,1,4,29.89658751097159,3.75
814,2,5,10,1,5,39.05915382504659,4.5
814,2,5,11,1,6,38.52564992942295,5.25
814,2,5,12,1,7,42.20441532111808,6
815,1,5,1,0,-4,15.788833932909,0
815,1,5,2,0,-3,12.29094258721667,0
815,1,5,3,0,-2,16.49584970497651,0
815,1,5,4,0,-1,14.58734703567541,0
815,1,5,5,1,0,17.50981638437266,.75
815,1,5,6,1,1,15.83364565857429,1.5
815,1,5,7,1,2,13.41377666999531,2.25
815,1,5,8,1,3,20.51069602020558,3
815,1,5,9,1,4,18.66076542870683,3.75
815,1,5,10,1,5,23.6905050629494,4.5
815,1,5,11,1,6,22.08793315290393,5.25
815,1,5,12,1,7,21.95770616748869,6
816,5,9,1,0,-8,11.74689350221723,0
816,5,9,2,0,-7,11.62244098470449,0
816,5,9,3,0,-6,16.11189053413134,0
816,5,9,4,0,-5,15.35217913445839,0
816,5,9,5,0,-4,12.63675220659457,0
816,5,9,6,0,-3,23.35361129743658,0
816,5,9,7,0,-2,18.66778696523176,0
816,5,9,8,0,-1,20.6573898571028,0
816,5,9,9,1,0,17.50363787700226,.35
816,5,9,10,1,1,16.50804772347424,.7
816,5,9,11,1,2,19.30031572283221,1.05
816,5,9,12,1,3,25.58675795847283,1.4
817,3,7,1,0,-6,28.13025807070228,0
817,3,7,2,0,-5,25.37274512095442,0
817,3,7,3,0,-4,27.40844402919643,0
817,3,7,4,0,-3,25.56258486605841,0
817,3,7,5,0,-2,28.4244860577444,0
817,3,7,6,0,-1,25.64774806830171,0
817,3,7,7,1,0,27.53913321150613,.5
817,3,7,8,1,1,30.01245451232469,1
817,3,7,9,1,2,26.34799374046552,1.5
817,3,7,10,1,3,28.60407516701433,2
817,3,7,11,1,4,31.57485065172989,2.5
817,3,7,12,1,5,29.99705153345283,3
818,2,5,1,0,-4,7.563696842240928,0
818,2,5,2,0,-3,3.186264949932224,0
818,2,5,3,0,-2,2.2552783462629,0
818,2,5,4,0,-1,5.745059170609442,0
818,2,5,5,1,0,10.99078500172142,.75
818,2,5,6,1,1,11.97366822502338,1.5
818,2,5,7,1,2,9.467091841959371,2.25
818,2,5,8,1,3,13.36049893879733,3
818,2,5,9,1,4,8.635355907872299,3.75
818,2,5,10,1,5,12.44239105303664,4.5
818,2,5,11,1,6,15.16302972512031,5.25
818,2,5,12,1,7,16.31317583736139,6
819,5,9,1,0,-8,24.54387091673832,0
819,5,9,2,0,-7,25.92240534342386,0
819,5,9,3,0,-6,29.8596144045369,0
819,5,9,4,0,-5,25.56850134737798,0
819,5,9,5,0,-4,29.47575921446332,0
819,5,9,6,0,-3,21.71759031760266,0
819,5,9,7,0,-2,28.04873313079502,0
819,5,9,8,0,-1,27.59210568057841,0
819,5,9,9,1,0,27.12171006208095,.35
819,5,9,10,1,1,27.92980479651657,.7
819,5,9,11,1,2,32.38383198996468,1.05
819,5,9,12,1,3,31.81166982850973,1.4
820,2,5,1,0,-4,22.01238105473782,0
820,2,5,2,0,-3,22.20191655184304,0
820,2,5,3,0,-2,22.03507829694347,0
820,2,5,4,0,-1,20.10601068253906,0
820,2,5,5,1,0,22.19324287468957,.75
820,2,5,6,1,1,30.26053202670918,1.5
820,2,5,7,1,2,27.47384261302653,2.25
820,2,5,8,1,3,26.23534068959206,3
820,2,5,9,1,4,26.85895849762409,3.75
820,2,5,10,1,5,30.99073972816716,4.5
820,2,5,11,1,6,28.04658382764931,5.25
820,2,5,12,1,7,31.75507357547963,6
821,8,,1,0,,13.54370963184569,0
821,8,,2,0,,19.83514331085563,0
821,8,,3,0,,15.56383888455211,0
821,8,,4,0,,17.22280056020495,0
821,8,,5,0,,12.80857026557597,0
821,8,,6,0,,13.84464105918115,0
821,8,,7,0,,16.5583005555751,0
821,8,,8,0,,13.4165230067903,0
821,8,,9,0,,15.28346631569212,0
821,8,,10,0,,12.19608143829787,0
821,8,,11,0,,19.3228396053382,0
821,8,,12,0,,20.12065456469257,0
822,4,7,1,0,-6,24.19178613006882,0
822,4,7,2,0,-5,22.8865652424303,0
822,4,7,3,0,-4,23.75021087588819,0
822,4,7,4,0,-3,23.54852633504924,0
822,4,7,5,0,-2,21.43349667193104,0
822,4,7,6,0,-1,29.60141401360858,0
822,4,7,7,1,0,23.79928475901493,.5
822,4,7,8,1,1,23.77897898016432,1
822,4,7,9,1,2,29.02512380152448,1.5
822,4,7,10,1,3,29.62830096247863,2
822,4,7,11,1,4,31.86137856913631,2.5
822,4,7,12,1,5,31.25856777077106,3
823,8,,1,0,,15.320878445027,0
823,8,,2,0,,19.3701889092001,0
823,8,,3,0,,16.02076616076873,0
823,8,,4,0,,21.04278762260961,0
823,8,,5,0,,14.43885851090315,0
823,8,,6,0,,21.86211596550696,0
823,8,,7,0,,21.45860713433561,0
823,8,,8,0,,21.66804667457465,0
823,8,,9,0,,18.47447249640608,0
823,8,,10,0,,15.62269451394706,0
823,8,,11,0,,18.54097842216907,0
823,8,,12,0,,19.00343478626197,0
824,7,,1,0,,14.09783447972838,0
824,7,,2,0,,8.121295010627135,0
824,7,,3,0,,12.4327933854974,0
824,7,,4,0,,17.1171491388398,0
824,7,,5,0,,8.523248767868271,0
824,7,,6,0,,12.22424216281178,0
824,7,,7,0,,13.63560963481862,0
824,7,,8,0,,13.17767733237558,0
824,7,,9,0,,9.9920827906549,0
824,7,,10,0,,7.484931983732449,0
824,7,,11,0,,12.95161473283737,0
824,7,,12,0,,14.88130136405547,0
825,2,5,1,0,-4,16.08550273408078,0
825,2,5,2,0,-3,7.888000060705508,0
825,2,5,3,0,-2,14.92387190317494,0
825,2,5,4,0,-1,11.84498556311936,0
825,2,5,5,1,0,9.536922850147818,.75
825,2,5,6,1,1,16.75695331518553,1.5
825,2,5,7,1,2,13.52120555715107,2.25
825,2,5,8,1,3,19.20986397611563,3
825,2,5,9,1,4,11.97356305745998,3.75
825,2,5,10,1,5,17.68723352318658,4.5
825,2,5,11,1,6,16.6688306411017,5.25
825,2,5,12,1,7,20.24042054494042,6
826,7,,1,0,,.2370644255184864,0
826,7,,2,0,,6.615325700349047,0
826,7,,3,0,,1.980658136800649,0
826,7,,4,0,,7.545602764588439,0
826,7,,5,0,,9.37611567043529,0
826,7,,6,0,,7.19918215049345,0
826,7,,7,0,,5.23688861127772,0
826,7,,8,0,,8.657138951739412,0
826,7,,9,0,,7.495917732982277,0
826,7,,10,0,,11.49117709760809,0
826,7,,11,0,,4.442526892592738,0
826,7,,12,0,,11.19463400828958,0
827,3,7,1,0,-6,16.08495032664917,0
827,3,7,2,0,-5,20.11936984994035,0
827,3,7,3,0,-4,20.10860453595339,0
827,3,7,4,0,-3,21.14921719382598,0
827,3,7,5,0,-2,21.23098308354077,0
827,3,7,6,0,-1,14.32484879187923,0
827,3,7,7,1,0,20.325064084064,.5
827,3,7,8,1,1,23.28572410416205,1
827,3,7,9,1,2,20.688806802223,1.5
827,3,7,10,1,3,18.37551655398602,2
827,3,7,11,1,4,21.30736286717659,2.5
827,3,7,12,1,5,24.68824625130033,3
828,1,5,1,0,-4,24.10211307083372,0
828,1,5,2,0,-3,21.65901572684635,0
828,1,5,3,0,-2,17.65335082690223,0
828,1,5,4,0,-1,24.62686388546516,0
828,1,5,5,1,0,27.0521467795879,.75
828,1,5,6,1,1,25.53812418145374,1.5
828,1,5,7,1,2,26.96496170226962,2.25
828,1,5,8,1,3,29.15138321246215,3
828,1,5,9,1,4,30.02609394030913,3.75
828,1,5,10,1,5,27.98298051679116,4.5
828,1,5,11,1,6,28.62033108576331,5.25
828,1,5,12,1,7,33.65828994397723,6
829,5,9,1,0,-8,8.96748924224852,0
829,5,9,2,0,-7,12.95371136582722,0
829,5,9,3,0,-6,10.73958990489301,0
829,5,9,4,0,-5,14.45477342440417,0
829,5,9,5,0,-4,9.691181987932374,0
829,5,9,6,0,-3,11.98448238924133,0
829,5,9,7,0,-2,15.20452236603023,0
829,5,9,8,0,-1,8.781013494354212,0
829,5,9,9,1,0,15.91272679363519,.35
829,5,9,10,1,1,15.01470080309807,.7
829,5,9,11,1,2,17.12734861651797,1.05
829,5,9,12,1,3,19.09837214913567,1.4
830,8,,1,0,,16.83350542329849,0
830,8,,2,0,,15.33831386559096,0
830,8,,3,0,,20.66400602742447,0
830,8,,4,0,,11.42001652792468,0
830,8,,5,0,,17.9821130791717,0
830,8,,6,0,,15.37927187224003,0
830,8,,7,0,,13.23533315917156,0
830,8,,8,0,,17.63029993248761,0
830,8,,9,0,,11.22506552987761,0
830,8,,10,0,,17.72491047223927,0
830,8,,11,0,,17.9859038940083,0
830,8,,12,0,,17.95208990987442,0
831,1,5,1,0,-4,13.22703945553773,0
831,1,5,2,0,-3,11.94546919632357,0
831,1,5,3,0,-2,17.47870287281829,0
831,1,5,4,0,-1,24.30676381833177,0
831,1,5,5,1,0,18.32104946029866,.75
831,1,5,6,1,1,11.92506317119013,1.5
831,1,5,7,1,2,21.66835637070517,2.25
831,1,5,8,1,3,20.11741962937143,3
831,1,5,9,1,4,19.74658393111028,3.75
831,1,5,10,1,5,20.66591467452839,4.5
831,1,5,11,1,6,25.54115074351482,5.25
831,1,5,12,1,7,22.9347953870383,6
832,5,9,1,0,-8,10.81271182775287,0
832,5,9,2,0,-7,8.720622927023756,0
832,5,9,3,0,-6,14.72818521168351,0
832,5,9,4,0,-5,12.17170146676146,0
832,5,9,5,0,-4,10.4432643603559,0
832,5,9,6,0,-3,16.8399921682745,0
832,5,9,7,0,-2,8.869984029714541,0
832,5,9,8,0,-1,12.37041605376422,0
832,5,9,9,1,0,15.97238802314545,.35
832,5,9,10,1,1,15.56839923313889,.7
832,5,9,11,1,2,12.84418814337038,1.05
832,5,9,12,1,3,20.29559552910137,1.4
833,3,7,1,0,-6,19.68581586795071,0
833,3,7,2,0,-5,19.58755805241925,0
833,3,7,3,0,-4,21.17390637052707,0
833,3,7,4,0,-3,21.06148935514084,0
833,3,7,5,0,-2,20.29724058922524,0
833,3,7,6,0,-1,17.95115381726112,0
833,3,7,7,1,0,16.16398087689142,.5
833,3,7,8,1,1,22.14293786467329,1
833,3,7,9,1,2,25.39792834659915,1.5
833,3,7,10,1,3,29.3523919331903,2
833,3,7,11,1,4,25.22927702054051,2.5
833,3,7,12,1,5,28.88127268391459,3
834,1,5,1,0,-4,12.15801845680928,0
834,1,5,2,0,-3,4.583293623345095,0
834,1,5,3,0,-2,13.57422872202036,0
834,1,5,4,0,-1,16.27187746306432,0
834,1,5,5,1,0,10.03177526862104,.75
834,1,5,6,1,1,10.99497174402243,1.5
834,1,5,7,1,2,10.87226180001974,2.25
834,1,5,8,1,3,14.71794798058427,3
834,1,5,9,1,4,20.70846806130086,3.75
834,1,5,10,1,5,19.45788702231871,4.5
834,1,5,11,1,6,18.74853018536514,5.25
834,1,5,12,1,7,20.87825452193391,6
835,7,,1,0,,11.39351609465873,0
835,7,,2,0,,10.37673006456479,0
835,7,,3,0,,11.58327683375808,0
835,7,,4,0,,16.09752849133333,0
835,7,,5,0,,14.84135383108509,0
835,7,,6,0,,14.37811095499268,0
835,7,,7,0,,17.11041461653749,0
835,7,,8,0,,20.20997513491329,0
835,7,,9,0,,9.763397145034586,0
835,7,,10,0,,18.47557201599961,0
835,7,,11,0,,9.742804549646017,0
835,7,,12,0,,23.46651284513342,0
836,4,7,1,0,-6,13.95962566862877,0
836,4,7,2,0,-5,16.73350664975792,0
836,4,7,3,0,-4,17.7584680509487,0
836,4,7,4,0,-3,12.70981093798351,0
836,4,7,5,0,-2,14.76472461770971,0
836,4,7,6,0,-1,12.6430382490045,0
836,4,7,7,1,0,15.72650188332769,.5
836,4,7,8,1,1,14.18030909975518,1
836,4,7,9,1,2,15.78839895709991,1.5
836,4,7,10,1,3,19.93728091978785,2
836,4,7,11,1,4,24.39564662677947,2.5
836,4,7,12,1,5,22.75489298005449,3
837,1,5,1,0,-4,11.96820187164091,0
837,1,5,2,0,-3,6.124466168861423,0
837,1,5,3,0,-2,11.79835525862176,0
837,1,5,4,0,-1,15.16311402234682,0
837,1,5,5,1,0,11.20563553458083,.75
837,1,5,6,1,1,19.0163907333436,1.5
837,1,5,7,1,2,15.93955648460217,2.25
837,1,5,8,1,3,22.78553620006057,3
837,1,5,9,1,4,19.47134540615432,3.75
837,1,5,10,1,5,17.69308204498525,4.5
837,1,5,11,1,6,19.03021501663836,5.25
837,1,5,12,1,7,18.19338480800157,6
838,1,5,1,0,-4,10.98637214860382,0
838,1,5,2,0,-3,8.12749124399531,0
838,1,5,3,0,-2,9.020370481269342,0
838,1,5,4,0,-1,15.82345793771523,0
838,1,5,5,1,0,9.90594902148235,.75
838,1,5,6,1,1,7.521520637492189,1.5
838,1,5,7,1,2,18.23766571602436,2.25
838,1,5,8,1,3,12.40375047862355,3
838,1,5,9,1,4,13.70641369657041,3.75
838,1,5,10,1,5,16.42905592567517,4.5
838,1,5,11,1,6,17.26817257686633,5.25
838,1,5,12,1,7,23.72209515296526,6
839,8,,1,0,,21.09457491211368,0
839,8,,2,0,,17.16143310445715,0
839,8,,3,0,,20.34754766410958,0
839,8,,4,0,,18.6123832766201,0
839,8,,5,0,,17.95802649858778,0
839,8,,6,0,,17.69480399747968,0
839,8,,7,0,,22.57692531276056,0
839,8,,8,0,,24.34415703664163,0
839,8,,9,0,,21.01243982783548,0
839,8,,10,0,,19.3399354101614,0
839,8,,11,0,,23.38296224102213,0
839,8,,12,0,,24.84808470382604,0
840,7,,1,0,,11.78474670873208,0
840,7,,2,0,,9.865105406175038,0
840,7,,3,0,,10.06770302658329,0
840,7,,4,0,,16.40916918453845,0
840,7,,5,0,,12.36160046893099,0
840,7,,6,0,,14.88137981930383,0
840,7,,7,0,,14.82693111506615,0
840,7,,8,0,,15.79469591562761,0
840,7,,9,0,,12.59358466254393,0
840,7,,10,0,,16.19296409052121,0
840,7,,11,0,,15.38839964404549,0
840,7,,12,0,,21.22414288278312,0
841,1,5,1,0,-4,8.223751790052171,0
841,1,5,2,0,-3,8.099699860213786,0
841,1,5,3,0,-2,4.274911958526261,0
841,1,5,4,0,-1,8.281643485215604,0
841,1,5,5,1,0,6.1098317839904,.75
841,1,5,6,1,1,7.119378816812993,1.5
841,1,5,7,1,2,7.373915443295719,2.25
841,1,5,8,1,3,11.35329896412892,3
841,1,5,9,1,4,7.027611847657938,3.75
841,1,5,10,1,5,14.48463532577394,4.5
841,1,5,11,1,6,11.77996577730753,5.25
841,1,5,12,1,7,12.40912482455427,6
842,3,7,1,0,-6,23.7990195039963,0
842,3,7,2,0,-5,19.86842934684845,0
842,3,7,3,0,-4,23.49308507366759,0
842,3,7,4,0,-3,27.30974450244687,0
842,3,7,5,0,-2,25.39859682672984,0
842,3,7,6,0,-1,24.38861565186371,0
842,3,7,7,1,0,24.95435924429208,.5
842,3,7,8,1,1,25.57173118457841,1
842,3,7,9,1,2,27.57469977035452,1.5
842,3,7,10,1,3,26.89948601920828,2
842,3,7,11,1,4,23.59995873754956,2.5
842,3,7,12,1,5,28.67185856105322,3
843,3,7,1,0,-6,16.72884742541592,0
843,3,7,2,0,-5,22.06072196030961,0
843,3,7,3,0,-4,23.4336908982485,0
843,3,7,4,0,-3,24.9399597941944,0
843,3,7,5,0,-2,24.06692604816942,0
843,3,7,6,0,-1,22.09440531217559,0
843,3,7,7,1,0,25.72452116199967,.5
843,3,7,8,1,1,24.22837221453246,1
843,3,7,9,1,2,24.84044504317329,1.5
843,3,7,10,1,3,27.96751815010743,2
843,3,7,11,1,4,22.03891979404151,2.5
843,3,7,12,1,5,26.55496318179917,3
844,5,9,1,0,-8,10.69832333452778,0
844,5,9,2,0,-7,17.71539354794493,0
844,5,9,3,0,-6,15.15699881641065,0
844,5,9,4,0,-5,13.01256589058546,0
844,5,9,5,0,-4,18.14070269323718,0
844,5,9,6,0,-3,19.7300782749568,0
844,5,9,7,0,-2,21.68549494562041,0
844,5,9,8,0,-1,15.51588772575632,0
844,5,9,9,1,0,16.13606237287764,.35
844,5,9,10,1,1,12.18993010810609,.7
844,5,9,11,1,2,16.83437356358758,1.05
844,5,9,12,1,3,22.05436915132895,1.4
845,7,,1,0,,8.160001861329764,0
845,7,,2,0,,13.37256625846206,0
845,7,,3,0,,10.24959421824532,0
845,7,,4,0,,18.22351382274355,0
845,7,,5,0,,12.89457699242582,0
845,7,,6,0,,8.669090753259718,0
845,7,,7,0,,16.21925219332036,0
845,7,,8,0,,20.62371574446467,0
845,7,,9,0,,15.38222512528107,0
845,7,,10,0,,10.54107767668809,0
845,7,,11,0,,16.00972305454385,0
845,7,,12,0,,13.50118977499035,0
846,8,,1,0,,17.44738031486627,0
846,8,,2,0,,24.34281048479898,0
846,8,,3,0,,17.54887107710449,0
846,8,,4,0,,16.9000252329898,0
846,8,,5,0,,19.81316961991334,0
846,8,,6,0,,15.81869119180001,0
846,8,,7,0,,18.1844157219124,0
846,8,,8,0,,14.66221865364233,0
846,8,,9,0,,25.23446068325547,0
846,8,,10,0,,21.91777788827956,0
846,8,,11,0,,16.27646978332531,0
846,8,,12,0,,26.46927523627479,0
847,4,7,1,0,-6,17.1704337113984,0
847,4,7,2,0,-5,19.74428876301972,0
847,4,7,3,0,-4,13.38943873735643,0
847,4,7,4,0,-3,19.7643973104621,0
847,4,7,5,0,-2,20.93430124238668,0
847,4,7,6,0,-1,19.65159984002242,0
847,4,7,7,1,0,18.80867243831359,.5
847,4,7,8,1,1,16.70169350639879,1
847,4,7,9,1,2,17.18155643113712,1.5
847,4,7,10,1,3,20.10696212163857,2
847,4,7,11,1,4,26.75148470733391,2.5
847,4,7,12,1,5,26.82119141949824,3
848,7,,1,0,,12.32478205971817,0
848,7,,2,0,,11.05057956733519,0
848,7,,3,0,,6.503691322203284,0
848,7,,4,0,,20.12980938308575,0
848,7,,5,0,,14.58232929474217,0
848,7,,6,0,,13.85213236858129,0
848,7,,7,0,,13.59733772325082,0
848,7,,8,0,,16.48339049767345,0
848,7,,9,0,,23.6669845011935,0
848,7,,10,0,,19.76221766996691,0
848,7,,11,0,,17.18818733002071,0
848,7,,12,0,,16.46024953793693,0
849,2,5,1,0,-4,19.36559720907976,0
849,2,5,2,0,-3,22.54433850273299,0
849,2,5,3,0,-2,17.25058203476368,0
849,2,5,4,0,-1,17.04028464428817,0
849,2,5,5,1,0,15.78578571501011,.75
849,2,5,6,1,1,23.12967134179182,1.5
849,2,5,7,1,2,21.74879735661068,2.25
849,2,5,8,1,3,23.38002339050682,3
849,2,5,9,1,4,25.32999182053248,3.75
849,2,5,10,1,5,27.00351739636955,4.5
849,2,5,11,1,6,25.851351565051,5.25
849,2,5,12,1,7,29.08896416924239,6
850,8,,1,0,,17.91067294374254,0
850,8,,2,0,,12.33320468431737,0
850,8,,3,0,,15.12735074414006,0
850,8,,4,0,,16.06077201764296,0
850,8,,5,0,,19.67502844381321,0
850,8,,6,0,,14.93896256933227,0
850,8,,7,0,,21.5618505957882,0
850,8,,8,0,,23.76836684297838,0
850,8,,9,0,,21.88790658764747,0
850,8,,10,0,,17.36338074948923,0
850,8,,11,0,,15.96399087496596,0
850,8,,12,0,,25.85051038239936,0
851,7,,1,0,,14.87278049858718,0
851,7,,2,0,,10.80716372331785,0
851,7,,3,0,,8.092322826775675,0
851,7,,4,0,,12.91504146112504,0
851,7,,5,0,,13.02062392396581,0
851,7,,6,0,,9.72984484076172,0
851,7,,7,0,,19.29251705212168,0
851,7,,8,0,,9.612629644045267,0
851,7,,9,0,,10.59997812239959,0
851,7,,10,0,,8.113677533261818,0
851,7,,11,0,,16.53561316327166,0
851,7,,12,0,,20.06232975057682,0
852,2,5,1,0,-4,20.72319700567322,0
852,2,5,2,0,-3,21.32270279855441,0
852,2,5,3,0,-2,19.98965070599323,0
852,2,5,4,0,-1,24.46852125503015,0
852,2,5,5,1,0,21.50862496189064,.75
852,2,5,6,1,1,20.14668407743821,1.5
852,2,5,7,1,2,26.891033720821,2.25
852,2,5,8,1,3,21.50361820734911,3
852,2,5,9,1,4,23.44459450859812,3.75
852,2,5,10,1,5,21.62883753775605,4.5
852,2,5,11,1,6,27.64990203843682,5.25
852,2,5,12,1,7,29.24499409046772,6
853,6,9,1,0,-8,12.44548557077521,0
853,6,9,2,0,-7,15.54866597151801,0
853,6,9,3,0,-6,20.6834578078043,0
853,6,9,4,0,-5,13.21493403433654,0
853,6,9,5,0,-4,14.02277801557283,0
853,6,9,6,0,-3,11.21069669917484,0
853,6,9,7,0,-2,14.08024498369199,0
853,6,9,8,0,-1,18.99247004187304,0
853,6,9,9,1,0,23.3825044424233,.35
853,6,9,10,1,1,14.38586415347735,.7
853,6,9,11,1,2,24.26446176954843,1.05
853,6,9,12,1,3,14.46467516036364,1.4
854,1,5,1,0,-4,17.50013035095309,0
854,1,5,2,0,-3,14.83206294032319,0
854,1,5,3,0,-2,21.77422072606932,0
854,1,5,4,0,-1,20.71639294874514,0
854,1,5,5,1,0,23.79526634640312,.75
854,1,5,6,1,1,24.02168358842079,1.5
854,1,5,7,1,2,24.61148536109756,2.25
854,1,5,8,1,3,27.91010701037769,3
854,1,5,9,1,4,24.07283822388728,3.75
854,1,5,10,1,5,27.02229244273202,4.5
854,1,5,11,1,6,26.1651008608215,5.25
854,1,5,12,1,7,24.15165783025887,6
855,1,5,1,0,-4,15.05442831884933,0
855,1,5,2,0,-3,17.27865078870822,0
855,1,5,3,0,-2,17.33701797457721,0
855,1,5,4,0,-1,20.89308572187848,0
855,1,5,5,1,0,22.83035981618369,.75
855,1,5,6,1,1,16.96666155493565,1.5
855,1,5,7,1,2,18.93545231945461,2.25
855,1,5,8,1,3,26.80995221408111,3
855,1,5,9,1,4,21.32217710902023,3.75
855,1,5,10,1,5,19.72600859560248,4.5
855,1,5,11,1,6,26.65719255564858,5.25
855,1,5,12,1,7,32.23638480385274,6
856,2,5,1,0,-4,8.208300751739763,0
856,2,5,2,0,-3,12.70427043869405,0
856,2,5,3,0,-2,17.1623785576326,0
856,2,5,4,0,-1,13.54791836877853,0
856,2,5,5,1,0,10.23134118198115,.75
856,2,5,6,1,1,12.05488688945216,1.5
856,2,5,7,1,2,20.07241305797603,2.25
856,2,5,8,1,3,17.76862957452976,3
856,2,5,9,1,4,19.49708202900479,3.75
856,2,5,10,1,5,25.05428412922451,4.5
856,2,5,11,1,6,21.90231837913969,5.25
856,2,5,12,1,7,20.59673101430954,6
857,4,7,1,0,-6,26.32662059722871,0
857,4,7,2,0,-5,19.82948327510204,0
857,4,7,3,0,-4,19.57779714214788,0
857,4,7,4,0,-3,26.48373105939756,0
857,4,7,5,0,-2,21.48238353320232,0
857,4,7,6,0,-1,27.00144735778112,0
857,4,7,7,1,0,20.683349859396,.5
857,4,7,8,1,1,26.69125843642399,1
857,4,7,9,1,2,28.2872008144601,1.5
857,4,7,10,1,3,26.56371680851806,2
857,4,7,11,1,4,28.88039567153424,2.5
857,4,7,12,1,5,25.02620607725791,3
858,1,5,1,0,-4,11.05157130343906,0
858,1,5,2,0,-3,14.16487409444071,0
858,1,5,3,0,-2,18.73878954940955,0
858,1,5,4,0,-1,14.75161071482388,0
858,1,5,5,1,0,14.95878896450766,.75
858,1,5,6,1,1,16.30183582268113,1.5
858,1,5,7,1,2,13.66248304619336,2.25
858,1,5,8,1,3,20.33840694549682,3
858,1,5,9,1,4,19.93554888438799,3.75
858,1,5,10,1,5,25.19558309473482,4.5
858,1,5,11,1,6,23.20197327819864,5.25
858,1,5,12,1,7,22.41939081587151,6
859,3,7,1,0,-6,13.63094079646937,0
859,3,7,2,0,-5,18.13598267814304,0
859,3,7,3,0,-4,19.10749459133484,0
859,3,7,4,0,-3,18.20068013278101,0
859,3,7,5,0,-2,17.85491794410768,0
859,3,7,6,0,-1,16.24856716912846,0
859,3,7,7,1,0,22.60533989676723,.5
859,3,7,8,1,1,20.81195707953151,1
859,3,7,9,1,2,19.12788623939869,1.5
859,3,7,10,1,3,20.39142091147102,2
859,3,7,11,1,4,19.82546945315628,2.5
859,3,7,12,1,5,27.83733763210056,3
860,6,9,1,0,-8,19.09701170263354,0
860,6,9,2,0,-7,16.60820288715331,0
860,6,9,3,0,-6,14.3928129214691,0
860,6,9,4,0,-5,24.11833932082671,0
860,6,9,5,0,-4,16.21763067858374,0
860,6,9,6,0,-3,18.31631917062817,0
860,6,9,7,0,-2,16.3851226631961,0
860,6,9,8,0,-1,16.79810416358406,0
860,6,9,9,1,0,19.82166367191988,.35
860,6,9,10,1,1,16.68318207621695,.7
860,6,9,11,1,2,18.94793491649342,1.05
860,6,9,12,1,3,18.65205081723299,1.4
861,1,5,1,0,-4,8.959335992792823,0
861,1,5,2,0,-3,3.648121239080376,0
861,1,5,3,0,-2,4.81749790222234,0
861,1,5,4,0,-1,1.793922132299259,0
861,1,5,5,1,0,5.601021255076213,.75
861,1,5,6,1,1,4.407880156252401,1.5
861,1,5,7,1,2,6.624286707406016,2.25
861,1,5,8,1,3,6.008833566828859,3
861,1,5,9,1,4,6.75808322999935,3.75
861,1,5,10,1,5,12.71132701355093,4.5
861,1,5,11,1,6,14.61613078200926,5.25
861,1,5,12,1,7,8.601758115109824,6
862,7,,1,0,,19.24422251495522,0
862,7,,2,0,,20.86209352450648,0
862,7,,3,0,,19.80392179772734,0
862,7,,4,0,,21.13720196236761,0
862,7,,5,0,,17.82434201658695,0
862,7,,6,0,,16.62820285519438,0
862,7,,7,0,,26.30467088864025,0
862,7,,8,0,,16.94395004390231,0
862,7,,9,0,,18.82003397494821,0
862,7,,10,0,,22.30173485050264,0
862,7,,11,0,,20.14092001397772,0
862,7,,12,0,,21.08578509745348,0
863,5,9,1,0,-8,19.10935103526702,0
863,5,9,2,0,-7,12.20347321142604,0
863,5,9,3,0,-6,18.2191842053254,0
863,5,9,4,0,-5,20.16060951275831,0
863,5,9,5,0,-4,16.98130000571531,0
863,5,9,6,0,-3,14.79763699378866,0
863,5,9,7,0,-2,20.74423029310866,0
863,5,9,8,0,-1,26.6838312904389,0
863,5,9,9,1,0,23.56124625479048,.35
863,5,9,10,1,1,14.867134357545,.7
863,5,9,11,1,2,16.03405500590694,1.05
863,5,9,12,1,3,23.42375509842445,1.4
864,7,,1,0,,14.49697397919234,0
864,7,,2,0,,18.83643010288591,0
864,7,,3,0,,14.55042089712853,0
864,7,,4,0,,18.0298625210748,0
864,7,,5,0,,14.0542719557472,0
864,7,,6,0,,15.06607543540217,0
864,7,,7,0,,15.19866160733647,0
864,7,,8,0,,15.80904113245438,0
864,7,,9,0,,17.62275535125833,0
864,7,,10,0,,18.90250634273494,0
864,7,,11,0,,18.38251515033705,0
864,7,,12,0,,12.63589939264349,0
865,1,5,1,0,-4,23.44620970214094,0
865,1,5,2,0,-3,14.50554053672952,0
865,1,5,3,0,-2,20.97916053086492,0
865,1,5,4,0,-1,21.4233352518086,0
865,1,5,5,1,0,26.16494791930022,.75
865,1,5,6,1,1,20.6062557264698,1.5
865,1,5,7,1,2,20.22623099482292,2.25
865,1,5,8,1,3,26.67419405961557,3
865,1,5,9,1,4,27.1874386617622,3.75
865,1,5,10,1,5,31.24061895003114,4.5
865,1,5,11,1,6,25.23601141324574,5.25
865,1,5,12,1,7,30.30511385201406,6
866,4,7,1,0,-6,14.44268458902334,0
866,4,7,2,0,-5,20.43447476440928,0
866,4,7,3,0,-4,23.44264773135412,0
866,4,7,4,0,-3,18.78942281796731,0
866,4,7,5,0,-2,13.58128550903388,0
866,4,7,6,0,-1,17.04417079414413,0
866,4,7,7,1,0,16.52616427803447,.5
866,4,7,8,1,1,28.62547741846516,1
866,4,7,9,1,2,21.15386450197426,1.5
866,4,7,10,1,3,23.80652091031357,2
866,4,7,11,1,4,33.40017535715326,2.5
866,4,7,12,1,5,29.36251932402197,3
867,7,,1,0,,12.42011880286391,0
867,7,,2,0,,10.62172204712824,0
867,7,,3,0,,17.15272376530046,0
867,7,,4,0,,15.29769924901595,0
867,7,,5,0,,13.02317368302462,0
867,7,,6,0,,15.44187467134067,0
867,7,,7,0,,16.67106433423955,0
867,7,,8,0,,18.06938557945754,0
867,7,,9,0,,17.27481420221856,0
867,7,,10,0,,13.24264892894027,0
867,7,,11,0,,17.57783382753765,0
867,7,,12,0,,18.35620539588359,0
868,8,,1,0,,23.102374112891,0
868,8,,2,0,,16.30921931395714,0
868,8,,3,0,,19.76193120915674,0
868,8,,4,0,,20.00833888187971,0
868,8,,5,0,,19.87824903534632,0
868,8,,6,0,,17.35087587379786,0
868,8,,7,0,,17.68196653555895,0
868,8,,8,0,,18.91494467041446,0
868,8,,9,0,,24.83974035894009,0
868,8,,10,0,,21.6403992094862,0
868,8,,11,0,,24.25245104181067,0
868,8,,12,0,,24.72042403809669,0
869,8,,1,0,,16.45365932963696,0
869,8,,2,0,,24.06793245755168,0
869,8,,3,0,,15.8899544264467,0
869,8,,4,0,,20.11920175182478,0
869,8,,5,0,,17.29833905408434,0
869,8,,6,0,,21.05991283183663,0
869,8,,7,0,,18.71121987773581,0
869,8,,8,0,,20.06196912430228,0
869,8,,9,0,,20.98802191998779,0
869,8,,10,0,,22.60000475503284,0
869,8,,11,0,,20.37461977282222,0
869,8,,12,0,,28.64464197909962,0
870,1,5,1,0,-4,14.86259270959873,0
870,1,5,2,0,-3,20.99372924330712,0
870,1,5,3,0,-2,19.07742828430215,0
870,1,5,4,0,-1,17.14258935116433,0
870,1,5,5,1,0,22.76912347803798,.75
870,1,5,6,1,1,22.32888207662369,1.5
870,1,5,7,1,2,21.10508794192633,2.25
870,1,5,8,1,3,30.25282924716394,3
870,1,5,9,1,4,19.78698516024178,3.75
870,1,5,10,1,5,23.19171046833848,4.5
870,1,5,11,1,6,27.0566137015304,5.25
870,1,5,12,1,7,24.9909494712289,6
871,4,7,1,0,-6,18.06860475160828,0
871,4,7,2,0,-5,16.52009979505053,0
871,4,7,3,0,-4,21.14155726471358,0
871,4,7,4,0,-3,17.74112951691103,0
871,4,7,5,0,-2,14.9179889431482,0
871,4,7,6,0,-1,21.29626904190219,0
871,4,7,7,1,0,20.17114393215713,.5
871,4,7,8,1,1,18.02011273513049,1
871,4,7,9,1,2,22.75975534806441,1.5
871,4,7,10,1,3,19.88555379869329,2
871,4,7,11,1,4,23.71828379075708,2.5
871,4,7,12,1,5,26.96854721176951,3
872,6,9,1,0,-8,13.57165159656497,0
872,6,9,2,0,-7,12.55144608915452,0
872,6,9,3,0,-6,7.70377803957578,0
872,6,9,4,0,-5,15.91542261700453,0
872,6,9,5,0,-4,15.38049205163427,0
872,6,9,6,0,-3,11.09080001691264,0
872,6,9,7,0,-2,16.79011182274041,0
872,6,9,8,0,-1,14.1689791034344,0
872,6,9,9,1,0,11.53800469083654,.35
872,6,9,10,1,1,11.12108161738651,.7
872,6,9,11,1,2,14.68022616728275,1.05
872,6,9,12,1,3,21.04631761145748,1.4
873,3,7,1,0,-6,15.82739997993327,0
873,3,7,2,0,-5,19.29820216313931,0
873,3,7,3,0,-4,14.87845416737712,0
873,3,7,4,0,-3,15.09799917558816,0
873,3,7,5,0,-2,16.91981374528883,0
873,3,7,6,0,-1,17.04580213102334,0
873,3,7,7,1,0,19.50270287237106,.5
873,3,7,8,1,1,16.4522974160178,1
873,3,7,9,1,2,18.52475750591466,1.5
873,3,7,10,1,3,18.81100116627617,2
873,3,7,11,1,4,24.90828432436852,2.5
873,3,7,12,1,5,25.70415005189209,3
874,1,5,1,0,-4,4.559608620354874,0
874,1,5,2,0,-3,9.558249699204556,0
874,1,5,3,0,-2,10.12130234603326,0
874,1,5,4,0,-1,7.331966379749517,0
874,1,5,5,1,0,12.27481960962894,.75
874,1,5,6,1,1,15.86457336095066,1.5
874,1,5,7,1,2,17.2856399467808,2.25
874,1,5,8,1,3,12.01614722540981,3
874,1,5,9,1,4,18.61208954533582,3.75
874,1,5,10,1,5,13.61982835627907,4.5
874,1,5,11,1,6,18.74170177924832,5.25
874,1,5,12,1,7,22.82837519791313,6
875,4,7,1,0,-6,9.465826632184063,0
875,4,7,2,0,-5,13.26651973151704,0
875,4,7,3,0,-4,7.754159019030152,0
875,4,7,4,0,-3,13.35770952436664,0
875,4,7,5,0,-2,6.843212516261202,0
875,4,7,6,0,-1,15.12697218171711,0
875,4,7,7,1,0,9.588212461584293,.5
875,4,7,8,1,1,12.84946327650268,1
875,4,7,9,1,2,12.85492187329922,1.5
875,4,7,10,1,3,14.07821988555674,2
875,4,7,11,1,4,18.70225851679201,2.5
875,4,7,12,1,5,15.32942864424628,3
876,5,9,1,0,-8,17.29984671914181,0
876,5,9,2,0,-7,15.43345253041244,0
876,5,9,3,0,-6,13.08591104079947,0
876,5,9,4,0,-5,21.18205624345216,0
876,5,9,5,0,-4,20.64158034679427,0
876,5,9,6,0,-3,22.83218716594243,0
876,5,9,7,0,-2,20.4948588795019,0
876,5,9,8,0,-1,17.3192560151262,0
876,5,9,9,1,0,17.50325910783258,.35
876,5,9,10,1,1,20.69482175974562,.7
876,5,9,11,1,2,21.40132251061311,1.05
876,5,9,12,1,3,21.70398406292593,1.4
877,3,7,1,0,-6,18.53383880919234,0
877,3,7,2,0,-5,14.65417636436872,0
877,3,7,3,0,-4,19.99409693621623,0
877,3,7,4,0,-3,18.13601387532091,0
877,3,7,5,0,-2,19.12929791845295,0
877,3,7,6,0,-1,21.97532065141971,0
877,3,7,7,1,0,13.53601394455373,.5
877,3,7,8,1,1,16.83962832888047,1
877,3,7,9,1,2,19.65547549439466,1.5
877,3,7,10,1,3,19.9244669113118,2
877,3,7,11,1,4,27.82565327322821,2.5
877,3,7,12,1,5,27.0037615547026,3
878,2,5,1,0,-4,20.62618843936428,0
878,2,5,2,0,-3,20.71920058336603,0
878,2,5,3,0,-2,19.44659198346512,0
878,2,5,4,0,-1,23.22318438799524,0
878,2,5,5,1,0,26.06460939595643,.75
878,2,5,6,1,1,25.23679662726731,1.5
878,2,5,7,1,2,27.84194625785546,2.25
878,2,5,8,1,3,27.1732221622186,3
878,2,5,9,1,4,28.71905241777874,3.75
878,2,5,10,1,5,32.2720987832315,4.5
878,2,5,11,1,6,25.49486958719854,5.25
878,2,5,12,1,7,33.12853763874478,6
879,1,5,1,0,-4,8.749644931596041,0
879,1,5,2,0,-3,5.538041078730654,0
879,1,5,3,0,-2,13.84646648997068,0
879,1,5,4,0,-1,12.05415421105328,0
879,1,5,5,1,0,9.940503833634454,.75
879,1,5,6,1,1,13.22605425119191,1.5
879,1,5,7,1,2,9.762791873560953,2.25
879,1,5,8,1,3,18.73342992135878,3
879,1,5,9,1,4,11.77709273204997,3.75
879,1,5,10,1,5,16.67414357618969,4.5
879,1,5,11,1,6,19.66942898263545,5.25
879,1,5,12,1,7,17.84743245508412,6
880,6,9,1,0,-8,31.53521723600964,0
880,6,9,2,0,-7,25.25572978323093,0
880,6,9,3,0,-6,27.40510674416606,0
880,6,9,4,0,-5,30.03898933933147,0
880,6,9,5,0,-4,26.12414171655542,0
880,6,9,6,0,-3,29.31129856708286,0
880,6,9,7,0,-2,27.00442251614124,0
880,6,9,8,0,-1,30.29556084319523,0
880,6,9,9,1,0,28.63990798404795,.35
880,6,9,10,1,1,34.96862574571695,.7
880,6,9,11,1,2,32.02402710800135,1.05
880,6,9,12,1,3,33.67913828607287,1.4
881,1,5,1,0,-4,6.596626169564482,0
881,1,5,2,0,-3,14.25658655583512,0
881,1,5,3,0,-2,9.40542398028278,0
881,1,5,4,0,-1,15.63324087197382,0
881,1,5,5,1,0,14.07233437966277,.75
881,1,5,6,1,1,12.3215377631378,1.5
881,1,5,7,1,2,17.0427659072042,2.25
881,1,5,8,1,3,16.15904965769734,3
881,1,5,9,1,4,13.72436281703209,3.75
881,1,5,10,1,5,22.09569337906159,4.5
881,1,5,11,1,6,21.51437005133167,5.25
881,1,5,12,1,7,18.8212176962536,6
882,7,,1,0,,21.89946560450525,0
882,7,,2,0,,15.67930303753442,0
882,7,,3,0,,16.19287463044697,0
882,7,,4,0,,20.55690094666762,0
882,7,,5,0,,21.80285405737381,0
882,7,,6,0,,19.28587325433503,0
882,7,,7,0,,20.46775045733997,0
882,7,,8,0,,16.09746045173276,0
882,7,,9,0,,17.14611382517909,0
882,7,,10,0,,21.4379261500929,0
882,7,,11,0,,17.302299445481,0
882,7,,12,0,,21.05069256498713,0
883,1,5,1,0,-4,19.27096114057662,0
883,1,5,2,0,-3,21.25788441559244,0
883,1,5,3,0,-2,25.12158646282447,0
883,1,5,4,0,-1,27.5780337531554,0
883,1,5,5,1,0,25.0182836827639,.75
883,1,5,6,1,1,23.26128656942098,1.5
883,1,5,7,1,2,21.55705259677395,2.25
883,1,5,8,1,3,30.37553963614399,3
883,1,5,9,1,4,28.84334945658987,3.75
883,1,5,10,1,5,29.68248800123292,4.5
883,1,5,11,1,6,30.01597774783503,5.25
883,1,5,12,1,7,31.03238707465907,6
884,3,7,1,0,-6,15.80227475701885,0
884,3,7,2,0,-5,16.48597213720151,0
884,3,7,3,0,-4,20.07858906803947,0
884,3,7,4,0,-3,16.1897009800442,0
884,3,7,5,0,-2,25.58280163828121,0
884,3,7,6,0,-1,15.23673295891864,0
884,3,7,7,1,0,21.06503385573811,.5
884,3,7,8,1,1,25.81503807555636,1
884,3,7,9,1,2,22.03716842622316,1.5
884,3,7,10,1,3,25.5679751178294,2
884,3,7,11,1,4,25.9200064384333,2.5
884,3,7,12,1,5,26.966536445142,3
885,5,9,1,0,-8,19.71935404764812,0
885,5,9,2,0,-7,19.64793487811871,0
885,5,9,3,0,-6,16.96282927928564,0
885,5,9,4,0,-5,18.45803220743085,0
885,5,9,5,0,-4,17.10666120205989,0
885,5,9,6,0,-3,21.74489891398924,0
885,5,9,7,0,-2,18.5410615882847,0
885,5,9,8,0,-1,21.67666172715492,0
885,5,9,9,1,0,24.8802073415124,.35
885,5,9,10,1,1,19.30602652195228,.7
885,5,9,11,1,2,20.28007101623859,1.05
885,5,9,12,1,3,19.09132253041739,1.4
886,5,9,1,0,-8,20.29292850114695,0
886,5,9,2,0,-7,16.79698319304924,0
886,5,9,3,0,-6,22.25784277949404,0
886,5,9,4,0,-5,28.00429763147314,0
886,5,9,5,0,-4,18.52617736257519,0
886,5,9,6,0,-3,23.53576485476431,0
886,5,9,7,0,-2,24.44615320505241,0
886,5,9,8,0,-1,25.08489725448393,0
886,5,9,9,1,0,25.66319638577574,.35
886,5,9,10,1,1,25.87921575876087,.7
886,5,9,11,1,2,24.1906629273061,1.05
886,5,9,12,1,3,27.91652142482486,1.4
887,3,7,1,0,-6,20.64330799093825,0
887,3,7,2,0,-5,10.67913576446021,0
887,3,7,3,0,-4,17.11938001374389,0
887,3,7,4,0,-3,13.466546126282,0
887,3,7,5,0,-2,12.19095097237442,0
887,3,7,6,0,-1,17.61519227999714,0
887,3,7,7,1,0,18.72445034313111,.5
887,3,7,8,1,1,24.19699667175638,1
887,3,7,9,1,2,24.178783937717,1.5
887,3,7,10,1,3,17.36221252773852,2
887,3,7,11,1,4,21.9013628075269,2.5
887,3,7,12,1,5,24.96177034137852,3
888,5,9,1,0,-8,22.75320851923102,0
888,5,9,2,0,-7,22.1884037111044,0
888,5,9,3,0,-6,23.11347090670483,0
888,5,9,4,0,-5,28.31383008025343,0
888,5,9,5,0,-4,24.93024434558811,0
888,5,9,6,0,-3,24.63070434064122,0
888,5,9,7,0,-2,20.38227766911202,0
888,5,9,8,0,-1,23.88196026968075,0
888,5,9,9,1,0,24.3307593097411,.35
888,5,9,10,1,1,27.39716525186643,.7
888,5,9,11,1,2,24.60782770129665,1.05
888,5,9,12,1,3,27.09361602482934,1.4
889,1,5,1,0,-4,12.59780964645958,0
889,1,5,2,0,-3,10.89587508925355,0
889,1,5,3,0,-2,11.35673011355001,0
889,1,5,4,0,-1,14.71192868450759,0
889,1,5,5,1,0,14.95316052165587,.75
889,1,5,6,1,1,12.2297616607027,1.5
889,1,5,7,1,2,15.7395217460024,2.25
889,1,5,8,1,3,18.0869207105239,3
889,1,5,9,1,4,17.80115826604719,3.75
889,1,5,10,1,5,14.43373729819233,4.5
889,1,5,11,1,6,18.20857303736145,5.25
889,1,5,12,1,7,25.02565562570765,6
890,4,7,1,0,-6,28.30727881459525,0
890,4,7,2,0,-5,24.17965031072452,0
890,4,7,3,0,-4,22.41414636126378,0
890,4,7,4,0,-3,26.42737810775204,0
890,4,7,5,0,-2,29.48975573133162,0
890,4,7,6,0,-1,29.88484674060894,0
890,4,7,7,1,0,29.75106759589187,.5
890,4,7,8,1,1,27.61787030316564,1
890,4,7,9,1,2,27.97150271309246,1.5
890,4,7,10,1,3,28.93900118164708,2
890,4,7,11,1,4,32.54240166114251,2.5
890,4,7,12,1,5,27.02463337687966,3
891,7,,1,0,,16.6787091954936,0
891,7,,2,0,,17.01456075736468,0
891,7,,3,0,,14.64469206206693,0
891,7,,4,0,,16.1685110135822,0
891,7,,5,0,,17.57940230713973,0
891,7,,6,0,,19.5597718179095,0
891,7,,7,0,,18.11185526007707,0
891,7,,8,0,,20.98114066573223,0
891,7,,9,0,,20.00851414230147,0
891,7,,10,0,,20.48348731074357,0
891,7,,11,0,,20.34877995906689,0
891,7,,12,0,,24.60117011798981,0
892,1,5,1,0,-4,17.26603746305427,0
892,1,5,2,0,-3,18.63031902738958,0
892,1,5,3,0,-2,23.05338601383939,0
892,1,5,4,0,-1,16.10512812811308,0
892,1,5,5,1,0,20.37631523977728,.75
892,1,5,6,1,1,24.24367323626242,1.5
892,1,5,7,1,2,26.06728595862612,2.25
892,1,5,8,1,3,21.52725311841515,3
892,1,5,9,1,4,23.87129581477181,3.75
892,1,5,10,1,5,27.28786469190117,4.5
892,1,5,11,1,6,27.68038221739061,5.25
892,1,5,12,1,7,30.81250353420321,6
893,6,9,1,0,-8,12.08365202045454,0
893,6,9,2,0,-7,11.85809590569403,0
893,6,9,3,0,-6,17.4857993326674,0
893,6,9,4,0,-5,15.77095461024921,0
893,6,9,5,0,-4,14.96685245533369,0
893,6,9,6,0,-3,13.28064604390354,0
893,6,9,7,0,-2,18.13622727538512,0
893,6,9,8,0,-1,14.14938260281618,0
893,6,9,9,1,0,20.17960424146532,.35
893,6,9,10,1,1,16.26416903712302,.7
893,6,9,11,1,2,17.71291146818959,1.05
893,6,9,12,1,3,17.4299687286848,1.4
894,3,7,1,0,-6,23.36456193238837,0
894,3,7,2,0,-5,25.42980401198907,0
894,3,7,3,0,-4,24.85613350698046,0
894,3,7,4,0,-3,23.55819808110534,0
894,3,7,5,0,-2,25.44314330438914,0
894,3,7,6,0,-1,23.39759645724119,0
894,3,7,7,1,0,21.22738541995879,.5
894,3,7,8,1,1,23.45151558047003,1
894,3,7,9,1,2,23.01799984852951,1.5
894,3,7,10,1,3,26.55276692539598,2
894,3,7,11,1,4,25.93142221623513,2.5
894,3,7,12,1,5,24.90225968418356,3
895,2,5,1,0,-4,13.14134418852223,0
895,2,5,2,0,-3,19.64239421138067,0
895,2,5,3,0,-2,16.38579180505712,0
895,2,5,4,0,-1,13.97272948936567,0
895,2,5,5,1,0,20.6185044845924,.75
895,2,5,6,1,1,14.72370303375295,1.5
895,2,5,7,1,2,19.35196807905928,2.25
895,2,5,8,1,3,22.5281630982686,3
895,2,5,9,1,4,22.20494738901154,3.75
895,2,5,10,1,5,18.89326602431672,4.5
895,2,5,11,1,6,22.52694611715053,5.25
895,2,5,12,1,7,27.99457034416002,6
896,1,5,1,0,-4,17.11718378878674,0
896,1,5,2,0,-3,17.58340799173263,0
896,1,5,3,0,-2,20.00642162296151,0
896,1,5,4,0,-1,18.41937357356797,0
896,1,5,5,1,0,16.99336018401385,.75
896,1,5,6,1,1,18.39813845575113,1.5
896,1,5,7,1,2,25.41186485029368,2.25
896,1,5,8,1,3,21.55658611386363,3
896,1,5,9,1,4,22.90827314198013,3.75
896,1,5,10,1,5,22.01859790091901,4.5
896,1,5,11,1,6,25.05023430588909,5.25
896,1,5,12,1,7,28.96280736859319,6
897,1,5,1,0,-4,8.032611646083138,0
897,1,5,2,0,-3,12.20587842621279,0
897,1,5,3,0,-2,8.089916113617701,0
897,1,5,4,0,-1,11.83406141156904,0
897,1,5,5,1,0,12.94930405588245,.75
897,1,5,6,1,1,14.9167729286305,1.5
897,1,5,7,1,2,15.66706540360611,2.25
897,1,5,8,1,3,16.06506992781906,3
897,1,5,9,1,4,15.5047722373039,3.75
897,1,5,10,1,5,17.09483237241592,4.5
897,1,5,11,1,6,22.29179980082715,5.25
897,1,5,12,1,7,23.17772727224515,6
898,3,7,1,0,-6,19.64135188567003,0
898,3,7,2,0,-5,21.23458628667992,0
898,3,7,3,0,-4,16.09403188325929,0
898,3,7,4,0,-3,20.36186155748278,0
898,3,7,5,0,-2,26.86809474569159,0
898,3,7,6,0,-1,21.79096038254355,0
898,3,7,7,1,0,20.23381312987082,.5
898,3,7,8,1,1,27.46472280635363,1
898,3,7,9,1,2,27.06593524214599,1.5
898,3,7,10,1,3,24.75734089013311,2
898,3,7,11,1,4,27.87206278740091,2.5
898,3,7,12,1,5,32.19707658483237,3
899,7,,1,0,,22.27501501807738,0
899,7,,2,0,,19.66419655624325,0
899,7,,3,0,,17.76772044564924,0
899,7,,4,0,,29.22663584771834,0
899,7,,5,0,,23.71515019954507,0
899,7,,6,0,,23.16899867664306,0
899,7,,7,0,,17.59027172326155,0
899,7,,8,0,,24.4142129679806,0
899,7,,9,0,,24.91437523314634,0
899,7,,10,0,,21.35278714273833,0
899,7,,11,0,,26.86021351912922,0
899,7,,12,0,,30.54885695797645,0
900,7,,1,0,,27.39867210219246,0
900,7,,2,0,,27.37268982773131,0
900,7,,3,0,,23.43215490438573,0
900,7,,4,0,,33.96853081029819,0
900,7,,5,0,,21.83139801399721,0
900,7,,6,0,,28.52131046121992,0
900,7,,7,0,,28.69304727757804,0
900,7,,8,0,,30.48768647561878,0
900,7,,9,0,,30.8781886440909,0
900,7,,10,0,,29.6840909088001,0
900,7,,11,0,,32.48860748426512,0
900,7,,12,0,,32.35722773809594,0
901,1,5,1,0,-4,20.71047247972475,0
901,1,5,2,0,-3,17.75349467585324,0
901,1,5,3,0,-2,14.88255959897966,0
901,1,5,4,0,-1,20.88601727637877,0
901,1,5,5,1,0,24.85605749876256,.75
901,1,5,6,1,1,20.87580983307949,1.5
901,1,5,7,1,2,21.6908949476618,2.25
901,1,5,8,1,3,25.59404354968702,3
901,1,5,9,1,4,22.18991858087232,3.75
901,1,5,10,1,5,24.71309543780857,4.5
901,1,5,11,1,6,30.06392755385557,5.25
901,1,5,12,1,7,28.87422692163729,6
902,5,9,1,0,-8,17.77897306891585,0
902,5,9,2,0,-7,16.86278974463612,0
902,5,9,3,0,-6,20.43314362377889,0
902,5,9,4,0,-5,22.14291473056796,0
902,5,9,5,0,-4,20.84049625033953,0
902,5,9,6,0,-3,16.28531019566857,0
902,5,9,7,0,-2,16.65223712062924,0
902,5,9,8,0,-1,19.82327032524843,0
902,5,9,9,1,0,22.62821721720793,.35
902,5,9,10,1,1,19.49239729466959,.7
902,5,9,11,1,2,20.5037072299011,1.05
902,5,9,12,1,3,21.80707620506242,1.4
903,8,,1,0,,20.3685656816711,0
903,8,,2,0,,22.68230441665589,0
903,8,,3,0,,21.10366222433402,0
903,8,,4,0,,16.69078328827111,0
903,8,,5,0,,27.95383798057492,0
903,8,,6,0,,26.15461902677222,0
903,8,,7,0,,21.70558604692526,0
903,8,,8,0,,26.27838960175769,0
903,8,,9,0,,24.94347462236301,0
903,8,,10,0,,27.11025110762594,0
903,8,,11,0,,24.44928041830677,0
903,8,,12,0,,22.91080010299375,0
904,7,,1,0,,21.58836549505214,0
904,7,,2,0,,26.40196789130625,0
904,7,,3,0,,25.85618533687302,0
904,7,,4,0,,19.68287816473906,0
904,7,,5,0,,17.79630334753689,0
904,7,,6,0,,27.98451661229335,0
904,7,,7,0,,16.25338336021747,0
904,7,,8,0,,26.43067189945917,0
904,7,,9,0,,19.42348176107555,0
904,7,,10,0,,22.75103902992936,0
904,7,,11,0,,18.04705010504714,0
904,7,,12,0,,17.52797162854609,0
905,1,5,1,0,-4,11.8839167882945,0
905,1,5,2,0,-3,19.07620541752175,0
905,1,5,3,0,-2,15.78230823634382,0
905,1,5,4,0,-1,16.84903858437106,0
905,1,5,5,1,0,16.94617966154566,.75
905,1,5,6,1,1,18.43459059148277,1.5
905,1,5,7,1,2,17.44967786074408,2.25
905,1,5,8,1,3,17.38110004021569,3
905,1,5,9,1,4,20.29803303833975,3.75
905,1,5,10,1,5,15.42671167777719,4.5
905,1,5,11,1,6,23.62502680290756,5.25
905,1,5,12,1,7,22.9922147026722,6
906,6,9,1,0,-8,17.91283413089047,0
906,6,9,2,0,-7,14.09287054065595,0
906,6,9,3,0,-6,12.87722338846653,0
906,6,9,4,0,-5,16.24799817436298,0
906,6,9,5,0,-4,9.994889289112201,0
906,6,9,6,0,-3,15.04962295363463,0
906,6,9,7,0,-2,14.96437977852142,0
906,6,9,8,0,-1,19.51759933140782,0
906,6,9,9,1,0,18.34629243344463,.35
906,6,9,10,1,1,16.1622602491664,.7
906,6,9,11,1,2,18.44608436754987,1.05
906,6,9,12,1,3,15.61762288211379,1.4
907,2,5,1,0,-4,24.04481347374752,0
907,2,5,2,0,-3,20.90683701825986,0
907,2,5,3,0,-2,23.55999347966181,0
907,2,5,4,0,-1,27.92464432095843,0
907,2,5,5,1,0,25.49147282270787,.75
907,2,5,6,1,1,29.78012557913711,1.5
907,2,5,7,1,2,26.44387441555485,2.25
907,2,5,8,1,3,34.47155803542208,3
907,2,5,9,1,4,32.84409123225791,3.75
907,2,5,10,1,5,28.98645838948277,4.5
907,2,5,11,1,6,30.98011755621019,5.25
907,2,5,12,1,7,30.97659875341461,6
908,4,7,1,0,-6,19.17012265008655,0
908,4,7,2,0,-5,16.20266094784943,0
908,4,7,3,0,-4,23.03879381617766,0
908,4,7,4,0,-3,23.90130772455247,0
908,4,7,5,0,-2,21.98086740533156,0
908,4,7,6,0,-1,15.71776254303001,0
908,4,7,7,1,0,17.8806057635133,.5
908,4,7,8,1,1,23.21686978927173,1
908,4,7,9,1,2,22.15267909406924,1.5
908,4,7,10,1,3,33.8351687570687,2
908,4,7,11,1,4,33.11748723260331,2.5
908,4,7,12,1,5,27.46282595958091,3
909,6,9,1,0,-8,9.110913625248596,0
909,6,9,2,0,-7,2.940086806834533,0
909,6,9,3,0,-6,10.18033770591219,0
909,6,9,4,0,-5,14.90449629837585,0
909,6,9,5,0,-4,7.742759959919994,0
909,6,9,6,0,-3,12.9973647993604,0
909,6,9,7,0,-2,11.33404036873959,0
909,6,9,8,0,-1,15.99197417492348,0
909,6,9,9,1,0,12.07642000024692,.35
909,6,9,10,1,1,15.86058427580437,.7
909,6,9,11,1,2,14.06683341105342,1.05
909,6,9,12,1,3,13.41838918831912,1.4
910,7,,1,0,,16.78465499250711,0
910,7,,2,0,,18.23224033134019,0
910,7,,3,0,,16.03639861380298,0
910,7,,4,0,,19.36064443634517,0
910,7,,5,0,,15.05758394004924,0
910,7,,6,0,,20.11007121956112,0
910,7,,7,0,,11.26770628827947,0
910,7,,8,0,,15.88022073628916,0
910,7,,9,0,,19.44263497637962,0
910,7,,10,0,,15.85669574875824,0
910,7,,11,0,,19.85632677823613,0
910,7,,12,0,,20.20510711327523,0
911,3,7,1,0,-6,9.843372015185825,0
911,3,7,2,0,-5,10.94676149840011,0
911,3,7,3,0,-4,7.421231758856016,0
911,3,7,4,0,-3,18.65178506306112,0
911,3,7,5,0,-2,13.50108312809139,0
911,3,7,6,0,-1,13.94315889875828,0
911,3,7,7,1,0,10.34664115024164,.5
911,3,7,8,1,1,12.97455285683804,1
911,3,7,9,1,2,18.31142106675641,1.5
911,3,7,10,1,3,18.20519543813636,2
911,3,7,11,1,4,18.72280795420702,2.5
911,3,7,12,1,5,16.5036083952424,3
912,8,,1,0,,11.5252463616226,0
912,8,,2,0,,11.22840677029324,0
912,8,,3,0,,11.93909794442065,0
912,8,,4,0,,16.42485166951229,0
912,8,,5,0,,13.73953776307318,0
912,8,,6,0,,9.603027007517275,0
912,8,,7,0,,17.95674389581005,0
912,8,,8,0,,15.34969344263266,0
912,8,,9,0,,9.423836034298168,0
912,8,,10,0,,14.00615329812051,0
912,8,,11,0,,17.80972679624344,0
912,8,,12,0,,12.71221874090456,0
913,7,,1,0,,14.40066448524318,0
913,7,,2,0,,15.91332019548613,0
913,7,,3,0,,13.22116016210791,0
913,7,,4,0,,17.55290134872953,0
913,7,,5,0,,18.0652723027921,0
913,7,,6,0,,23.86436721844151,0
913,7,,7,0,,17.44297645908606,0
913,7,,8,0,,17.40708819250743,0
913,7,,9,0,,13.63714934963173,0
913,7,,10,0,,13.84888335517629,0
913,7,,11,0,,16.50093998271253,0
913,7,,12,0,,22.18118599083178,0
914,8,,1,0,,16.38841013541435,0
914,8,,2,0,,11.05046280346273,0
914,8,,3,0,,17.52502077112786,0
914,8,,4,0,,11.31308922556117,0
914,8,,5,0,,15.52582977608956,0
914,8,,6,0,,17.7895376926305,0
914,8,,7,0,,19.36288307116801,0
914,8,,8,0,,16.5069219638199,0
914,8,,9,0,,18.07855634321534,0
914,8,,10,0,,11.02625714555938,0
914,8,,11,0,,20.19048044623149,0
914,8,,12,0,,14.88032897517197,0
915,5,9,1,0,-8,11.48431534804905,0
915,5,9,2,0,-7,13.02596095017621,0
915,5,9,3,0,-6,9.436494873676519,0
915,5,9,4,0,-5,12.74637514293617,0
915,5,9,5,0,-4,20.4413788694989,0
915,5,9,6,0,-3,18.20369193728212,0
915,5,9,7,0,-2,13.09412425002139,0
915,5,9,8,0,-1,23.42385284978051,0
915,5,9,9,1,0,18.47553100374397,.35
915,5,9,10,1,1,16.73432236870726,.7
915,5,9,11,1,2,17.62205504400814,1.05
915,5,9,12,1,3,17.08440409459624,1.4
916,2,5,1,0,-4,14.43757750430605,0
916,2,5,2,0,-3,12.8325309221541,0
916,2,5,3,0,-2,15.20730424117246,0
916,2,5,4,0,-1,19.66017443662053,0
916,2,5,5,1,0,18.38218469839293,.75
916,2,5,6,1,1,16.51709683256728,1.5
916,2,5,7,1,2,21.27728475294864,2.25
916,2,5,8,1,3,19.28665771602508,3
916,2,5,9,1,4,28.67172801085879,3.75
916,2,5,10,1,5,19.81396727187539,4.5
916,2,5,11,1,6,20.30079646497444,5.25
916,2,5,12,1,7,23.98351691427396,6
917,6,9,1,0,-8,13.8991988253283,0
917,6,9,2,0,-7,15.15420107400424,0
917,6,9,3,0,-6,14.17654684628647,0
917,6,9,4,0,-5,13.17256776703563,0
917,6,9,5,0,-4,8.834621572689286,0
917,6,9,6,0,-3,17.40177714376627,0
917,6,9,7,0,-2,16.22397506328194,0
917,6,9,8,0,-1,17.09193479372287,0
917,6,9,9,1,0,17.74181911463932,.35
917,6,9,10,1,1,11.93660120379015,.7
917,6,9,11,1,2,11.80045183917279,1.05
917,6,9,12,1,3,23.49353896764223,1.4
918,4,7,1,0,-6,11.48397514201651,0
918,4,7,2,0,-5,16.51002365727946,0
918,4,7,3,0,-4,13.21126938427512,0
918,4,7,4,0,-3,20.0200695261059,0
918,4,7,5,0,-2,15.7933623752987,0
918,4,7,6,0,-1,15.7594876245655,0
918,4,7,7,1,0,15.47049716114828,.5
918,4,7,8,1,1,16.05232499536298,1
918,4,7,9,1,2,18.53787502591553,1.5
918,4,7,10,1,3,16.92292374732084,2
918,4,7,11,1,4,16.27138800856629,2.5
918,4,7,12,1,5,24.43747788412013,3
919,3,7,1,0,-6,18.53159173715156,0
919,3,7,2,0,-5,20.125162709428,0
919,3,7,3,0,-4,18.53173300004343,0
919,3,7,4,0,-3,19.35550361210809,0
919,3,7,5,0,-2,17.5177084685447,0
919,3,7,6,0,-1,19.24356492837353,0
919,3,7,7,1,0,20.39271169348123,.5
919,3,7,8,1,1,19.84834382173749,1
919,3,7,9,1,2,19.07310020155352,1.5
919,3,7,10,1,3,25.05603770658168,2
919,3,7,11,1,4,28.3257122165652,2.5
919,3,7,12,1,5,24.02484740368191,3
920,4,7,1,0,-6,11.46716553706872,0
920,4,7,2,0,-5,12.52321675308896,0
920,4,7,3,0,-4,9.796660754874939,0
920,4,7,4,0,-3,13.00852709762501,0
920,4,7,5,0,-2,17.13923626747767,0
920,4,7,6,0,-1,14.87335033822638,0
920,4,7,7,1,0,15.66410126713503,.5
920,4,7,8,1,1,18.31245695418682,1
920,4,7,9,1,2,20.24315702117455,1.5
920,4,7,10,1,3,14.04127389875465,2
920,4,7,11,1,4,15.79489654870737,2.5
920,4,7,12,1,5,22.20412023767443,3
921,5,9,1,0,-8,20.13333569324823,0
921,5,9,2,0,-7,10.60410166422093,0
921,5,9,3,0,-6,16.20226276185834,0
921,5,9,4,0,-5,14.39730631410315,0
921,5,9,5,0,-4,18.65692801782149,0
921,5,9,6,0,-3,19.27715680112656,0
921,5,9,7,0,-2,22.45509501282753,0
921,5,9,8,0,-1,17.35799762410852,0
921,5,9,9,1,0,14.60899238764041,.35
921,5,9,10,1,1,21.47663490476194,.7
921,5,9,11,1,2,23.04807093160393,1.05
921,5,9,12,1,3,19.46505420308467,1.4
922,8,,1,0,,19.66892323199411,0
922,8,,2,0,,16.76087260312498,0
922,8,,3,0,,21.61782719667061,0
922,8,,4,0,,22.45337713275125,0
922,8,,5,0,,15.55411691876238,0
922,8,,6,0,,21.84248956008578,0
922,8,,7,0,,21.43893372121655,0
922,8,,8,0,,29.4407748870536,0
922,8,,9,0,,30.19637675630101,0
922,8,,10,0,,18.08392554010902,0
922,8,,11,0,,28.3294108912287,0
922,8,,12,0,,24.70107082150779,0
923,8,,1,0,,20.22078496659705,0
923,8,,2,0,,14.31487060671219,0
923,8,,3,0,,8.376794848676237,0
923,8,,4,0,,17.06138074901354,0
923,8,,5,0,,16.71345180050923,0
923,8,,6,0,,23.39184636485781,0
923,8,,7,0,,17.66311416816403,0
923,8,,8,0,,21.43001202929885,0
923,8,,9,0,,23.83005239094723,0
923,8,,10,0,,16.64788724973133,0
923,8,,11,0,,13.67601021957284,0
923,8,,12,0,,20.63920588391221,0
924,6,9,1,0,-8,20.4418578317301,0
924,6,9,2,0,-7,17.97184239548314,0
924,6,9,3,0,-6,16.59445183430546,0
924,6,9,4,0,-5,16.16209278241785,0
924,6,9,5,0,-4,16.12692515492777,0
924,6,9,6,0,-3,16.68761379720441,0
924,6,9,7,0,-2,17.34686791704974,0
924,6,9,8,0,-1,20.42998134750518,0
924,6,9,9,1,0,17.23802754359992,.35
924,6,9,10,1,1,20.34011029948545,.7
924,6,9,11,1,2,20.3751717746505,1.05
924,6,9,12,1,3,21.59563229127746,1.4
925,2,5,1,0,-4,5.484225080970237,0
925,2,5,2,0,-3,8.543134507305759,0
925,2,5,3,0,-2,9.168333509234492,0
925,2,5,4,0,-1,16.53405304558371,0
925,2,5,5,1,0,10.33351578836741,.75
925,2,5,6,1,1,14.33257873792533,1.5
925,2,5,7,1,2,13.43246623134179,2.25
925,2,5,8,1,3,12.47928775610334,3
925,2,5,9,1,4,9.688344447278968,3.75
925,2,5,10,1,5,13.10498281242378,4.5
925,2,5,11,1,6,16.6671371416682,5.25
925,2,5,12,1,7,22.96048749396589,6
926,5,9,1,0,-8,12.35273413352129,0
926,5,9,2,0,-7,9.180679979009955,0
926,5,9,3,0,-6,2.951294054776182,0
926,5,9,4,0,-5,8.234941129949092,0
926,5,9,5,0,-4,3.112908887341057,0
926,5,9,6,0,-3,12.30680891610743,0
926,5,9,7,0,-2,11.85064047735698,0
926,5,9,8,0,-1,7.282364623619342,0
926,5,9,9,1,0,14.14157368061384,.35
926,5,9,10,1,1,13.22627196646646,.7
926,5,9,11,1,2,5.50042572051873,1.05
926,5,9,12,1,3,16.37219662545057,1.4
927,2,5,1,0,-4,5.256764807185674,0
927,2,5,2,0,-3,7.005123703701773,0
927,2,5,3,0,-2,9.066021635939093,0
927,2,5,4,0,-1,11.0015961441578,0
927,2,5,5,1,0,9.948086897076443,.75
927,2,5,6,1,1,4.759097459581598,1.5
927,2,5,7,1,2,8.191235323305495,2.25
927,2,5,8,1,3,14.11391904627588,3
927,2,5,9,1,4,13.87507367554898,3.75
927,2,5,10,1,5,11.64473425216933,4.5
927,2,5,11,1,6,20.80263876072128,5.25
927,2,5,12,1,7,15.06758454243946,6
928,4,7,1,0,-6,13.68644105492747,0
928,4,7,2,0,-5,22.51552038227059,0
928,4,7,3,0,-4,20.22117596522143,0
928,4,7,4,0,-3,19.89220787252655,0
928,4,7,5,0,-2,20.26649598044885,0
928,4,7,6,0,-1,15.80313405307033,0
928,4,7,7,1,0,23.07223295414416,.5
928,4,7,8,1,1,16.87174002778984,1
928,4,7,9,1,2,14.40434141986248,1.5
928,4,7,10,1,3,23.92829361614191,2
928,4,7,11,1,4,24.32003382920427,2.5
928,4,7,12,1,5,22.57217949665254,3
929,7,,1,0,,21.38956540812031,0
929,7,,2,0,,18.50231910289129,0
929,7,,3,0,,25.24524223734204,0
929,7,,4,0,,25.65680267369648,0
929,7,,5,0,,20.22399397562576,0
929,7,,6,0,,26.25341444734523,0
929,7,,7,0,,15.10197328032709,0
929,7,,8,0,,23.59744973331957,0
929,7,,9,0,,21.82560556734851,0
929,7,,10,0,,21.52215484114636,0
929,7,,11,0,,26.4015523341187,0
929,7,,12,0,,25.73764144905939,0
930,4,7,1,0,-6,14.10056714583946,0
930,4,7,2,0,-5,11.70598632651445,0
930,4,7,3,0,-4,20.9735362527322,0
930,4,7,4,0,-3,23.99209711340801,0
930,4,7,5,0,-2,20.49539531614163,0
930,4,7,6,0,-1,24.30752765255811,0
930,4,7,7,1,0,21.39100961449369,.5
930,4,7,8,1,1,18.22638066391537,1
930,4,7,9,1,2,19.76475530906384,1.5
930,4,7,10,1,3,17.04143815151784,2
930,4,7,11,1,4,19.37224830937443,2.5
930,4,7,12,1,5,25.38881293459283,3
931,1,5,1,0,-4,23.66962216517186,0
931,1,5,2,0,-3,25.24182972310722,0
931,1,5,3,0,-2,20.91570741536405,0
931,1,5,4,0,-1,24.31046895980297,0
931,1,5,5,1,0,21.82771139779529,.75
931,1,5,6,1,1,19.01630841572463,1.5
931,1,5,7,1,2,23.23144281915499,2.25
931,1,5,8,1,3,22.68631452369335,3
931,1,5,9,1,4,25.98053847930562,3.75
931,1,5,10,1,5,25.62330649965803,4.5
931,1,5,11,1,6,27.84258410826686,5.25
931,1,5,12,1,7,35.88230045359188,6
932,5,9,1,0,-8,16.15567453384423,0
932,5,9,2,0,-7,11.34040023211857,0
932,5,9,3,0,-6,17.40192928035497,0
932,5,9,4,0,-5,19.14968929478563,0
932,5,9,5,0,-4,15.17385662152498,0
932,5,9,6,0,-3,16.19935330200956,0
932,5,9,7,0,-2,15.58562653479219,0
932,5,9,8,0,-1,21.19504312263101,0
932,5,9,9,1,0,22.65652584504339,.35
932,5,9,10,1,1,14.59588626876377,.7
932,5,9,11,1,2,18.10514775950776,1.05
932,5,9,12,1,3,20.33070005579227,1.4
933,2,5,1,0,-4,12.85605639190726,0
933,2,5,2,0,-3,15.17072589995122,0
933,2,5,3,0,-2,11.81469831317414,0
933,2,5,4,0,-1,18.52445305162894,0
933,2,5,5,1,0,14.22440940975821,.75
933,2,5,6,1,1,16.68022860179402,1.5
933,2,5,7,1,2,17.9269825930485,2.25
933,2,5,8,1,3,21.26466004103462,3
933,2,5,9,1,4,19.56152458690948,3.75
933,2,5,10,1,5,14.65323133293162,4.5
933,2,5,11,1,6,18.09682032471819,5.25
933,2,5,12,1,7,23.23642632335553,6
934,3,7,1,0,-6,14.73463513368418,0
934,3,7,2,0,-5,16.26947097529274,0
934,3,7,3,0,-4,11.75161315212511,0
934,3,7,4,0,-3,9.794485903053953,0
934,3,7,5,0,-2,10.75821709425524,0
934,3,7,6,0,-1,14.09146675706457,0
934,3,7,7,1,0,18.29350494025595,.5
934,3,7,8,1,1,16.75032467479785,1
934,3,7,9,1,2,18.0517350037751,1.5
934,3,7,10,1,3,15.85986312618848,2
934,3,7,11,1,4,14.83984750728489,2.5
934,3,7,12,1,5,14.12776400333701,3
935,4,7,1,0,-6,13.37188819831308,0
935,4,7,2,0,-5,10.34051326292862,0
935,4,7,3,0,-4,14.95485736899388,0
935,4,7,4,0,-3,13.89091221415409,0
935,4,7,5,0,-2,14.7331552846566,0
935,4,7,6,0,-1,11.70363569965915,0
935,4,7,7,1,0,15.78515110180687,.5
935,4,7,8,1,1,17.16170928123721,1
935,4,7,9,1,2,17.71584360897459,1.5
935,4,7,10,1,3,21.46015077872746,2
935,4,7,11,1,4,19.98968192904846,2.5
935,4,7,12,1,5,16.66788738456363,3
936,3,7,1,0,-6,20.66638072763287,0
936,3,7,2,0,-5,21.1706284141963,0
936,3,7,3,0,-4,20.37709995413738,0
936,3,7,4,0,-3,22.52281385281671,0
936,3,7,5,0,-2,20.89887491014434,0
936,3,7,6,0,-1,21.9478626111243,0
936,3,7,7,1,0,21.21201064795857,.5
936,3,7,8,1,1,28.26771283398323,1
936,3,7,9,1,2,21.20065992811699,1.5
936,3,7,10,1,3,24.94887630716968,2
936,3,7,11,1,4,20.51025717679752,2.5
936,3,7,12,1,5,27.19872567346762,3
937,7,,1,0,,12.96741612303225,0
937,7,,2,0,,10.88203959538017,0
937,7,,3,0,,12.58721439819157,0
937,7,,4,0,,9.207403460604473,0
937,7,,5,0,,16.40303068188446,0
937,7,,6,0,,11.05318521064979,0
937,7,,7,0,,11.94525560097526,0
937,7,,8,0,,9.838821658360843,0
937,7,,9,0,,10.38060878021016,0
937,7,,10,0,,17.79094014848209,0
937,7,,11,0,,15.39691230762336,0
937,7,,12,0,,16.5205489673139,0
938,3,7,1,0,-6,17.9267189576268,0
938,3,7,2,0,-5,17.26212718253799,0
938,3,7,3,0,-4,16.63960868512344,0
938,3,7,4,0,-3,20.35575226705994,0
938,3,7,5,0,-2,22.6436060833269,0
938,3,7,6,0,-1,18.42392433362069,0
938,3,7,7,1,0,20.94846051357748,.5
938,3,7,8,1,1,21.96195087019025,1
938,3,7,9,1,2,17.10675005273047,1.5
938,3,7,10,1,3,21.57436440981327,2
938,3,7,11,1,4,20.28125821258174,2.5
938,3,7,12,1,5,27.97527385582562,3
939,6,9,1,0,-8,18.00253754697882,0
939,6,9,2,0,-7,16.05304572827902,0
939,6,9,3,0,-6,17.98333973630186,0
939,6,9,4,0,-5,19.15583360581644,0
939,6,9,5,0,-4,24.87876381738499,0
939,6,9,6,0,-3,20.28481032731631,0
939,6,9,7,0,-2,16.87225525678662,0
939,6,9,8,0,-1,18.35022249272933,0
939,6,9,9,1,0,17.49760047056267,.35
939,6,9,10,1,1,19.76754506210491,.7
939,6,9,11,1,2,18.79758122712758,1.05
939,6,9,12,1,3,22.25050125021115,1.4
940,5,9,1,0,-8,7.832054248100503,0
940,5,9,2,0,-7,6.734130169527605,0
940,5,9,3,0,-6,3.000634626890114,0
940,5,9,4,0,-5,6.813455257267727,0
940,5,9,5,0,-4,10.05231865673002,0
940,5,9,6,0,-3,3.750006529962302,0
940,5,9,7,0,-2,5.172759887560026,0
940,5,9,8,0,-1,6.218699318599246,0
940,5,9,9,1,0,6.473786863283579,.35
940,5,9,10,1,1,15.12710112627845,.7
940,5,9,11,1,2,5.541322098566646,1.05
940,5,9,12,1,3,11.41318212123758,1.4
941,1,5,1,0,-4,12.27084510746963,0
941,1,5,2,0,-3,13.65062467461382,0
941,1,5,3,0,-2,10.51856644221207,0
941,1,5,4,0,-1,15.33090827231874,0
941,1,5,5,1,0,12.30257966135147,.75
941,1,5,6,1,1,14.16587681180919,1.5
941,1,5,7,1,2,13.21981963517285,2.25
941,1,5,8,1,3,21.1075831619891,3
941,1,5,9,1,4,16.23640786993564,3.75
941,1,5,10,1,5,17.37223432300642,4.5
941,1,5,11,1,6,16.48646816123655,5.25
941,1,5,12,1,7,17.68836900499523,6
942,2,5,1,0,-4,11.33726947520893,0
942,2,5,2,0,-3,11.25169435264498,0
942,2,5,3,0,-2,8.534316252826397,0
942,2,5,4,0,-1,15.43488177788763,0
942,2,5,5,1,0,13.39562849573697,.75
942,2,5,6,1,1,20.62150553233832,1.5
942,2,5,7,1,2,13.20780782838396,2.25
942,2,5,8,1,3,21.23337216449008,3
942,2,5,9,1,4,22.43258078752056,3.75
942,2,5,10,1,5,19.77973493418123,4.5
942,2,5,11,1,6,18.80326895963231,5.25
942,2,5,12,1,7,20.09882340581129,6
943,7,,1,0,,5.660986392830988,0
943,7,,2,0,,2.164811341662353,0
943,7,,3,0,,10.5941010334021,0
943,7,,4,0,,4.689658101755944,0
943,7,,5,0,,6.424729949837165,0
943,7,,6,0,,8.887252550813592,0
943,7,,7,0,,6.312649611977762,0
943,7,,8,0,,1.488476272533276,0
943,7,,9,0,,8.140885276525808,0
943,7,,10,0,,6.536267171138404,0
943,7,,11,0,,6.743829600539051,0
943,7,,12,0,,14.28855834028517,0
944,7,,1,0,,16.31311078168978,0
944,7,,2,0,,22.78148259972519,0
944,7,,3,0,,18.11963340424527,0
944,7,,4,0,,16.73740095407599,0
944,7,,5,0,,23.10028601907181,0
944,7,,6,0,,11.53160215071255,0
944,7,,7,0,,19.6087245014655,0
944,7,,8,0,,22.81013622489287,0
944,7,,9,0,,14.28703380132729,0
944,7,,10,0,,16.53013996680829,0
944,7,,11,0,,24.0745146022298,0
944,7,,12,0,,21.46592351023358,0
945,2,5,1,0,-4,22.78594003690435,0
945,2,5,2,0,-3,25.21531241014167,0
945,2,5,3,0,-2,32.069481510482,0
945,2,5,4,0,-1,30.19788509336987,0
945,2,5,5,1,0,24.87135080564351,.75
945,2,5,6,1,1,24.88119597164809,1.5
945,2,5,7,1,2,22.35030967066041,2.25
945,2,5,8,1,3,29.27775676191109,3
945,2,5,9,1,4,27.61569786046749,3.75
945,2,5,10,1,5,30.44585456774507,4.5
945,2,5,11,1,6,33.34107890277443,5.25
945,2,5,12,1,7,33.79420494581015,6
946,1,5,1,0,-4,12.68177369773552,0
946,1,5,2,0,-3,9.642841238500212,0
946,1,5,3,0,-2,13.88619541397489,0
946,1,5,4,0,-1,22.04406620821252,0
946,1,5,5,1,0,20.81199825211813,.75
946,1,5,6,1,1,20.23369568821809,1.5
946,1,5,7,1,2,21.80767839560853,2.25
946,1,5,8,1,3,22.5793708428598,3
946,1,5,9,1,4,20.54843438261151,3.75
946,1,5,10,1,5,21.94058485033249,4.5
946,1,5,11,1,6,27.97646667628156,5.25
946,1,5,12,1,7,27.86740984892561,6
947,4,7,1,0,-6,22.78359838353498,0
947,4,7,2,0,-5,24.31927910921546,0
947,4,7,3,0,-4,20.49991251214076,0
947,4,7,4,0,-3,21.9226051793794,0
947,4,7,5,0,-2,20.74199273322803,0
947,4,7,6,0,-1,24.68600802819239,0
947,4,7,7,1,0,21.2499936434504,.5
947,4,7,8,1,1,23.91474269013167,1
947,4,7,9,1,2,16.14431947168376,1.5
947,4,7,10,1,3,25.25997808845894,2
947,4,7,11,1,4,27.26129477757902,2.5
947,4,7,12,1,5,28.48869388544128,3
948,5,9,1,0,-8,16.59836775124257,0
948,5,9,2,0,-7,18.6366680680482,0
948,5,9,3,0,-6,26.49273163886753,0
948,5,9,4,0,-5,20.60562299316591,0
948,5,9,5,0,-4,20.1698918220724,0
948,5,9,6,0,-3,24.80429371376919,0
948,5,9,7,0,-2,25.67502364935007,0
948,5,9,8,0,-1,23.22041690130504,0
948,5,9,9,1,0,28.97071677448517,.35
948,5,9,10,1,1,27.15395934519763,.7
948,5,9,11,1,2,22.40331453233153,1.05
948,5,9,12,1,3,31.03650602852385,1.4
949,8,,1,0,,31.22795455203333,0
949,8,,2,0,,23.66096349487154,0
949,8,,3,0,,25.88330883711285,0
949,8,,4,0,,24.3044740783957,0
949,8,,5,0,,26.7353553980996,0
949,8,,6,0,,26.85671925905052,0
949,8,,7,0,,22.92853683756988,0
949,8,,8,0,,28.94733666206579,0
949,8,,9,0,,25.90419747256147,0
949,8,,10,0,,28.80674063768951,0
949,8,,11,0,,28.99712942594521,0
949,8,,12,0,,30.2754191081887,0
950,8,,1,0,,27.04508840969509,0
950,8,,2,0,,28.80344076929278,0
950,8,,3,0,,25.47488031072637,0
950,8,,4,0,,22.38768445324907,0
950,8,,5,0,,25.10780840156178,0
950,8,,6,0,,24.99452229719629,0
950,8,,7,0,,28.22033220435945,0
950,8,,8,0,,32.08530689303219,0
950,8,,9,0,,28.66005360326879,0
950,8,,10,0,,33.20279263168396,0
950,8,,11,0,,23.10261134821155,0
950,8,,12,0,,27.45429937526949,0
951,6,9,1,0,-8,11.82359602148727,0
951,6,9,2,0,-7,20.93738441202147,0
951,6,9,3,0,-6,13.41758200277933,0
951,6,9,4,0,-5,19.20995830351411,0
951,6,9,5,0,-4,19.03497065325044,0
951,6,9,6,0,-3,15.567496172536,0
951,6,9,7,0,-2,17.40763062764884,0
951,6,9,8,0,-1,20.33734110269354,0
951,6,9,9,1,0,22.11044642048974,.35
951,6,9,10,1,1,17.32319842566933,.7
951,6,9,11,1,2,20.12235926819615,1.05
951,6,9,12,1,3,19.45308463146775,1.4
952,7,,1,0,,23.34048568927195,0
952,7,,2,0,,25.98710580222761,0
952,7,,3,0,,24.66724892311004,0
952,7,,4,0,,19.71893537774037,0
952,7,,5,0,,18.55282400465376,0
952,7,,6,0,,19.64047819927644,0
952,7,,7,0,,22.15565235727679,0
952,7,,8,0,,22.21601262506038,0
952,7,,9,0,,21.02725767120867,0
952,7,,10,0,,23.48787335669532,0
952,7,,11,0,,24.32199645162047,0
952,7,,12,0,,24.1149291191262,0
953,6,9,1,0,-8,21.86474184403318,0
953,6,9,2,0,-7,13.09619059152501,0
953,6,9,3,0,-6,21.41772747781519,0
953,6,9,4,0,-5,15.13974760180754,0
953,6,9,5,0,-4,22.29647309281633,0
953,6,9,6,0,-3,20.14431901177257,0
953,6,9,7,0,-2,15.71403668293185,0
953,6,9,8,0,-1,18.60825263504341,0
953,6,9,9,1,0,19.77932213682034,.35
953,6,9,10,1,1,16.78235763230936,.7
953,6,9,11,1,2,14.83278505263741,1.05
953,6,9,12,1,3,19.42614706816433,1.4
954,4,7,1,0,-6,16.0578512870873,0
954,4,7,2,0,-5,21.09004515281193,0
954,4,7,3,0,-4,13.62147279198265,0
954,4,7,4,0,-3,14.82355736461579,0
954,4,7,5,0,-2,22.33776918341142,0
954,4,7,6,0,-1,15.41596673847765,0
954,4,7,7,1,0,19.18238441790893,.5
954,4,7,8,1,1,23.25599909108288,1
954,4,7,9,1,2,19.8200003271275,1.5
954,4,7,10,1,3,19.9016042741861,2
954,4,7,11,1,4,25.09273760876638,2.5
954,4,7,12,1,5,23.89042231612467,3
955,7,,1,0,,22.36852649896011,0
955,7,,2,0,,24.04072644844153,0
955,7,,3,0,,16.47178846002453,0
955,7,,4,0,,20.95757663197487,0
955,7,,5,0,,19.73658002860686,0
955,7,,6,0,,19.61578150795948,0
955,7,,7,0,,18.61708101459399,0
955,7,,8,0,,22.92763391920624,0
955,7,,9,0,,18.44999237855231,0
955,7,,10,0,,16.8738039077759,0
955,7,,11,0,,20.05106212793866,0
955,7,,12,0,,22.45118599497953,0
956,2,5,1,0,-4,10.75533545962756,0
956,2,5,2,0,-3,9.795622754120529,0
956,2,5,3,0,-2,13.46693481702526,0
956,2,5,4,0,-1,20.24670906422767,0
956,2,5,5,1,0,20.64297516615041,.75
956,2,5,6,1,1,14.21018928748517,1.5
956,2,5,7,1,2,26.90779725586177,2.25
956,2,5,8,1,3,21.31576049123425,3
956,2,5,9,1,4,22.88156114253618,3.75
956,2,5,10,1,5,25.5663042092295,4.5
956,2,5,11,1,6,21.16191948997651,5.25
956,2,5,12,1,7,30.2743594389892,6
957,2,5,1,0,-4,21.28855522680762,0
957,2,5,2,0,-3,18.15072776563412,0
957,2,5,3,0,-2,18.01851141433409,0
957,2,5,4,0,-1,17.81357476956269,0
957,2,5,5,1,0,20.37695132355487,.75
957,2,5,6,1,1,24.79851533171436,1.5
957,2,5,7,1,2,19.51951172520027,2.25
957,2,5,8,1,3,21.39238320386045,3
957,2,5,9,1,4,20.50467588479973,3.75
957,2,5,10,1,5,24.26854134611496,4.5
957,2,5,11,1,6,28.39563207518007,5.25
957,2,5,12,1,7,31.21958445837608,6
958,4,7,1,0,-6,26.35514538468742,0
958,4,7,2,0,-5,17.82860868812129,0
958,4,7,3,0,-4,19.80035068489386,0
958,4,7,4,0,-3,17.72316900987701,0
958,4,7,5,0,-2,24.30375120718367,0
958,4,7,6,0,-1,22.21880034899132,0
958,4,7,7,1,0,23.98446446149611,.5
958,4,7,8,1,1,19.40417519541113,1
958,4,7,9,1,2,22.47003479758677,1.5
958,4,7,10,1,3,23.99062180476409,2
958,4,7,11,1,4,28.64170055356041,2.5
958,4,7,12,1,5,29.32072670705701,3
959,1,5,1,0,-4,20.19735973801867,0
959,1,5,2,0,-3,12.98074963693473,0
959,1,5,3,0,-2,15.71673351011457,0
959,1,5,4,0,-1,21.95862805233178,0
959,1,5,5,1,0,17.61172130818355,.75
959,1,5,6,1,1,20.32155958035084,1.5
959,1,5,7,1,2,17.06711847420194,2.25
959,1,5,8,1,3,20.18632852699495,3
959,1,5,9,1,4,20.06675925312391,3.75
959,1,5,10,1,5,19.86772455889175,4.5
959,1,5,11,1,6,23.24789033195445,5.25
959,1,5,12,1,7,22.27665921885242,6
960,7,,1,0,,18.27204258859197,0
960,7,,2,0,,17.84883116038471,0
960,7,,3,0,,21.08022879116827,0
960,7,,4,0,,18.90981991561646,0
960,7,,5,0,,19.14546984989805,0
960,7,,6,0,,20.71672314883806,0
960,7,,7,0,,16.89659129624562,0
960,7,,8,0,,22.44091854908425,0
960,7,,9,0,,18.89629055799568,0
960,7,,10,0,,22.78600392135774,0
960,7,,11,0,,25.9968045731244,0
960,7,,12,0,,22.24197231761474,0
961,2,5,1,0,-4,10.97013308496066,0
961,2,5,2,0,-3,15.61098277231926,0
961,2,5,3,0,-2,14.78327409366198,0
961,2,5,4,0,-1,19.90115710464778,0
961,2,5,5,1,0,15.4893875548437,.75
961,2,5,6,1,1,16.66240589651672,1.5
961,2,5,7,1,2,14.56208012419673,2.25
961,2,5,8,1,3,19.16050481315542,3
961,2,5,9,1,4,20.79495864353748,3.75
961,2,5,10,1,5,21.06905706201153,4.5
961,2,5,11,1,6,24.75982874352452,5.25
961,2,5,12,1,7,20.11351840002406,6
962,8,,1,0,,16.11285957192556,0
962,8,,2,0,,14.42651152364894,0
962,8,,3,0,,15.15831703583234,0
962,8,,4,0,,10.72268550018564,0
962,8,,5,0,,11.93932929517659,0
962,8,,6,0,,8.314880161304075,0
962,8,,7,0,,10.46097903053352,0
962,8,,8,0,,10.88369833962698,0
962,8,,9,0,,13.37168850533749,0
962,8,,10,0,,20.68347098082616,0
962,8,,11,0,,17.3931050388838,0
962,8,,12,0,,14.79880346644778,0
963,5,9,1,0,-8,16.46488975253936,0
963,5,9,2,0,-7,11.39829112950962,0
963,5,9,3,0,-6,22.17101534704622,0
963,5,9,4,0,-5,14.80961306404314,0
963,5,9,5,0,-4,18.55045056018549,0
963,5,9,6,0,-3,18.05787446040569,0
963,5,9,7,0,-2,16.3252067144048,0
963,5,9,8,0,-1,23.34942372030353,0
963,5,9,9,1,0,21.58831457979009,.35
963,5,9,10,1,1,17.80313715677977,.7
963,5,9,11,1,2,16.97782879201873,1.05
963,5,9,12,1,3,16.55997192967058,1.4
964,3,7,1,0,-6,20.38443367861687,0
964,3,7,2,0,-5,24.30951631024831,0
964,3,7,3,0,-4,20.75008774893393,0
964,3,7,4,0,-3,25.08469902128607,0
964,3,7,5,0,-2,17.1998803197639,0
964,3,7,6,0,-1,22.69962470533895,0
964,3,7,7,1,0,19.44363478420482,.5
964,3,7,8,1,1,23.1677464189651,1
964,3,7,9,1,2,22.79618399680836,1.5
964,3,7,10,1,3,16.44761530351202,2
964,3,7,11,1,4,23.30634702199946,2.5
964,3,7,12,1,5,21.0937541759836,3
965,7,,1,0,,8.484703189753301,0
965,7,,2,0,,14.9760012822187,0
965,7,,3,0,,17.75043931025441,0
965,7,,4,0,,18.93421518996439,0
965,7,,5,0,,12.71440271996791,0
965,7,,6,0,,18.36752417564228,0
965,7,,7,0,,15.38197671199313,0
965,7,,8,0,,14.98068477376001,0
965,7,,9,0,,17.58539579067321,0
965,7,,10,0,,16.67499783653844,0
965,7,,11,0,,17.76882529148033,0
965,7,,12,0,,16.23887657682722,0
966,7,,1,0,,18.49491051883083,0
966,7,,2,0,,19.4575774080772,0
966,7,,3,0,,18.79544466165785,0
966,7,,4,0,,23.56669966298479,0
966,7,,5,0,,15.87678269102033,0
966,7,,6,0,,25.08638300962268,0
966,7,,7,0,,19.64650846888891,0
966,7,,8,0,,25.19080017861686,0
966,7,,9,0,,19.66787013497164,0
966,7,,10,0,,19.61116102601347,0
966,7,,11,0,,26.61070116677388,0
966,7,,12,0,,23.14678479152806,0
967,7,,1,0,,16.36442401932286,0
967,7,,2,0,,14.04546459807706,0
967,7,,3,0,,10.78676599957158,0
967,7,,4,0,,13.11836734984091,0
967,7,,5,0,,15.73374944122354,0
967,7,,6,0,,11.11302329545068,0
967,7,,7,0,,14.49548175338362,0
967,7,,8,0,,20.32668276831538,0
967,7,,9,0,,16.78063578349266,0
967,7,,10,0,,16.55461567642027,0
967,7,,11,0,,10.2499589400141,0
967,7,,12,0,,18.40630391145819,0
968,7,,1,0,,16.95187065479282,0
968,7,,2,0,,14.41700770019057,0
968,7,,3,0,,15.25807112627385,0
968,7,,4,0,,22.18201541722913,0
968,7,,5,0,,19.53307973610336,0
968,7,,6,0,,23.23884021018419,0
968,7,,7,0,,24.17163640351917,0
968,7,,8,0,,20.77205157784343,0
968,7,,9,0,,22.78075014642849,0
968,7,,10,0,,13.5552994823211,0
968,7,,11,0,,20.45328021601503,0
968,7,,12,0,,18.71235872966638,0
969,1,5,1,0,-4,20.32596298657745,0
969,1,5,2,0,-3,11.45666474915569,0
969,1,5,3,0,-2,16.62382353194146,0
969,1,5,4,0,-1,19.63054191151688,0
969,1,5,5,1,0,27.0385987970383,.75
969,1,5,6,1,1,16.2130563891079,1.5
969,1,5,7,1,2,19.1846404183525,2.25
969,1,5,8,1,3,25.58743227758163,3
969,1,5,9,1,4,24.00159185032696,3.75
969,1,5,10,1,5,22.47593158991723,4.5
969,1,5,11,1,6,22.13974171671316,5.25
969,1,5,12,1,7,28.40276888360883,6
970,5,9,1,0,-8,15.16881426920313,0
970,5,9,2,0,-7,10.52421112849164,0
970,5,9,3,0,-6,15.99611167497335,0
970,5,9,4,0,-5,15.74620562774279,0
970,5,9,5,0,-4,15.81875707532916,0
970,5,9,6,0,-3,14.48586741120679,0
970,5,9,7,0,-2,13.76695667630788,0
970,5,9,8,0,-1,12.32558111149163,0
970,5,9,9,1,0,16.97533370992586,.35
970,5,9,10,1,1,16.39650498106302,.7
970,5,9,11,1,2,20.61154958740534,1.05
970,5,9,12,1,3,23.19149879563721,1.4
971,5,9,1,0,-8,20.31607777010466,0
971,5,9,2,0,-7,13.01047876499267,0
971,5,9,3,0,-6,13.15691477641787,0
971,5,9,4,0,-5,17.14016554026782,0
971,5,9,5,0,-4,12.61428659040977,0
971,5,9,6,0,-3,12.80072959526467,0
971,5,9,7,0,-2,16.99845205035813,0
971,5,9,8,0,-1,15.81351606702079,0
971,5,9,9,1,0,15.38859822129145,.35
971,5,9,10,1,1,15.29247163827582,.7
971,5,9,11,1,2,16.39111575500244,1.05
971,5,9,12,1,3,19.04661453143256,1.4
972,8,,1,0,,9.084345930238666,0
972,8,,2,0,,9.436627590757631,0
972,8,,3,0,,4.098384674295606,0
972,8,,4,0,,14.7300305210245,0
972,8,,5,0,,10.82251393913237,0
972,8,,6,0,,10.79345768540152,0
972,8,,7,0,,13.14731391588569,0
972,8,,8,0,,14.09767515718857,0
972,8,,9,0,,11.29740499116531,0
972,8,,10,0,,7.690574110050409,0
972,8,,11,0,,11.19490522463184,0
972,8,,12,0,,11.82595211404089,0
973,3,7,1,0,-6,17.4371870441202,0
973,3,7,2,0,-5,17.55262274699243,0
973,3,7,3,0,-4,19.85732512054085,0
973,3,7,4,0,-3,16.6099398287911,0
973,3,7,5,0,-2,16.70628610516427,0
973,3,7,6,0,-1,22.03812540442982,0
973,3,7,7,1,0,19.45954229904803,.5
973,3,7,8,1,1,25.06528459833299,1
973,3,7,9,1,2,20.18438774104715,1.5
973,3,7,10,1,3,19.19667503650791,2
973,3,7,11,1,4,23.03156245390867,2.5
973,3,7,12,1,5,21.83736804659618,3
974,2,5,1,0,-4,19.52165170296602,0
974,2,5,2,0,-3,12.26578890091262,0
974,2,5,3,0,-2,15.77789224126929,0
974,2,5,4,0,-1,13.33648452842563,0
974,2,5,5,1,0,22.26195876632603,.75
974,2,5,6,1,1,15.30908001344393,1.5
974,2,5,7,1,2,21.86554480513427,2.25
974,2,5,8,1,3,27.84476230805996,3
974,2,5,9,1,4,23.83003100778885,3.75
974,2,5,10,1,5,23.48949557455921,4.5
974,2,5,11,1,6,25.46881662858058,5.25
974,2,5,12,1,7,23.44984154681496,6
975,6,9,1,0,-8,12.37970382083464,0
975,6,9,2,0,-7,13.02856724723835,0
975,6,9,3,0,-6,16.07940204925935,0
975,6,9,4,0,-5,18.68017341980143,0
975,6,9,5,0,-4,18.68832386188739,0
975,6,9,6,0,-3,14.1858212176723,0
975,6,9,7,0,-2,11.74860590266557,0
975,6,9,8,0,-1,18.08349601311476,0
975,6,9,9,1,0,10.68500954520905,.35
975,6,9,10,1,1,15.45796380757934,.7
975,6,9,11,1,2,14.86184471977667,1.05
975,6,9,12,1,3,20.17773741209001,1.4
976,6,9,1,0,-8,15.26326015374021,0
976,6,9,2,0,-7,19.66222303893575,0
976,6,9,3,0,-6,14.44814360121349,0
976,6,9,4,0,-5,24.29864416790072,0
976,6,9,5,0,-4,18.93607644405511,0
976,6,9,6,0,-3,14.43409088421965,0
976,6,9,7,0,-2,16.29497410079672,0
976,6,9,8,0,-1,25.88593466896234,0
976,6,9,9,1,0,20.66931514081132,.35
976,6,9,10,1,1,23.13294800051249,.7
976,6,9,11,1,2,23.88119163788246,1.05
976,6,9,12,1,3,23.13036574543322,1.4
977,1,5,1,0,-4,10.3389489057436,0
977,1,5,2,0,-3,10.68245472568673,0
977,1,5,3,0,-2,15.7272081518179,0
977,1,5,4,0,-1,13.65334671883986,0
977,1,5,5,1,0,20.34183155043867,.75
977,1,5,6,1,1,19.2828480533047,1.5
977,1,5,7,1,2,15.87146256718274,2.25
977,1,5,8,1,3,19.52825800061901,3
977,1,5,9,1,4,20.05144135636435,3.75
977,1,5,10,1,5,20.71483760226571,4.5
977,1,5,11,1,6,25.1995933839901,5.25
977,1,5,12,1,7,26.66435446925625,6
978,6,9,1,0,-8,15.01602425088513,0
978,6,9,2,0,-7,22.71210071815805,0
978,6,9,3,0,-6,20.43020948213749,0
978,6,9,4,0,-5,21.09267706927155,0
978,6,9,5,0,-4,18.69162201545387,0
978,6,9,6,0,-3,15.9973989360885,0
978,6,9,7,0,-2,20.99147668192652,0
978,6,9,8,0,-1,16.05286787382038,0
978,6,9,9,1,0,17.63334686211023,.35
978,6,9,10,1,1,12.79828245259353,.7
978,6,9,11,1,2,20.74281023490827,1.05
978,6,9,12,1,3,23.19849066380692,1.4
979,2,5,1,0,-4,21.59139903563386,0
979,2,5,2,0,-3,32.18056926475229,0
979,2,5,3,0,-2,27.09066978214857,0
979,2,5,4,0,-1,28.78322179385584,0
979,2,5,5,1,0,29.24018950028092,.75
979,2,5,6,1,1,32.5652944689657,1.5
979,2,5,7,1,2,36.69234680180745,2.25
979,2,5,8,1,3,33.05660914998516,3
979,2,5,9,1,4,33.62521825478155,3.75
979,2,5,10,1,5,35.69992153793929,4.5
979,2,5,11,1,6,38.18052057281455,5.25
979,2,5,12,1,7,38.98463145923743,6
980,6,9,1,0,-8,23.12829066103421,0
980,6,9,2,0,-7,21.22799360459901,0
980,6,9,3,0,-6,22.62523164578324,0
980,6,9,4,0,-5,19.14570205760404,0
980,6,9,5,0,-4,20.80576375078574,0
980,6,9,6,0,-3,17.80449445722214,0
980,6,9,7,0,-2,23.68738867226551,0
980,6,9,8,0,-1,20.27804460966776,0
980,6,9,9,1,0,25.17777380606038,.35
980,6,9,10,1,1,24.49171270798408,.7
980,6,9,11,1,2,20.32951732812813,1.05
980,6,9,12,1,3,29.85875169468102,1.4
981,8,,1,0,,10.78275866473291,0
981,8,,2,0,,14.61412484230077,0
981,8,,3,0,,13.26391091014409,0
981,8,,4,0,,13.05861456437596,0
981,8,,5,0,,13.24827335900481,0
981,8,,6,0,,14.5940533311168,0
981,8,,7,0,,11.17151030124387,0
981,8,,8,0,,11.74367481676361,0
981,8,,9,0,,13.65018484460163,0
981,8,,10,0,,15.32879677484514,0
981,8,,11,0,,17.02693691690796,0
981,8,,12,0,,14.41595781006182,0
982,7,,1,0,,25.98662318069173,0
982,7,,2,0,,20.78340733676632,0
982,7,,3,0,,16.15408363053816,0
982,7,,4,0,,27.44233934328122,0
982,7,,5,0,,19.79028162255461,0
982,7,,6,0,,20.9106679201426,0
982,7,,7,0,,30.85538192879232,0
982,7,,8,0,,24.87660954394421,0
982,7,,9,0,,23.62070430143258,0
982,7,,10,0,,20.93649812534655,0
982,7,,11,0,,20.22592019532952,0
982,7,,12,0,,22.56468548158506,0
983,4,7,1,0,-6,18.06497489970497,0
983,4,7,2,0,-5,20.93070600118827,0
983,4,7,3,0,-4,22.46119787889969,0
983,4,7,4,0,-3,25.4749622605413,0
983,4,7,5,0,-2,14.91710329917022,0
983,4,7,6,0,-1,22.54095401419696,0
983,4,7,7,1,0,18.83333906091643,.5
983,4,7,8,1,1,24.05241920349737,1
983,4,7,9,1,2,25.33969782974224,1.5
983,4,7,10,1,3,18.32223002997112,2
983,4,7,11,1,4,20.83181470530105,2.5
983,4,7,12,1,5,21.04509165224608,3
984,5,9,1,0,-8,16.49076834225566,0
984,5,9,2,0,-7,23.45068736972993,0
984,5,9,3,0,-6,20.294698139478,0
984,5,9,4,0,-5,23.58015736161761,0
984,5,9,5,0,-4,21.61276450504925,0
984,5,9,6,0,-3,19.3813591225913,0
984,5,9,7,0,-2,15.89488821216252,0
984,5,9,8,0,-1,24.78505247335915,0
984,5,9,9,1,0,25.88483478385643,.35
984,5,9,10,1,1,23.10084354504722,.7
984,5,9,11,1,2,22.3326680673214,1.05
984,5,9,12,1,3,25.89308620018878,1.4
985,4,7,1,0,-6,23.98845822022973,0
985,4,7,2,0,-5,17.11870735323754,0
985,4,7,3,0,-4,21.16844231779745,0
985,4,7,4,0,-3,23.06091351599001,0
985,4,7,5,0,-2,18.73253744602942,0
985,4,7,6,0,-1,19.61553205509569,0
985,4,7,7,1,0,26.22293187488412,.5
985,4,7,8,1,1,27.28000148250338,1
985,4,7,9,1,2,21.73229900104996,1.5
985,4,7,10,1,3,25.98325623847725,2
985,4,7,11,1,4,31.12815825943995,2.5
985,4,7,12,1,5,29.05292661501889,3
986,2,5,1,0,-4,4.463070617664283,0
986,2,5,2,0,-3,5.703165486898347,0
986,2,5,3,0,-2,15.35020372156053,0
986,2,5,4,0,-1,7.968834993492921,0
986,2,5,5,1,0,10.58453274513635,.75
986,2,5,6,1,1,11.63445552378188,1.5
986,2,5,7,1,2,18.55331452596508,2.25
986,2,5,8,1,3,14.34791400512334,3
986,2,5,9,1,4,12.24089801924039,3.75
986,2,5,10,1,5,16.34410999993175,4.5
986,2,5,11,1,6,15.17641157332838,5.25
986,2,5,12,1,7,17.92847550583154,6
987,8,,1,0,,17.88404082401485,0
987,8,,2,0,,15.90022645879352,0
987,8,,3,0,,16.65926040638537,0
987,8,,4,0,,10.761215043555,0
987,8,,5,0,,16.26280241078479,0
987,8,,6,0,,16.73912124843278,0
987,8,,7,0,,16.20922930880879,0
987,8,,8,0,,20.8359954245388,0
987,8,,9,0,,17.74964009882848,0
987,8,,10,0,,15.05755675815879,0
987,8,,11,0,,19.01700759836839,0
987,8,,12,0,,23.925497640835,0
988,8,,1,0,,19.59605159865362,0
988,8,,2,0,,19.06566378590487,0
988,8,,3,0,,20.42157874847356,0
988,8,,4,0,,20.70734305161999,0
988,8,,5,0,,20.65591164295282,0
988,8,,6,0,,18.40786165038446,0
988,8,,7,0,,19.37623823173863,0
988,8,,8,0,,21.82708945717872,0
988,8,,9,0,,21.97509227051418,0
988,8,,10,0,,22.87350731551508,0
988,8,,11,0,,18.61849780036653,0
988,8,,12,0,,25.20553833602776,0
989,5,9,1,0,-8,13.54786959400941,0
989,5,9,2,0,-7,18.21801414862253,0
989,5,9,3,0,-6,15.66164007223259,0
989,5,9,4,0,-5,12.87038537418501,0
989,5,9,5,0,-4,20.05178107751663,0
989,5,9,6,0,-3,21.04426639777388,0
989,5,9,7,0,-2,13.85674813146372,0
989,5,9,8,0,-1,18.96441007112603,0
989,5,9,9,1,0,23.18631950564323,.35
989,5,9,10,1,1,21.16382557237906,.7
989,5,9,11,1,2,22.32095634915619,1.05
989,5,9,12,1,3,25.92569085344134,1.4
990,5,9,1,0,-8,21.9289933425527,0
990,5,9,2,0,-7,24.37195808601846,0
990,5,9,3,0,-6,26.2309141070169,0
990,5,9,4,0,-5,20.75001553816166,0
990,5,9,5,0,-4,25.55532117335055,0
990,5,9,6,0,-3,25.80682629709754,0
990,5,9,7,0,-2,24.78814003757165,0
990,5,9,8,0,-1,26.69783156875483,0
990,5,9,9,1,0,23.08448984746938,.35
990,5,9,10,1,1,28.77385397914147,.7
990,5,9,11,1,2,24.18203116512961,1.05
990,5,9,12,1,3,22.52880898679663,1.4
991,3,7,1,0,-6,12.10512723649961,0
991,3,7,2,0,-5,15.2025748456116,0
991,3,7,3,0,-4,13.19728322599355,0
991,3,7,4,0,-3,15.74366579386993,0
991,3,7,5,0,-2,18.05706842622506,0
991,3,7,6,0,-1,14.63187773747908,0
991,3,7,7,1,0,18.79523913698361,.5
991,3,7,8,1,1,20.06338856908284,1
991,3,7,9,1,2,22.62184269293567,1.5
991,3,7,10,1,3,24.07083159651871,2
991,3,7,11,1,4,18.07279823323817,2.5
991,3,7,12,1,5,20.46844898003289,3
992,3,7,1,0,-6,7.250147844838033,0
992,3,7,2,0,-5,5.068557810097207,0
992,3,7,3,0,-4,3.485558990928908,0
992,3,7,4,0,-3,9.842288237575978,0
992,3,7,5,0,-2,13.53870150683927,0
992,3,7,6,0,-1,4.965015697214922,0
992,3,7,7,1,0,12.50171433942305,.5
992,3,7,8,1,1,11.26774400771427,1
992,3,7,9,1,2,13.95378306914869,1.5
992,3,7,10,1,3,10.24246527422877,2
992,3,7,11,1,4,14.19791906100617,2.5
992,3,7,12,1,5,12.55471246435376,3
993,8,,1,0,,16.02659027123004,0
993,8,,2,0,,14.1353196651112,0
993,8,,3,0,,13.17120321151135,0
993,8,,4,0,,18.11228430021045,0
993,8,,5,0,,16.70446705203958,0
993,8,,6,0,,11.20614475827152,0
993,8,,7,0,,11.97023082064066,0
993,8,,8,0,,13.92615373132402,0
993,8,,9,0,,8.860119901962131,0
993,8,,10,0,,16.02520803302933,0
993,8,,11,0,,20.40325730872595,0
993,8,,12,0,,18.23796375401744,0
994,4,7,1,0,-6,16.53063056801231,0
994,4,7,2,0,-5,20.53362214426503,0
994,4,7,3,0,-4,11.43690120712003,0
994,4,7,4,0,-3,20.69783794223319,0
994,4,7,5,0,-2,20.42572108739321,0
994,4,7,6,0,-1,14.33792432739679,0
994,4,7,7,1,0,18.47646319788407,.5
994,4,7,8,1,1,21.64642951793872,1
994,4,7,9,1,2,20.14359823789928,1.5
994,4,7,10,1,3,24.19920801161985,2
994,4,7,11,1,4,27.48810934509752,2.5
994,4,7,12,1,5,21.305152875437,3
995,4,7,1,0,-6,1.290011962860527,0
995,4,7,2,0,-5,5.813002097392389,0
995,4,7,3,0,-4,.9548093784179637,0
995,4,7,4,0,-3,5.461634778765001,0
995,4,7,5,0,-2,3.501463569646134,0
995,4,7,6,0,-1,9.72396597721584,0
995,4,7,7,1,0,11.93150318180866,.5
995,4,7,8,1,1,7.522792507354408,1
995,4,7,9,1,2,5.955831900762998,1.5
995,4,7,10,1,3,13.46846063308111,2
995,4,7,11,1,4,14.4583132089485,2.5
995,4,7,12,1,5,13.21436516978213,3
996,7,,1,0,,20.26559539487371,0
996,7,,2,0,,21.87079211414183,0
996,7,,3,0,,17.35552712198981,0
996,7,,4,0,,18.11487810170321,0
996,7,,5,0,,18.3940856853436,0
996,7,,6,0,,15.2928778485957,0
996,7,,7,0,,22.26686070701725,0
996,7,,8,0,,23.02080446380864,0
996,7,,9,0,,17.41592736584332,0
996,7,,10,0,,19.58720680952411,0
996,7,,11,0,,20.96004816824512,0
996,7,,12,0,,18.22373721348302,0
997,7,,1,0,,10.70662259664207,0
997,7,,2,0,,10.10972486235218,0
997,7,,3,0,,10.36456083027268,0
997,7,,4,0,,8.204890317751886,0
997,7,,5,0,,9.295485198853694,0
997,7,,6,0,,10.0603240002304,0
997,7,,7,0,,15.76748715691172,0
997,7,,8,0,,9.981360108431501,0
997,7,,9,0,,14.06173300100315,0
997,7,,10,0,,17.29289526122429,0
997,7,,11,0,,13.65937653174054,0
997,7,,12,0,,15.71150734176228,0
998,2,5,1,0,-4,13.70449522034478,0
998,2,5,2,0,-3,14.89287765932725,0
998,2,5,3,0,-2,14.45214840919033,0
998,2,5,4,0,-1,14.18491875721072,0
998,2,5,5,1,0,13.98291266623593,.75
998,2,5,6,1,1,17.24570804604977,1.5
998,2,5,7,1,2,15.48582828482002,2.25
998,2,5,8,1,3,18.86489606644094,3
998,2,5,9,1,4,19.80831881484266,3.75
998,2,5,10,1,5,16.72064477507367,4.5
998,2,5,11,1,6,28.51470939438657,5.25
998,2,5,12,1,7,21.52296716794403,6
999,6,9,1,0,-8,20.21912198249098,0
999,6,9,2,0,-7,23.03225701376003,0
999,6,9,3,0,-6,15.88354233494538,0
999,6,9,4,0,-5,21.34534276887035,0
999,6,9,5,0,-4,19.94963875839492,0
999,6,9,6,0,-3,18.33227730002998,0
999,6,9,7,0,-2,16.79941863393385,0
999,6,9,8,0,-1,25.31734689915434,0
999,6,9,9,1,0,15.24982922658992,.35
999,6,9,10,1,1,22.95611209207521,.7
999,6,9,11,1,2,22.72826933885393,1.05
999,6,9,12,1,3,28.63833663055569,1.4
1000,1,5,1,0,-4,21.08417521126691,0
1000,1,5,2,0,-3,20.18045032742397,0
1000,1,5,3,0,-2,16.40599313844321,0
1000,1,5,4,0,-1,22.90324967763916,0
1000,1,5,5,1,0,22.76071580391619,.75
1000,1,5,6,1,1,16.79235177640424,1.5
1000,1,5,7,1,2,22.31583104391357,2.25
1000,1,5,8,1,3,31.49575188836657,3
1000,1,5,9,1,4,28.78963358328761,3.75
1000,1,5,10,1,5,25.81261479622257,4.5
1000,1,5,11,1,6,32.62667954744875,5.25
1000,1,5,12,1,7,33.21445089914687,6
1001,2,5,1,0,-4,23.45001033960395,0
1001,2,5,2,0,-3,17.07754272336943,0
1001,2,5,3,0,-2,21.93174598471816,0
1001,2,5,4,0,-1,20.52491683288216,0
1001,2,5,5,1,0,24.60016667210069,.75
1001,2,5,6,1,1,23.46883792595927,1.5
1001,2,5,7,1,2,18.95063029350511,2.25
1001,2,5,8,1,3,27.35196793380094,3
1001,2,5,9,1,4,26.59399918534404,3.75
1001,2,5,10,1,5,26.64581196569336,4.5
1001,2,5,11,1,6,27.6551187493202,5.25
1001,2,5,12,1,7,28.35494020767227,6
1002,6,9,1,0,-8,23.33774474999079,0
1002,6,9,2,0,-7,27.1651639643914,0
1002,6,9,3,0,-6,26.23299273613101,0
1002,6,9,4,0,-5,21.54044772000771,0
1002,6,9,5,0,-4,27.14969480176138,0
1002,6,9,6,0,-3,21.97600990403407,0
1002,6,9,7,0,-2,26.5533685947386,0
1002,6,9,8,0,-1,29.50005231158685,0
1002,6,9,9,1,0,34.36006162750338,.35
1002,6,9,10,1,1,30.61085422829629,.7
1002,6,9,11,1,2,24.81584326254148,1.05
1002,6,9,12,1,3,25.97986687689807,1.4
1003,8,,1,0,,16.95350027401812,0
1003,8,,2,0,,19.03990895345512,0
1003,8,,3,0,,20.96607152093449,0
1003,8,,4,0,,20.83210205569875,0
1003,8,,5,0,,14.61480701385097,0
1003,8,,6,0,,20.03361645721426,0
1003,8,,7,0,,16.91923116671817,0
1003,8,,8,0,,19.53621409201064,0
1003,8,,9,0,,19.88461046651042,0
1003,8,,10,0,,19.91265194905186,0
1003,8,,11,0,,21.02439268568603,0
1003,8,,12,0,,15.28964427315793,0
1004,2,5,1,0,-4,31.49561351904484,0
1004,2,5,2,0,-3,31.81872939560268,0
1004,2,5,3,0,-2,32.01752536276508,0
1004,2,5,4,0,-1,32.65574653677,0
1004,2,5,5,1,0,33.39021730316092,.75
1004,2,5,6,1,1,30.76881185484404,1.5
1004,2,5,7,1,2,34.12939011306624,2.25
1004,2,5,8,1,3,39.40570765037481,3
1004,2,5,9,1,4,33.61805573947598,3.75
1004,2,5,10,1,5,36.02876375832587,4.5
1004,2,5,11,1,6,37.64407760806401,5.25
1004,2,5,12,1,7,38.90394196113257,6
1005,6,9,1,0,-8,17.92849811567518,0
1005,6,9,2,0,-7,18.67421783658123,0
1005,6,9,3,0,-6,20.29036950443938,0
1005,6,9,4,0,-5,18.28243394180219,0
1005,6,9,5,0,-4,12.69014564283333,0
1005,6,9,6,0,-3,17.80543946027845,0
1005,6,9,7,0,-2,21.98125600908153,0
1005,6,9,8,0,-1,19.5774862682485,0
1005,6,9,9,1,0,15.7175243008872,.35
1005,6,9,10,1,1,19.50911484961458,.7
1005,6,9,11,1,2,19.50973214662831,1.05
1005,6,9,12,1,3,24.05369688226123,1.4
1006,4,7,1,0,-6,20.02374355944299,0
1006,4,7,2,0,-5,21.57373158831828,0
1006,4,7,3,0,-4,20.10103441342573,0
1006,4,7,4,0,-3,19.83614005446355,0
1006,4,7,5,0,-2,20.57261297652052,0
1006,4,7,6,0,-1,17.96073242410329,0
1006,4,7,7,1,0,23.07612456060584,.5
1006,4,7,8,1,1,29.2306758100736,1
1006,4,7,9,1,2,25.76003690149771,1.5
1006,4,7,10,1,3,25.22882108595077,2
1006,4,7,11,1,4,24.29543029407591,2.5
1006,4,7,12,1,5,33.0653618873961,3
1007,7,,1,0,,12.88631961353385,0
1007,7,,2,0,,8.606463751333948,0
1007,7,,3,0,,13.30080499070055,0
1007,7,,4,0,,10.68881179753086,0
1007,7,,5,0,,11.57807444014367,0
1007,7,,6,0,,14.09235381908417,0
1007,7,,7,0,,5.308214606165137,0
1007,7,,8,0,,11.34193154726712,0
1007,7,,9,0,,14.78165195459287,0
1007,7,,10,0,,11.70421341325925,0
1007,7,,11,0,,13.18185218693844,0
1007,7,,12,0,,12.08817604872136,0
1008,3,7,1,0,-6,15.07012952186366,0
1008,3,7,2,0,-5,20.83893719024872,0
1008,3,7,3,0,-4,14.1461816422712,0
1008,3,7,4,0,-3,19.23807011372545,0
1008,3,7,5,0,-2,20.18948993715804,0
1008,3,7,6,0,-1,18.9036716391546,0
1008,3,7,7,1,0,18.46808183462882,.5
1008,3,7,8,1,1,19.93200721827859,1
1008,3,7,9,1,2,17.09617923524421,1.5
1008,3,7,10,1,3,22.69845171479605,2
1008,3,7,11,1,4,19.16406842409407,2.5
1008,3,7,12,1,5,18.80325401322812,3
1009,3,7,1,0,-6,14.94723782252945,0
1009,3,7,2,0,-5,10.6133471613283,0
1009,3,7,3,0,-4,17.88764527245833,0
1009,3,7,4,0,-3,14.83555092511292,0
1009,3,7,5,0,-2,18.67106909012523,0
1009,3,7,6,0,-1,12.96154578638524,0
1009,3,7,7,1,0,17.04451658788899,.5
1009,3,7,8,1,1,20.87694741089264,1
1009,3,7,9,1,2,16.54779133126119,1.5
1009,3,7,10,1,3,19.27398667731287,2
1009,3,7,11,1,4,17.25794951905322,2.5
1009,3,7,12,1,5,20.50994927304969,3
1010,2,5,1,0,-4,16.45105402794879,0
1010,2,5,2,0,-3,21.61456199785719,0
1010,2,5,3,0,-2,22.20625062670108,0
1010,2,5,4,0,-1,20.43060643098002,0
1010,2,5,5,1,0,25.00951527942919,.75
1010,2,5,6,1,1,20.37600921096334,1.5
1010,2,5,7,1,2,27.88326233431573,2.25
1010,2,5,8,1,3,26.47544190609975,3
1010,2,5,9,1,4,18.02899070257853,3.75
1010,2,5,10,1,5,29.69387284944839,4.5
1010,2,5,11,1,6,29.51812681430492,5.25
1010,2,5,12,1,7,28.3738912771876,6
1011,4,7,1,0,-6,12.56416142192494,0
1011,4,7,2,0,-5,15.96837140447826,0
1011,4,7,3,0,-4,17.0885516642858,0
1011,4,7,4,0,-3,22.08471881026458,0
1011,4,7,5,0,-2,14.8768210409086,0
1011,4,7,6,0,-1,22.50379956831724,0
1011,4,7,7,1,0,21.428562204638,.5
1011,4,7,8,1,1,15.7481971331244,1
1011,4,7,9,1,2,20.30740289439924,1.5
1011,4,7,10,1,3,17.80142155565508,2
1011,4,7,11,1,4,19.27480324462876,2.5
1011,4,7,12,1,5,19.80405578883177,3
1012,3,7,1,0,-6,11.03994029129937,0
1012,3,7,2,0,-5,14.09321976006312,0
1012,3,7,3,0,-4,10.2780827127904,0
1012,3,7,4,0,-3,7.410024059013507,0
1012,3,7,5,0,-2,12.03158431101235,0
1012,3,7,6,0,-1,21.63938402729931,0
1012,3,7,7,1,0,15.10349541069083,.5
1012,3,7,8,1,1,15.46122471602679,1
1012,3,7,9,1,2,16.30053658781099,1.5
1012,3,7,10,1,3,21.55904032916348,2
1012,3,7,11,1,4,21.20203979672632,2.5
1012,3,7,12,1,5,22.03819704558878,3
1013,6,9,1,0,-8,6.370284116255767,0
1013,6,9,2,0,-7,8.497745358227309,0
1013,6,9,3,0,-6,9.538551397276764,0
1013,6,9,4,0,-5,11.65321973169432,0
1013,6,9,5,0,-4,15.6338676755942,0
1013,6,9,6,0,-3,9.206287017816116,0
1013,6,9,7,0,-2,13.68492602191993,0
1013,6,9,8,0,-1,7.226782795622456,0
1013,6,9,9,1,0,7.534703010914345,.35
1013,6,9,10,1,1,15.95949719343938,.7
1013,6,9,11,1,2,13.13363029342514,1.05
1013,6,9,12,1,3,15.35715446276899,1.4
1014,3,7,1,0,-6,11.96427159782789,0
1014,3,7,2,0,-5,18.40910353338186,0
1014,3,7,3,0,-4,19.0029290984436,0
1014,3,7,4,0,-3,20.02786407681913,0
1014,3,7,5,0,-2,16.25783571084582,0
1014,3,7,6,0,-1,17.0907447591429,0
1014,3,7,7,1,0,20.23386405509297,.5
1014,3,7,8,1,1,25.29720466267464,1
1014,3,7,9,1,2,19.28785537231477,1.5
1014,3,7,10,1,3,21.84816550526784,2
1014,3,7,11,1,4,20.99799535107571,2.5
1014,3,7,12,1,5,18.76197640287023,3
1015,3,7,1,0,-6,19.0894163210564,0
1015,3,7,2,0,-5,17.21564782502125,0
1015,3,7,3,0,-4,16.4687819304447,0
1015,3,7,4,0,-3,24.24370975076802,0
1015,3,7,5,0,-2,22.07022152040245,0
1015,3,7,6,0,-1,19.74373870808933,0
1015,3,7,7,1,0,17.43927785872621,.5
1015,3,7,8,1,1,22.50058354989547,1
1015,3,7,9,1,2,21.24343674510211,1.5
1015,3,7,10,1,3,27.83190906674048,2
1015,3,7,11,1,4,28.25682436036578,2.5
1015,3,7,12,1,5,29.09042525044392,3
1016,3,7,1,0,-6,13.30589150089487,0
1016,3,7,2,0,-5,12.65554592128297,0
1016,3,7,3,0,-4,10.69346120584593,0
1016,3,7,4,0,-3,14.49721516927229,0
1016,3,7,5,0,-2,15.23918126419829,0
1016,3,7,6,0,-1,19.27326163943279,0
1016,3,7,7,1,0,9.616881302824016,.5
1016,3,7,8,1,1,13.10083452023518,1
1016,3,7,9,1,2,11.14424887063084,1.5
1016,3,7,10,1,3,17.65621165974602,2
1016,3,7,11,1,4,15.37677302898487,2.5
1016,3,7,12,1,5,15.6062164099629,3
1017,8,,1,0,,14.97646697138772,0
1017,8,,2,0,,12.5670267361871,0
1017,8,,3,0,,14.71041897858281,0
1017,8,,4,0,,14.00343664865098,0
1017,8,,5,0,,18.44976521720439,0
1017,8,,6,0,,14.48315932912991,0
1017,8,,7,0,,16.7252515202354,0
1017,8,,8,0,,18.92741095992309,0
1017,8,,9,0,,19.73128770434792,0
1017,8,,10,0,,19.26681363473621,0
1017,8,,11,0,,25.58962242267324,0
1017,8,,12,0,,18.31386158258894,0
1018,1,5,1,0,-4,9.945541578074431,0
1018,1,5,2,0,-3,9.616294202402937,0
1018,1,5,3,0,-2,9.361660184276303,0
1018,1,5,4,0,-1,11.80068591494158,0
1018,1,5,5,1,0,10.22685901805355,.75
1018,1,5,6,1,1,14.87867621508228,1.5
1018,1,5,7,1,2,10.84035072610023,2.25
1018,1,5,8,1,3,15.95776209686364,3
1018,1,5,9,1,4,16.65698770362036,3.75
1018,1,5,10,1,5,20.2730680579148,4.5
1018,1,5,11,1,6,15.56270261417819,5.25
1018,1,5,12,1,7,22.55186777327622,6
1019,7,,1,0,,11.24310384367271,0
1019,7,,2,0,,9.35383573589155,0
1019,7,,3,0,,8.185117329725191,0
1019,7,,4,0,,9.136623750431177,0
1019,7,,5,0,,11.35392698251269,0
1019,7,,6,0,,13.91835183616415,0
1019,7,,7,0,,13.5062623666787,0
1019,7,,8,0,,17.15919102251268,0
1019,7,,9,0,,12.94359571636885,0
1019,7,,10,0,,19.17092210511915,0
1019,7,,11,0,,15.13599007458887,0
1019,7,,12,0,,15.09173514403257,0
1020,4,7,1,0,-6,18.94886309016668,0
1020,4,7,2,0,-5,19.5863038563475,0
1020,4,7,3,0,-4,20.66973774599684,0
1020,4,7,4,0,-3,15.72586858416039,0
1020,4,7,5,0,-2,21.6931353764648,0
1020,4,7,6,0,-1,20.65805370352987,0
1020,4,7,7,1,0,24.38453940611611,.5
1020,4,7,8,1,1,25.90138795164206,1
1020,4,7,9,1,2,27.82197196920851,1.5
1020,4,7,10,1,3,17.25908205022669,2
1020,4,7,11,1,4,28.38406198465636,2.5
1020,4,7,12,1,5,24.04224792662878,3
1021,2,5,1,0,-4,21.20371173272268,0
1021,2,5,2,0,-3,21.5174911995298,0
1021,2,5,3,0,-2,27.13627816974887,0
1021,2,5,4,0,-1,26.19964144172884,0
1021,2,5,5,1,0,22.11608280665853,.75
1021,2,5,6,1,1,23.16766368649446,1.5
1021,2,5,7,1,2,31.49572936703024,2.25
1021,2,5,8,1,3,29.44040521540747,3
1021,2,5,9,1,4,26.20477704501798,3.75
1021,2,5,10,1,5,31.06913631691564,4.5
1021,2,5,11,1,6,30.95960104356485,5.25
1021,2,5,12,1,7,29.86175709300263,6
1022,4,7,1,0,-6,8.475795171007018,0
1022,4,7,2,0,-5,5.306040509014003,0
1022,4,7,3,0,-4,8.131986245281642,0
1022,4,7,4,0,-3,6.527244706577818,0
1022,4,7,5,0,-2,.8215718210170992,0
1022,4,7,6,0,-1,.0685733188497437,0
1022,4,7,7,1,0,12.07201023621226,.5
1022,4,7,8,1,1,7.82895802199316,1
1022,4,7,9,1,2,6.216088153759483,1.5
1022,4,7,10,1,3,5.505853525729949,2
1022,4,7,11,1,4,8.263919595172924,2.5
1022,4,7,12,1,5,9.576699478780951,3
1023,3,7,1,0,-6,19.87057955113611,0
1023,3,7,2,0,-5,24.20999732477226,0
1023,3,7,3,0,-4,21.03669583450214,0
1023,3,7,4,0,-3,22.84903949796115,0
1023,3,7,5,0,-2,33.94954083718422,0
1023,3,7,6,0,-1,26.79632610354609,0
1023,3,7,7,1,0,26.16768313014486,.5
1023,3,7,8,1,1,28.09473524015998,1
1023,3,7,9,1,2,26.20704172830085,1.5
1023,3,7,10,1,3,30.86079462477674,2
1023,3,7,11,1,4,23.90789409150265,2.5
1023,3,7,12,1,5,39.16988089643828,3
1024,8,,1,0,,23.06397045455299,0
1024,8,,2,0,,19.54030296276968,0
1024,8,,3,0,,22.38126773755897,0
1024,8,,4,0,,19.91886232478488,0
1024,8,,5,0,,21.57633706840862,0
1024,8,,6,0,,19.57833162704588,0
1024,8,,7,0,,19.98378394940798,0
1024,8,,8,0,,21.20056745286035,0
1024,8,,9,0,,24.35859657790382,0
1024,8,,10,0,,20.41612865249451,0
1024,8,,11,0,,27.50902961511732,0
1024,8,,12,0,,20.28342829233949,0
1025,3,7,1,0,-6,19.2283474592625,0
1025,3,7,2,0,-5,20.51407793372362,0
1025,3,7,3,0,-4,14.96830802536628,0
1025,3,7,4,0,-3,22.38421138744652,0
1025,3,7,5,0,-2,12.14234827312504,0
1025,3,7,6,0,-1,19.61516777494936,0
1025,3,7,7,1,0,17.36023345970512,.5
1025,3,7,8,1,1,16.3218961157973,1
1025,3,7,9,1,2,25.29087010099151,1.5
1025,3,7,10,1,3,14.94908838561109,2
1025,3,7,11,1,4,24.41604671559917,2.5
1025,3,7,12,1,5,25.20645181503031,3
1026,3,7,1,0,-6,17.52613973655041,0
1026,3,7,2,0,-5,20.65498944205364,0
1026,3,7,3,0,-4,17.11133998973744,0
1026,3,7,4,0,-3,20.14659691273147,0
1026,3,7,5,0,-2,19.4122124791047,0
1026,3,7,6,0,-1,18.45303157423133,0
1026,3,7,7,1,0,17.95721453654449,.5
1026,3,7,8,1,1,23.46916762332646,1
1026,3,7,9,1,2,27.33830203035901,1.5
1026,3,7,10,1,3,23.95132825833646,2
1026,3,7,11,1,4,26.00895196458927,2.5
1026,3,7,12,1,5,22.90566879162759,3
1027,8,,1,0,,22.67395048188499,0
1027,8,,2,0,,17.72193043649411,0
1027,8,,3,0,,21.63551772240801,0
1027,8,,4,0,,25.89294698065484,0
1027,8,,5,0,,23.36343348889552,0
1027,8,,6,0,,21.44621815569259,0
1027,8,,7,0,,20.07716023261711,0
1027,8,,8,0,,25.1211043800503,0
1027,8,,9,0,,23.59473894158242,0
1027,8,,10,0,,24.28913507109533,0
1027,8,,11,0,,29.1136713438119,0
1027,8,,12,0,,24.44910080795307,0
1028,3,7,1,0,-6,7.398202421745427,0
1028,3,7,2,0,-5,16.64995994125534,0
1028,3,7,3,0,-4,14.4309245244098,0
1028,3,7,4,0,-3,22.05410725079447,0
1028,3,7,5,0,-2,19.82834096142851,0
1028,3,7,6,0,-1,15.0694128619573,0
1028,3,7,7,1,0,14.47438424654815,.5
1028,3,7,8,1,1,15.39327587639096,1
1028,3,7,9,1,2,23.92335754251103,1.5
1028,3,7,10,1,3,13.2599235209479,2
1028,3,7,11,1,4,14.67535975230822,2.5
1028,3,7,12,1,5,26.42536127968062,3
1029,8,,1,0,,11.24867280344122,0
1029,8,,2,0,,14.02015640322472,0
1029,8,,3,0,,18.42715083027532,0
1029,8,,4,0,,12.02513852038943,0
1029,8,,5,0,,15.43267526621378,0
1029,8,,6,0,,9.170472830007768,0
1029,8,,7,0,,15.26353083267166,0
1029,8,,8,0,,11.47856423282318,0
1029,8,,9,0,,19.0544023345235,0
1029,8,,10,0,,16.824572058396,0
1029,8,,11,0,,13.66115273885092,0
1029,8,,12,0,,8.040290890390365,0
1030,2,5,1,0,-4,18.3618696784108,0
1030,2,5,2,0,-3,18.43896772695132,0
1030,2,5,3,0,-2,14.17836282496283,0
1030,2,5,4,0,-1,19.3228879873977,0
1030,2,5,5,1,0,17.3941333544153,.75
1030,2,5,6,1,1,19.96940137084684,1.5
1030,2,5,7,1,2,24.42427449269071,2.25
1030,2,5,8,1,3,24.36675104187372,3
1030,2,5,9,1,4,19.4319698170444,3.75
1030,2,5,10,1,5,26.86964064170619,4.5
1030,2,5,11,1,6,26.97573077089399,5.25
1030,2,5,12,1,7,29.21649117753997,6
1031,5,9,1,0,-8,20.12562561917779,0
1031,5,9,2,0,-7,19.23140592061247,0
1031,5,9,3,0,-6,19.87195785606073,0
1031,5,9,4,0,-5,21.04570861768599,0
1031,5,9,5,0,-4,18.63937522644795,0
1031,5,9,6,0,-3,22.53363715710274,0
1031,5,9,7,0,-2,17.67776976482887,0
1031,5,9,8,0,-1,28.24606161787865,0
1031,5,9,9,1,0,23.7417072727948,.35
1031,5,9,10,1,1,23.47379472103929,.7
1031,5,9,11,1,2,17.48941207016264,1.05
1031,5,9,12,1,3,24.11126126868448,1.4
1032,8,,1,0,,15.51944829440756,0
1032,8,,2,0,,17.04968589989577,0
1032,8,,3,0,,21.97788704188308,0
1032,8,,4,0,,15.6001460700323,0
1032,8,,5,0,,14.62116297818963,0
1032,8,,6,0,,16.55256489888855,0
1032,8,,7,0,,15.58771530040805,0
1032,8,,8,0,,16.30045145124601,0
1032,8,,9,0,,14.12000309981044,0
1032,8,,10,0,,18.81663716684907,0
1032,8,,11,0,,21.27757351964561,0
1032,8,,12,0,,24.9836128522135,0
1033,1,5,1,0,-4,8.997769344403196,0
1033,1,5,2,0,-3,8.492874596556428,0
1033,1,5,3,0,-2,10.77019817742079,0
1033,1,5,4,0,-1,10.22944883358066,0
1033,1,5,5,1,0,9.749026273518542,.75
1033,1,5,6,1,1,14.01479086326291,1.5
1033,1,5,7,1,2,15.37994574828135,2.25
1033,1,5,8,1,3,14.06466995037916,3
1033,1,5,9,1,4,12.85123559889604,3.75
1033,1,5,10,1,5,18.6421021717522,4.5
1033,1,5,11,1,6,20.35931199678101,5.25
1033,1,5,12,1,7,12.55647949221882,6
1034,2,5,1,0,-4,13.8192402978718,0
1034,2,5,2,0,-3,14.19887847713179,0
1034,2,5,3,0,-2,17.53342373224191,0
1034,2,5,4,0,-1,15.13015666945381,0
1034,2,5,5,1,0,21.39523558733938,.75
1034,2,5,6,1,1,10.48660910419648,1.5
1034,2,5,7,1,2,16.5516195943582,2.25
1034,2,5,8,1,3,18.7578165153056,3
1034,2,5,9,1,4,18.06245916022608,3.75
1034,2,5,10,1,5,21.79492338926638,4.5
1034,2,5,11,1,6,28.32120794293756,5.25
1034,2,5,12,1,7,32.29612308919761,6
1035,6,9,1,0,-8,12.02993331430622,0
1035,6,9,2,0,-7,8.443089602890833,0
1035,6,9,3,0,-6,14.6610731893704,0
1035,6,9,4,0,-5,9.724460077019883,0
1035,6,9,5,0,-4,9.79864183182826,0
1035,6,9,6,0,-3,20.08226371278237,0
1035,6,9,7,0,-2,17.31863916464826,0
1035,6,9,8,0,-1,12.02661116739598,0
1035,6,9,9,1,0,13.11748100837652,.35
1035,6,9,10,1,1,15.388222759862,.7
1035,6,9,11,1,2,8.409718257704725,1.05
1035,6,9,12,1,3,14.51868512524489,1.4
1036,4,7,1,0,-6,17.95980703646128,0
1036,4,7,2,0,-5,16.65619890917412,0
1036,4,7,3,0,-4,21.82741534220737,0
1036,4,7,4,0,-3,21.22260442864635,0
1036,4,7,5,0,-2,16.19056837636307,0
1036,4,7,6,0,-1,20.27117179402835,0
1036,4,7,7,1,0,27.44658335585833,.5
1036,4,7,8,1,1,27.04755894044392,1
1036,4,7,9,1,2,23.63461670192087,1.5
1036,4,7,10,1,3,22.06492160729998,2
1036,4,7,11,1,4,27.10847741006704,2.5
1036,4,7,12,1,5,25.16927954534809,3
1037,1,5,1,0,-4,19.50083038000835,0
1037,1,5,2,0,-3,19.58279628996505,0
1037,1,5,3,0,-2,22.59889338641073,0
1037,1,5,4,0,-1,24.49185136824971,0
1037,1,5,5,1,0,25.99250343410261,.75
1037,1,5,6,1,1,26.45356595608635,1.5
1037,1,5,7,1,2,26.00111742576073,2.25
1037,1,5,8,1,3,23.86006498303441,3
1037,1,5,9,1,4,29.94730018102915,3.75
1037,1,5,10,1,5,26.64057267360774,4.5
1037,1,5,11,1,6,31.59463807183909,5.25
1037,1,5,12,1,7,36.22761055688142,6
1038,1,5,1,0,-4,13.73597589144023,0
1038,1,5,2,0,-3,15.15626586384579,0
1038,1,5,3,0,-2,19.3255240354031,0
1038,1,5,4,0,-1,18.8295731639697,0
1038,1,5,5,1,0,16.16454660436651,.75
1038,1,5,6,1,1,18.17316041895196,1.5
1038,1,5,7,1,2,20.57285443839997,2.25
1038,1,5,8,1,3,19.02465133068468,3
1038,1,5,9,1,4,17.53775231046673,3.75
1038,1,5,10,1,5,24.46851372926547,4.5
1038,1,5,11,1,6,23.89414277803022,5.25
1038,1,5,12,1,7,28.72242817144457,6
1039,4,7,1,0,-6,21.01527506405793,0
1039,4,7,2,0,-5,18.13284943545583,0
1039,4,7,3,0,-4,19.15670042880969,0
1039,4,7,4,0,-3,24.25734475808056,0
1039,4,7,5,0,-2,21.76170573972168,0
1039,4,7,6,0,-1,17.60176725637419,0
1039,4,7,7,1,0,21.49964273360194,.5
1039,4,7,8,1,1,20.30286961673202,1
1039,4,7,9,1,2,25.1467356761738,1.5
1039,4,7,10,1,3,17.87119116910581,2
1039,4,7,11,1,4,22.48171930407323,2.5
1039,4,7,12,1,5,32.51684942301748,3
1040,1,5,1,0,-4,10.12169987107779,0
1040,1,5,2,0,-3,17.49535538002187,0
1040,1,5,3,0,-2,14.72826002043236,0
1040,1,5,4,0,-1,22.75723853519419,0
1040,1,5,5,1,0,16.04441405097148,.75
1040,1,5,6,1,1,15.4170212110026,1.5
1040,1,5,7,1,2,22.87946481627731,2.25
1040,1,5,8,1,3,23.11911224624559,3
1040,1,5,9,1,4,22.47857298261088,3.75
1040,1,5,10,1,5,21.90434566096456,4.5
1040,1,5,11,1,6,27.59561689305659,5.25
1040,1,5,12,1,7,30.58409289465364,6
1041,5,9,1,0,-8,3.772465699693452,0
1041,5,9,2,0,-7,3.341094117877384,0
1041,5,9,3,0,-6,12.08708915723889,0
1041,5,9,4,0,-5,9.334082237622873,0
1041,5,9,5,0,-4,7.826151684185259,0
1041,5,9,6,0,-3,8.481727048738472,0
1041,5,9,7,0,-2,9.490868372400534,0
1041,5,9,8,0,-1,15.20895929000116,0
1041,5,9,9,1,0,14.37131861547933,.35
1041,5,9,10,1,1,7.275885308945332,.7
1041,5,9,11,1,2,13.26586464961191,1.05
1041,5,9,12,1,3,15.25548518879661,1.4
1042,8,,1,0,,19.8840421432909,0
1042,8,,2,0,,21.80783961572264,0
1042,8,,3,0,,17.56945815240271,0
1042,8,,4,0,,20.6809535484705,0
1042,8,,5,0,,21.86125832046699,0
1042,8,,6,0,,15.81521026131912,0
1042,8,,7,0,,21.93826839127779,0
1042,8,,8,0,,17.49142663267108,0
1042,8,,9,0,,22.39389518218188,0
1042,8,,10,0,,23.92040701968518,0
1042,8,,11,0,,21.06880502131897,0
1042,8,,12,0,,23.56122511100349,0
1043,3,7,1,0,-6,10.31999372993219,0
1043,3,7,2,0,-5,14.28713462596877,0
1043,3,7,3,0,-4,8.283874961431103,0
1043,3,7,4,0,-3,17.34228124880578,0
1043,3,7,5,0,-2,15.52926284045824,0
1043,3,7,6,0,-1,24.97393127336482,0
1043,3,7,7,1,0,13.33032583136179,.5
1043,3,7,8,1,1,14.80919712733916,1
1043,3,7,9,1,2,17.12757494113223,1.5
1043,3,7,10,1,3,18.90991072667681,2
1043,3,7,11,1,4,20.11148981720784,2.5
1043,3,7,12,1,5,18.90713030878323,3
1044,3,7,1,0,-6,10.2802147534536,0
1044,3,7,2,0,-5,17.1771453934464,0
1044,3,7,3,0,-4,15.23933934614852,0
1044,3,7,4,0,-3,21.55239148532826,0
1044,3,7,5,0,-2,10.2039575464429,0
1044,3,7,6,0,-1,13.00888189375295,0
1044,3,7,7,1,0,20.89227306401341,.5
1044,3,7,8,1,1,16.27095237727973,1
1044,3,7,9,1,2,15.98814822153075,1.5
1044,3,7,10,1,3,20.82966291659063,2
1044,3,7,11,1,4,18.35453049986751,2.5
1044,3,7,12,1,5,20.13729009176286,3
1045,6,9,1,0,-8,13.45980084179005,0
1045,6,9,2,0,-7,16.36970555526513,0
1045,6,9,3,0,-6,17.87030417460949,0
1045,6,9,4,0,-5,23.26136543415585,0
1045,6,9,5,0,-4,19.57166483480245,0
1045,6,9,6,0,-3,16.79362760284103,0
1045,6,9,7,0,-2,23.19273720503055,0
1045,6,9,8,0,-1,11.52236940403147,0
1045,6,9,9,1,0,21.18563158850446,.35
1045,6,9,10,1,1,20.30419204884599,.7
1045,6,9,11,1,2,17.90698424532058,1.05
1045,6,9,12,1,3,25.53382675869288,1.4
1046,3,7,1,0,-6,17.92421588717087,0
1046,3,7,2,0,-5,17.52100346612522,0
1046,3,7,3,0,-4,19.43746639144895,0
1046,3,7,4,0,-3,19.4920051062046,0
1046,3,7,5,0,-2,16.65036765921513,0
1046,3,7,6,0,-1,19.51363875407906,0
1046,3,7,7,1,0,20.51917229693785,.5
1046,3,7,8,1,1,25.4694313070637,1
1046,3,7,9,1,2,17.29398487658247,1.5
1046,3,7,10,1,3,23.39746617858593,2
1046,3,7,11,1,4,22.30994430983781,2.5
1046,3,7,12,1,5,22.38685870107927,3
1047,4,7,1,0,-6,6.178791752761929,0
1047,4,7,2,0,-5,17.14051322234594,0
1047,4,7,3,0,-4,8.589556721268973,0
1047,4,7,4,0,-3,11.59962473419455,0
1047,4,7,5,0,-2,8.649438693695966,0
1047,4,7,6,0,-1,16.43493935225186,0
1047,4,7,7,1,0,10.65107303256087,.5
1047,4,7,8,1,1,17.36459198762488,1
1047,4,7,9,1,2,11.57518207765644,1.5
1047,4,7,10,1,3,19.62063388378482,2
1047,4,7,11,1,4,13.4924571516213,2.5
1047,4,7,12,1,5,18.37322898301958,3
1048,2,5,1,0,-4,13.7041041913412,0
1048,2,5,2,0,-3,13.18606860396061,0
1048,2,5,3,0,-2,13.52847056896865,0
1048,2,5,4,0,-1,15.1367089411987,0
1048,2,5,5,1,0,13.43005696360649,.75
1048,2,5,6,1,1,16.18863383295202,1.5
1048,2,5,7,1,2,18.99634530858751,2.25
1048,2,5,8,1,3,17.99438319269908,3
1048,2,5,9,1,4,18.58926825554927,3.75
1048,2,5,10,1,5,24.01435910449846,4.5
1048,2,5,11,1,6,23.39296421407296,5.25
1048,2,5,12,1,7,28.21226942920659,6
1049,7,,1,0,,17.07074163326402,0
1049,7,,2,0,,12.84714377294289,0
1049,7,,3,0,,17.24409510425125,0
1049,7,,4,0,,15.91601230105667,0
1049,7,,5,0,,16.57327180904907,0
1049,7,,6,0,,17.89391124592926,0
1049,7,,7,0,,17.78363443905365,0
1049,7,,8,0,,17.13711164895368,0
1049,7,,9,0,,18.97420383940019,0
1049,7,,10,0,,25.64954373877273,0
1049,7,,11,0,,20.8593878914004,0
1049,7,,12,0,,18.76151693796646,0
1050,1,5,1,0,-4,8.763872239144925,0
1050,1,5,2,0,-3,9.410402660101365,0
1050,1,5,3,0,-2,11.11054057743704,0
1050,1,5,4,0,-1,13.51093530197372,0
1050,1,5,5,1,0,9.560728239320206,.75
1050,1,5,6,1,1,15.07913397166283,1.5
1050,1,5,7,1,2,19.04831364586676,2.25
1050,1,5,8,1,3,11.66786452469795,3
1050,1,5,9,1,4,15.61220241139639,3.75
1050,1,5,10,1,5,19.48148714408937,4.5
1050,1,5,11,1,6,17.11411912931019,5.25
1050,1,5,12,1,7,20.80781050736304,6
1051,6,9,1,0,-8,23.25987688729579,0
1051,6,9,2,0,-7,22.624448762876,0
1051,6,9,3,0,-6,25.92432991487089,0
1051,6,9,4,0,-5,21.75650869287984,0
1051,6,9,5,0,-4,19.27019726640694,0
1051,6,9,6,0,-3,22.31884025078761,0
1051,6,9,7,0,-2,18.51263822482482,0
1051,6,9,8,0,-1,27.76716350187839,0
1051,6,9,9,1,0,29.00060081286031,.35
1051,6,9,10,1,1,27.47729431498995,.7
1051,6,9,11,1,2,28.47418714624274,1.05
1051,6,9,12,1,3,24.7383094514256,1.4
1052,1,5,1,0,-4,16.19034397927009,0
1052,1,5,2,0,-3,17.96948623492458,0
1052,1,5,3,0,-2,18.11106211073933,0
1052,1,5,4,0,-1,18.58716543029548,0
1052,1,5,5,1,0,20.77713325401802,.75
1052,1,5,6,1,1,24.92595242223264,1.5
1052,1,5,7,1,2,21.67764053033028,2.25
1052,1,5,8,1,3,26.62071602640768,3
1052,1,5,9,1,4,27.95103874091591,3.75
1052,1,5,10,1,5,25.75585951264476,4.5
1052,1,5,11,1,6,29.35318817187563,5.25
1052,1,5,12,1,7,25.7175041318096,6
1053,7,,1,0,,22.18337064183632,0
1053,7,,2,0,,17.30563623772195,0
1053,7,,3,0,,17.3113972220423,0
1053,7,,4,0,,20.75074826784721,0
1053,7,,5,0,,16.05852317624501,0
1053,7,,6,0,,17.45477198770037,0
1053,7,,7,0,,15.31797412130974,0
1053,7,,8,0,,27.47604464698386,0
1053,7,,9,0,,14.69228326118977,0
1053,7,,10,0,,20.01435444942066,0
1053,7,,11,0,,20.0427974606087,0
1053,7,,12,0,,24.47160663201416,0
1054,3,7,1,0,-6,15.35767019376482,0
1054,3,7,2,0,-5,21.94022699075686,0
1054,3,7,3,0,-4,12.23966504050512,0
1054,3,7,4,0,-3,16.30684820229108,0
1054,3,7,5,0,-2,17.12064122591391,0
1054,3,7,6,0,-1,12.15816361323863,0
1054,3,7,7,1,0,16.33547344084986,.5
1054,3,7,8,1,1,17.4457209314912,1
1054,3,7,9,1,2,17.70635848197948,1.5
1054,3,7,10,1,3,16.38486882589373,2
1054,3,7,11,1,4,22.4587256034789,2.5
1054,3,7,12,1,5,16.01029933481138,3
1055,5,9,1,0,-8,18.12832002512675,0
1055,5,9,2,0,-7,21.87290787235671,0
1055,5,9,3,0,-6,29.08165287679731,0
1055,5,9,4,0,-5,21.99028680665476,0
1055,5,9,5,0,-4,24.78939400872278,0
1055,5,9,6,0,-3,26.14641636982851,0
1055,5,9,7,0,-2,17.18939830448419,0
1055,5,9,8,0,-1,20.76878928596255,0
1055,5,9,9,1,0,31.94170646821874,.35
1055,5,9,10,1,1,28.1851212465093,.7
1055,5,9,11,1,2,27.27744575379126,1.05
1055,5,9,12,1,3,28.26544701110898,1.4
1056,3,7,1,0,-6,24.09797896495003,0
1056,3,7,2,0,-5,24.01465147237924,0
1056,3,7,3,0,-4,19.60104907652102,0
1056,3,7,4,0,-3,18.78147713465092,0
1056,3,7,5,0,-2,23.58539272323069,0
1056,3,7,6,0,-1,14.59843041549993,0
1056,3,7,7,1,0,22.0070890941896,.5
1056,3,7,8,1,1,20.73359303767565,1
1056,3,7,9,1,2,27.45179516377869,1.5
1056,3,7,10,1,3,26.84284663296852,2
1056,3,7,11,1,4,25.13550854506203,2.5
1056,3,7,12,1,5,21.31331228998443,3
1057,5,9,1,0,-8,18.69731660316324,0
1057,5,9,2,0,-7,20.36263508616006,0
1057,5,9,3,0,-6,15.38814009976061,0
1057,5,9,4,0,-5,19.16548354525059,0
1057,5,9,5,0,-4,17.92507769666624,0
1057,5,9,6,0,-3,20.90314235811272,0
1057,5,9,7,0,-2,18.3630478825303,0
1057,5,9,8,0,-1,17.44562789936524,0
1057,5,9,9,1,0,17.45401358292642,.35
1057,5,9,10,1,1,21.39313887170448,.7
1057,5,9,11,1,2,20.32421313652667,1.05
1057,5,9,12,1,3,21.41548649694498,1.4
1058,8,,1,0,,14.44521284403936,0
1058,8,,2,0,,13.44378490190813,0
1058,8,,3,0,,13.68059463784695,0
1058,8,,4,0,,18.30809177908798,0
1058,8,,5,0,,15.10400285068866,0
1058,8,,6,0,,17.84322824330994,0
1058,8,,7,0,,14.50935125004836,0
1058,8,,8,0,,16.40305755157167,0
1058,8,,9,0,,14.64384985177583,0
1058,8,,10,0,,21.22914984438896,0
1058,8,,11,0,,17.63847490090321,0
1058,8,,12,0,,18.90688958520804,0
1059,6,9,1,0,-8,15.75467620180514,0
1059,6,9,2,0,-7,9.218153882185534,0
1059,6,9,3,0,-6,14.55728889489694,0
1059,6,9,4,0,-5,15.89103817373642,0
1059,6,9,5,0,-4,20.16954234741172,0
1059,6,9,6,0,-3,17.43584627500219,0
1059,6,9,7,0,-2,12.24164652776476,0
1059,6,9,8,0,-1,15.13419523761054,0
1059,6,9,9,1,0,11.93842675821888,.35
1059,6,9,10,1,1,15.26115424061324,.7
1059,6,9,11,1,2,13.57110290327326,1.05
1059,6,9,12,1,3,25.09485488701177,1.4
1060,1,5,1,0,-4,9.117100172236466,0
1060,1,5,2,0,-3,13.26907952339261,0
1060,1,5,3,0,-2,15.88409669830001,0
1060,1,5,4,0,-1,15.91899078491328,0
1060,1,5,5,1,0,12.01095434145694,.75
1060,1,5,6,1,1,20.53800601114848,1.5
1060,1,5,7,1,2,20.21573246229519,2.25
1060,1,5,8,1,3,25.93511017898267,3
1060,1,5,9,1,4,25.0011598611973,3.75
1060,1,5,10,1,5,18.06230955528846,4.5
1060,1,5,11,1,6,26.73318067290124,5.25
1060,1,5,12,1,7,25.77797170272477,6
1061,7,,1,0,,7.207786504745138,0
1061,7,,2,0,,10.70683025760747,0
1061,7,,3,0,,16.73121080183284,0
1061,7,,4,0,,9.935262625071179,0
1061,7,,5,0,,15.26865949116996,0
1061,7,,6,0,,15.60947409779677,0
1061,7,,7,0,,19.18505220627718,0
1061,7,,8,0,,10.75095968657945,0
1061,7,,9,0,,21.39824729627783,0
1061,7,,10,0,,20.23358885207023,0
1061,7,,11,0,,7.732568178755312,0
1061,7,,12,0,,19.6254861693618,0
1062,7,,1,0,,15.93977041539295,0
1062,7,,2,0,,17.71721275049135,0
1062,7,,3,0,,17.34737594502287,0
1062,7,,4,0,,18.34137328859158,0
1062,7,,5,0,,16.74169257424292,0
1062,7,,6,0,,11.26899368635213,0
1062,7,,7,0,,18.35942151504977,0
1062,7,,8,0,,23.17269076147312,0
1062,7,,9,0,,15.0060507541425,0
1062,7,,10,0,,20.65238630161132,0
1062,7,,11,0,,12.73343321875032,0
1062,7,,12,0,,17.97199423442803,0
1063,7,,1,0,,15.32607177426965,0
1063,7,,2,0,,21.04153773885636,0
1063,7,,3,0,,16.14809244472982,0
1063,7,,4,0,,12.99367737438493,0
1063,7,,5,0,,14.5930953946976,0
1063,7,,6,0,,13.91506063787201,0
1063,7,,7,0,,21.52872359552594,0
1063,7,,8,0,,21.68356809216592,0
1063,7,,9,0,,18.21735657392465,0
1063,7,,10,0,,22.45109410428121,0
1063,7,,11,0,,16.13449617951076,0
1063,7,,12,0,,22.67069935732833,0
1064,5,9,1,0,-8,12.93282702762282,0
1064,5,9,2,0,-7,16.749043507553,0
1064,5,9,3,0,-6,16.98409862851306,0
1064,5,9,4,0,-5,13.58240580482592,0
1064,5,9,5,0,-4,14.71994936917752,0
1064,5,9,6,0,-3,19.56361767118775,0
1064,5,9,7,0,-2,17.06443728908166,0
1064,5,9,8,0,-1,14.89658211361466,0
1064,5,9,9,1,0,15.20125223291,.35
1064,5,9,10,1,1,21.85059959390454,.7
1064,5,9,11,1,2,16.18965779191248,1.05
1064,5,9,12,1,3,21.65859833269432,1.4
1065,8,,1,0,,8.134400578902889,0
1065,8,,2,0,,9.85400127199107,0
1065,8,,3,0,,8.415032499188017,0
1065,8,,4,0,,9.456881688625749,0
1065,8,,5,0,,9.373979914584121,0
1065,8,,6,0,,10.08333900509586,0
1065,8,,7,0,,13.40947412249717,0
1065,8,,8,0,,11.83767145473052,0
1065,8,,9,0,,12.50886087890859,0
1065,8,,10,0,,14.19222301151721,0
1065,8,,11,0,,13.85220503065737,0
1065,8,,12,0,,16.92779544232097,0
1066,6,9,1,0,-8,32.37410440745913,0
1066,6,9,2,0,-7,31.40617656269792,0
1066,6,9,3,0,-6,28.04071151231518,0
1066,6,9,4,0,-5,34.14951525598877,0
1066,6,9,5,0,-4,31.16994869813179,0
1066,6,9,6,0,-3,31.56555673453801,0
1066,6,9,7,0,-2,33.89892595882061,0
1066,6,9,8,0,-1,32.57096962188852,0
1066,6,9,9,1,0,33.12524873640845,.35
1066,6,9,10,1,1,35.29036559799034,.7
1066,6,9,11,1,2,34.21502079678319,1.05
1066,6,9,12,1,3,33.34782792753625,1.4
1067,6,9,1,0,-8,22.69936900078266,0
1067,6,9,2,0,-7,19.12722776446792,0
1067,6,9,3,0,-6,20.21939189205811,0
1067,6,9,4,0,-5,24.82091815281488,0
1067,6,9,5,0,-4,22.93677909753479,0
1067,6,9,6,0,-3,20.04430905373184,0
1067,6,9,7,0,-2,22.04157537870173,0
1067,6,9,8,0,-1,29.14016949394937,0
1067,6,9,9,1,0,24.44532941245036,.35
1067,6,9,10,1,1,27.70026811366665,.7
1067,6,9,11,1,2,23.59166502630835,1.05
1067,6,9,12,1,3,22.00699737972812,1.4
1068,5,9,1,0,-8,17.32232178855908,0
1068,5,9,2,0,-7,15.64424264973839,0
1068,5,9,3,0,-6,17.54503577395085,0
1068,5,9,4,0,-5,11.68036600900908,0
1068,5,9,5,0,-4,15.31518370983462,0
1068,5,9,6,0,-3,17.01067111176098,0
1068,5,9,7,0,-2,19.7601800052855,0
1068,5,9,8,0,-1,19.07969966611523,0
1068,5,9,9,1,0,15.85219393893057,.35
1068,5,9,10,1,1,18.04421898178168,.7
1068,5,9,11,1,2,20.95136419985821,1.05
1068,5,9,12,1,3,25.75741815535955,1.4
1069,2,5,1,0,-4,17.34579341584469,0
1069,2,5,2,0,-3,15.17235956547987,0
1069,2,5,3,0,-2,14.4821349622494,0
1069,2,5,4,0,-1,12.59048351985308,0
1069,2,5,5,1,0,18.60535469064045,.75
1069,2,5,6,1,1,16.3048761337286,1.5
1069,2,5,7,1,2,14.17467509124867,2.25
1069,2,5,8,1,3,18.83446257869602,3
1069,2,5,9,1,4,18.48674388769312,3.75
1069,2,5,10,1,5,25.06944689389217,4.5
1069,2,5,11,1,6,18.12911927366931,5.25
1069,2,5,12,1,7,25.38936711228257,6
1070,6,9,1,0,-8,18.82343733722134,0
1070,6,9,2,0,-7,21.00168869454542,0
1070,6,9,3,0,-6,16.76032216145618,0
1070,6,9,4,0,-5,24.40503886881309,0
1070,6,9,5,0,-4,20.46896347320101,0
1070,6,9,6,0,-3,22.71126318252184,0
1070,6,9,7,0,-2,20.71158945011281,0
1070,6,9,8,0,-1,23.20409643763338,0
1070,6,9,9,1,0,21.20207359403755,.35
1070,6,9,10,1,1,21.1652145595461,.7
1070,6,9,11,1,2,20.838120880799,1.05
1070,6,9,12,1,3,16.86325085371313,1.4
1071,3,7,1,0,-6,27.22805171760194,0
1071,3,7,2,0,-5,22.24817863740408,0
1071,3,7,3,0,-4,22.64748621047275,0
1071,3,7,4,0,-3,26.29380906306355,0
1071,3,7,5,0,-2,26.57468117959355,0
1071,3,7,6,0,-1,29.23681581463872,0
1071,3,7,7,1,0,27.70017692238526,.5
1071,3,7,8,1,1,29.44358132121453,1
1071,3,7,9,1,2,27.77385204124726,1.5
1071,3,7,10,1,3,28.32016435867759,2
1071,3,7,11,1,4,32.53472873903897,2.5
1071,3,7,12,1,5,25.13409311719875,3
1072,5,9,1,0,-8,19.35177648523392,0
1072,5,9,2,0,-7,23.90721819699607,0
1072,5,9,3,0,-6,23.93049429893559,0
1072,5,9,4,0,-5,20.96643004973954,0
1072,5,9,5,0,-4,26.38951423915051,0
1072,5,9,6,0,-3,24.90597547397724,0
1072,5,9,7,0,-2,25.62701956019608,0
1072,5,9,8,0,-1,23.15724816851763,0
1072,5,9,9,1,0,26.94202602458905,.35
1072,5,9,10,1,1,31.20180680048851,.7
1072,5,9,11,1,2,28.02427090807938,1.05
1072,5,9,12,1,3,30.49360257320059,1.4
1073,2,5,1,0,-4,19.42748303841284,0
1073,2,5,2,0,-3,19.22611825428154,0
1073,2,5,3,0,-2,21.96679057209365,0
1073,2,5,4,0,-1,18.0416662780037,0
1073,2,5,5,1,0,15.44664385436016,.75
1073,2,5,6,1,1,13.29600540681091,1.5
1073,2,5,7,1,2,14.53135889163084,2.25
1073,2,5,8,1,3,19.94174470075754,3
1073,2,5,9,1,4,21.23055812160199,3.75
1073,2,5,10,1,5,22.50824044205888,4.5
1073,2,5,11,1,6,25.84375917706491,5.25
1073,2,5,12,1,7,22.50879054679645,6
1074,3,7,1,0,-6,14.9161433411617,0
1074,3,7,2,0,-5,15.10843707926862,0
1074,3,7,3,0,-4,17.0071110747882,0
1074,3,7,4,0,-3,18.60356575067481,0
1074,3,7,5,0,-2,13.87192750720039,0
1074,3,7,6,0,-1,13.76487730995959,0
1074,3,7,7,1,0,15.24297442097551,.5
1074,3,7,8,1,1,20.98660091212195,1
1074,3,7,9,1,2,12.95756382857396,1.5
1074,3,7,10,1,3,15.30902771316632,2
1074,3,7,11,1,4,17.42574190486765,2.5
1074,3,7,12,1,5,30.15080886768564,3
1075,4,7,1,0,-6,15.02155208790548,0
1075,4,7,2,0,-5,19.60673490607901,0
1075,4,7,3,0,-4,12.03841355734279,0
1075,4,7,4,0,-3,18.50537698935411,0
1075,4,7,5,0,-2,11.96696649406639,0
1075,4,7,6,0,-1,15.71155202046567,0
1075,4,7,7,1,0,19.49663385861994,.5
1075,4,7,8,1,1,22.01897639820807,1
1075,4,7,9,1,2,14.67252444543027,1.5
1075,4,7,10,1,3,19.245237325839,2
1075,4,7,11,1,4,21.90903969838692,2.5
1075,4,7,12,1,5,22.70554200595119,3
1076,5,9,1,0,-8,12.27214822417335,0
1076,5,9,2,0,-7,8.951713727986425,0
1076,5,9,3,0,-6,15.45136149044314,0
1076,5,9,4,0,-5,21.22754625987667,0
1076,5,9,5,0,-4,11.28594146636002,0
1076,5,9,6,0,-3,16.4233409924099,0
1076,5,9,7,0,-2,10.87311307927574,0
1076,5,9,8,0,-1,21.0950036223694,0
1076,5,9,9,1,0,10.34841973337838,.35
1076,5,9,10,1,1,21.27719274770097,.7
1076,5,9,11,1,2,21.82657015327974,1.05
1076,5,9,12,1,3,17.16790260634798,1.4
1077,1,5,1,0,-4,18.14510340332225,0
1077,1,5,2,0,-3,20.35731586064593,0
1077,1,5,3,0,-2,17.18857836976229,0
1077,1,5,4,0,-1,23.38738712185295,0
1077,1,5,5,1,0,21.58214792577283,.75
1077,1,5,6,1,1,22.46077599420191,1.5
1077,1,5,7,1,2,25.80075475162056,2.25
1077,1,5,8,1,3,24.72214028563678,3
1077,1,5,9,1,4,20.09234628503028,3.75
1077,1,5,10,1,5,30.63939748540203,4.5
1077,1,5,11,1,6,18.3043756954125,5.25
1077,1,5,12,1,7,32.35920854366945,6
1078,8,,1,0,,17.35212007702751,0
1078,8,,2,0,,20.59974744989336,0
1078,8,,3,0,,18.66233825813724,0
1078,8,,4,0,,21.5974354171795,0
1078,8,,5,0,,15.53292978789214,0
1078,8,,6,0,,20.53302287681491,0
1078,8,,7,0,,19.8226622541484,0
1078,8,,8,0,,24.84883625651396,0
1078,8,,9,0,,22.62320108415837,0
1078,8,,10,0,,20.56214219287863,0
1078,8,,11,0,,24.02066297382125,0
1078,8,,12,0,,22.86904167256493,0
1079,2,5,1,0,-4,10.18356423145919,0
1079,2,5,2,0,-3,15.12321332310067,0
1079,2,5,3,0,-2,14.46770156181832,0
1079,2,5,4,0,-1,16.25708467541029,0
1079,2,5,5,1,0,10.7236086009251,.75
1079,2,5,6,1,1,17.0920897469609,1.5
1079,2,5,7,1,2,16.94230403823733,2.25
1079,2,5,8,1,3,17.10260105164399,3
1079,2,5,9,1,4,19.39691322209198,3.75
1079,2,5,10,1,5,18.5489644447025,4.5
1079,2,5,11,1,6,26.80754543926626,5.25
1079,2,5,12,1,7,24.68464979284523,6
1080,4,7,1,0,-6,16.1720840197199,0
1080,4,7,2,0,-5,23.957082399434,0
1080,4,7,3,0,-4,25.0440909316596,0
1080,4,7,4,0,-3,21.11168915591369,0
1080,4,7,5,0,-2,26.80678877564615,0
1080,4,7,6,0,-1,20.84032431682946,0
1080,4,7,7,1,0,19.5678946754136,.5
1080,4,7,8,1,1,20.87169551571433,1
1080,4,7,9,1,2,19.72344920167894,1.5
1080,4,7,10,1,3,20.86363803538097,2
1080,4,7,11,1,4,24.88677136080934,2.5
1080,4,7,12,1,5,25.18648133312071,3
1081,8,,1,0,,11.64357747692421,0
1081,8,,2,0,,1.719113048092126,0
1081,8,,3,0,,13.27078234165504,0
1081,8,,4,0,,9.565313199135671,0
1081,8,,5,0,,8.439658759683375,0
1081,8,,6,0,,12.33088575358932,0
1081,8,,7,0,,9.136053358116408,0
1081,8,,8,0,,11.15867631713747,0
1081,8,,9,0,,9.282784055434954,0
1081,8,,10,0,,12.90278300196785,0
1081,8,,11,0,,10.44297294707454,0
1081,8,,12,0,,7.965066471035903,0
1082,5,9,1,0,-8,11.46447203739933,0
1082,5,9,2,0,-7,11.29862479672143,0
1082,5,9,3,0,-6,12.88513699819188,0
1082,5,9,4,0,-5,16.9001888214413,0
1082,5,9,5,0,-4,19.15243390562945,0
1082,5,9,6,0,-3,16.17743819741887,0
1082,5,9,7,0,-2,14.6354236657039,0
1082,5,9,8,0,-1,15.62076910770116,0
1082,5,9,9,1,0,19.89901218498929,.35
1082,5,9,10,1,1,17.17812996858467,.7
1082,5,9,11,1,2,18.51659953998296,1.05
1082,5,9,12,1,3,13.87467089108404,1.4
1083,3,7,1,0,-6,31.09122181297402,0
1083,3,7,2,0,-5,27.98440191637096,0
1083,3,7,3,0,-4,31.31136298771984,0
1083,3,7,4,0,-3,30.59625024018604,0
1083,3,7,5,0,-2,24.55702460262316,0
1083,3,7,6,0,-1,25.75274877035153,0
1083,3,7,7,1,0,31.85345726072569,.5
1083,3,7,8,1,1,40.08698477093129,1
1083,3,7,9,1,2,32.43701126782086,1.5
1083,3,7,10,1,3,34.05757587028764,2
1083,3,7,11,1,4,30.92799433837559,2.5
1083,3,7,12,1,5,37.63747557533411,3
1084,4,7,1,0,-6,18.44918594070781,0
1084,4,7,2,0,-5,18.86700488748198,0
1084,4,7,3,0,-4,16.42627306362571,0
1084,4,7,4,0,-3,13.88187025785546,0
1084,4,7,5,0,-2,19.18820745962674,0
1084,4,7,6,0,-1,18.19217903927741,0
1084,4,7,7,1,0,16.0743349577761,.5
1084,4,7,8,1,1,20.0133403789587,1
1084,4,7,9,1,2,21.89006569475321,1.5
1084,4,7,10,1,3,15.32393100515601,2
1084,4,7,11,1,4,20.23326826072092,2.5
1084,4,7,12,1,5,20.35622326913464,3
1085,6,9,1,0,-8,9.459687864377884,0
1085,6,9,2,0,-7,4.872183126894773,0
1085,6,9,3,0,-6,6.062158163611942,0
1085,6,9,4,0,-5,.2767371378605858,0
1085,6,9,5,0,-4,9.427410569140335,0
1085,6,9,6,0,-3,6.195843785573103,0
1085,6,9,7,0,-2,6.998074438592543,0
1085,6,9,8,0,-1,9.295749871505226,0
1085,6,9,9,1,0,9.389169652507229,.35
1085,6,9,10,1,1,13.16553424370873,.7
1085,6,9,11,1,2,13.46269190846093,1.05
1085,6,9,12,1,3,12.22088632167553,1.4
1086,4,7,1,0,-6,20.07920082487282,0
1086,4,7,2,0,-5,14.51348501578116,0
1086,4,7,3,0,-4,14.53608447529595,0
1086,4,7,4,0,-3,22.6090208401229,0
1086,4,7,5,0,-2,23.13862146044129,0
1086,4,7,6,0,-1,15.18626001456316,0
1086,4,7,7,1,0,15.36279291406461,.5
1086,4,7,8,1,1,19.4655644718817,1
1086,4,7,9,1,2,21.67646162285907,1.5
1086,4,7,10,1,3,20.31253664283621,2
1086,4,7,11,1,4,26.83734591061667,2.5
1086,4,7,12,1,5,26.77498476824614,3
1087,2,5,1,0,-4,24.15719344608528,0
1087,2,5,2,0,-3,22.09373533807689,0
1087,2,5,3,0,-2,23.80030370079364,0
1087,2,5,4,0,-1,23.80172281626348,0
1087,2,5,5,1,0,23.92394563005853,.75
1087,2,5,6,1,1,26.44536597204703,1.5
1087,2,5,7,1,2,28.54365836300524,2.25
1087,2,5,8,1,3,25.77434413073646,3
1087,2,5,9,1,4,26.03725397403142,3.75
1087,2,5,10,1,5,33.57238062635088,4.5
1087,2,5,11,1,6,29.15461956978362,5.25
1087,2,5,12,1,7,38.52415237447,6
1088,1,5,1,0,-4,23.37316631823049,0
1088,1,5,2,0,-3,16.74830306677142,0
1088,1,5,3,0,-2,27.01090782452077,0
1088,1,5,4,0,-1,17.92882829521474,0
1088,1,5,5,1,0,19.07790229456356,.75
1088,1,5,6,1,1,21.10959533218113,1.5
1088,1,5,7,1,2,23.19099960751081,2.25
1088,1,5,8,1,3,26.71900795923127,3
1088,1,5,9,1,4,26.75244491457242,3.75
1088,1,5,10,1,5,23.91726531708417,4.5
1088,1,5,11,1,6,28.31570483873336,5.25
1088,1,5,12,1,7,28.61990412746987,6
1089,3,7,1,0,-6,4.817213753368651,0
1089,3,7,2,0,-5,6.076295951467241,0
1089,3,7,3,0,-4,-.7429853951012397,0
1089,3,7,4,0,-3,4.234337572133448,0
1089,3,7,5,0,-2,1.404111310412953,0
1089,3,7,6,0,-1,4.030996927950571,0
1089,3,7,7,1,0,2.415987669829827,.5
1089,3,7,8,1,1,-2.764003630091125,1
1089,3,7,9,1,2,3.483922921066799,1.5
1089,3,7,10,1,3,3.670533705938309,2
1089,3,7,11,1,4,1.275997917517249,2.5
1089,3,7,12,1,5,9.653808920166082,3
1090,3,7,1,0,-6,21.66551987448444,0
1090,3,7,2,0,-5,25.60098475620241,0
1090,3,7,3,0,-4,20.77582151618319,0
1090,3,7,4,0,-3,25.42146828089599,0
1090,3,7,5,0,-2,23.93482838166891,0
1090,3,7,6,0,-1,18.76084386497075,0
1090,3,7,7,1,0,19.99455392923169,.5
1090,3,7,8,1,1,21.40399355496582,1
1090,3,7,9,1,2,25.26210099770086,1.5
1090,3,7,10,1,3,30.14430305685319,2
1090,3,7,11,1,4,28.54230274352172,2.5
1090,3,7,12,1,5,23.68514963979779,3
1091,3,7,1,0,-6,26.34676010096798,0
1091,3,7,2,0,-5,25.15401403669719,0
1091,3,7,3,0,-4,25.78661233695703,0
1091,3,7,4,0,-3,24.81887957532265,0
1091,3,7,5,0,-2,24.64033516452335,0
1091,3,7,6,0,-1,25.04641662369356,0
1091,3,7,7,1,0,27.42740013005643,.5
1091,3,7,8,1,1,27.05980455900276,1
1091,3,7,9,1,2,34.19494533740973,1.5
1091,3,7,10,1,3,32.1678561931556,2
1091,3,7,11,1,4,27.72304331491089,2.5
1091,3,7,12,1,5,34.45849739439199,3
1092,6,9,1,0,-8,16.1681253945567,0
1092,6,9,2,0,-7,11.76186690755224,0
1092,6,9,3,0,-6,12.41892941169262,0
1092,6,9,4,0,-5,15.36044998234735,0
1092,6,9,5,0,-4,17.38551456189087,0
1092,6,9,6,0,-3,13.37414230038946,0
1092,6,9,7,0,-2,19.52340248782798,0
1092,6,9,8,0,-1,14.71819207293594,0
1092,6,9,9,1,0,17.27087382277218,.35
1092,6,9,10,1,1,17.32460850018884,.7
1092,6,9,11,1,2,11.76005545305533,1.05
1092,6,9,12,1,3,16.52703842378374,1.4
1093,5,9,1,0,-8,22.42601909895815,0
1093,5,9,2,0,-7,14.33334781106356,0
1093,5,9,3,0,-6,17.23105746549832,0
1093,5,9,4,0,-5,22.92982163543148,0
1093,5,9,5,0,-4,23.81970834303899,0
1093,5,9,6,0,-3,19.92969410627893,0
1093,5,9,7,0,-2,20.29228130937748,0
1093,5,9,8,0,-1,22.00285069800882,0
1093,5,9,9,1,0,22.68052804557222,.35
1093,5,9,10,1,1,22.84769857633346,.7
1093,5,9,11,1,2,24.14173386190751,1.05
1093,5,9,12,1,3,22.23463561556351,1.4
1094,2,5,1,0,-4,22.40382263052892,0
1094,2,5,2,0,-3,17.61462767541885,0
1094,2,5,3,0,-2,19.46259737907835,0
1094,2,5,4,0,-1,24.18229205753728,0
1094,2,5,5,1,0,19.17320353709233,.75
1094,2,5,6,1,1,20.80886319890958,1.5
1094,2,5,7,1,2,23.0976105538,2.25
1094,2,5,8,1,3,25.88596691388015,3
1094,2,5,9,1,4,27.91573227662041,3.75
1094,2,5,10,1,5,29.49163146942006,4.5
1094,2,5,11,1,6,32.99494600711652,5.25
1094,2,5,12,1,7,37.69052334300229,6
1095,4,7,1,0,-6,12.02699761885956,0
1095,4,7,2,0,-5,17.90556655985013,0
1095,4,7,3,0,-4,15.7997100702006,0
1095,4,7,4,0,-3,9.806190946241799,0
1095,4,7,5,0,-2,10.76050219804547,0
1095,4,7,6,0,-1,15.13857050611136,0
1095,4,7,7,1,0,13.25737918577496,.5
1095,4,7,8,1,1,18.24012363926744,1
1095,4,7,9,1,2,14.50011256558759,1.5
1095,4,7,10,1,3,18.26062067003821,2
1095,4,7,11,1,4,17.91639990456289,2.5
1095,4,7,12,1,5,21.46986570375382,3
1096,6,9,1,0,-8,23.25573484229221,0
1096,6,9,2,0,-7,24.50499059736355,0
1096,6,9,3,0,-6,30.8967563192111,0
1096,6,9,4,0,-5,23.64767429030982,0
1096,6,9,5,0,-4,28.754381451062,0
1096,6,9,6,0,-3,25.69674265855937,0
1096,6,9,7,0,-2,29.92605771559261,0
1096,6,9,8,0,-1,24.53489140065968,0
1096,6,9,9,1,0,34.04754581177002,.35
1096,6,9,10,1,1,29.53565830367513,.7
1096,6,9,11,1,2,30.23141103873259,1.05
1096,6,9,12,1,3,33.09411211341808,1.4
1097,6,9,1,0,-8,9.549621067934988,0
1097,6,9,2,0,-7,17.01706594865137,0
1097,6,9,3,0,-6,16.41411164983816,0
1097,6,9,4,0,-5,17.8450673714966,0
1097,6,9,5,0,-4,16.09579784742644,0
1097,6,9,6,0,-3,13.798532427044,0
1097,6,9,7,0,-2,19.46270546185069,0
1097,6,9,8,0,-1,22.76424215852355,0
1097,6,9,9,1,0,19.13950081671105,.35
1097,6,9,10,1,1,19.36863166469298,.7
1097,6,9,11,1,2,23.41599466296588,1.05
1097,6,9,12,1,3,25.08965165411175,1.4
1098,8,,1,0,,5.056667613630045,0
1098,8,,2,0,,7.348478458583891,0
1098,8,,3,0,,5.010990488000536,0
1098,8,,4,0,,7.335077361160547,0
1098,8,,5,0,,2.069080808793956,0
1098,8,,6,0,,9.448942998637191,0
1098,8,,7,0,,8.260244994304228,0
1098,8,,8,0,,11.89224372598441,0
1098,8,,9,0,,5.809257448188449,0
1098,8,,10,0,,11.97257666245677,0
1098,8,,11,0,,6.163228740815475,0
1098,8,,12,0,,10.22397083409862,0
1099,6,9,1,0,-8,20.23140572430741,0
1099,6,9,2,0,-7,18.35061569135679,0
1099,6,9,3,0,-6,16.69022914779275,0
1099,6,9,4,0,-5,14.74885282879816,0
1099,6,9,5,0,-4,16.70120710566787,0
1099,6,9,6,0,-3,14.62994708833586,0
1099,6,9,7,0,-2,20.67613613773384,0
1099,6,9,8,0,-1,21.50926978451238,0
1099,6,9,9,1,0,20.41507433963947,.35
1099,6,9,10,1,1,22.55832766680036,.7
1099,6,9,11,1,2,23.99376950169491,1.05
1099,6,9,12,1,3,26.56758201830143,1.4
1100,2,5,1,0,-4,8.98330942387966,0
1100,2,5,2,0,-3,11.85336470863149,0
1100,2,5,3,0,-2,13.5697168668598,0
1100,2,5,4,0,-1,14.58722395536652,0
1100,2,5,5,1,0,12.45294518127502,.75
1100,2,5,6,1,1,16.79241289001893,1.5
1100,2,5,7,1,2,15.26164868396975,2.25
1100,2,5,8,1,3,14.0171107745862,3
1100,2,5,9,1,4,25.05825680511423,3.75
1100,2,5,10,1,5,20.46086096757289,4.5
1100,2,5,11,1,6,20.36906730557133,5.25
1100,2,5,12,1,7,19.87048942428288,6
1101,2,5,1,0,-4,13.50671038681824,0
1101,2,5,2,0,-3,14.64736024423559,0
1101,2,5,3,0,-2,13.05366674614751,0
1101,2,5,4,0,-1,12.24108593951792,0
1101,2,5,5,1,0,18.23331638737632,.75
1101,2,5,6,1,1,16.01099658629858,1.5
1101,2,5,7,1,2,15.56619985106779,2.25
1101,2,5,8,1,3,16.53840547431344,3
1101,2,5,9,1,4,17.98902990546083,3.75
1101,2,5,10,1,5,17.71845579773626,4.5
1101,2,5,11,1,6,20.17505103989088,5.25
1101,2,5,12,1,7,22.14698981616091,6
1102,8,,1,0,,17.76587466047519,0
1102,8,,2,0,,18.35211567704532,0
1102,8,,3,0,,17.37093926077083,0
1102,8,,4,0,,20.24358903884198,0
1102,8,,5,0,,18.94100144899502,0
1102,8,,6,0,,22.72945955655941,0
1102,8,,7,0,,21.65072135243204,0
1102,8,,8,0,,24.36633011572627,0
1102,8,,9,0,,22.10201191188614,0
1102,8,,10,0,,26.85708326472363,0
1102,8,,11,0,,21.61026936053027,0
1102,8,,12,0,,29.51977984331853,0
1103,5,9,1,0,-8,9.894862431589772,0
1103,5,9,2,0,-7,15.3718208517593,0
1103,5,9,3,0,-6,9.818332726911001,0
1103,5,9,4,0,-5,14.4544710794123,0
1103,5,9,5,0,-4,20.23462583302424,0
1103,5,9,6,0,-3,13.95333067796231,0
1103,5,9,7,0,-2,19.19999719273435,0
1103,5,9,8,0,-1,15.12167130771072,0
1103,5,9,9,1,0,11.85439155506018,.35
1103,5,9,10,1,1,21.08769239645317,.7
1103,5,9,11,1,2,14.75462025294627,1.05
1103,5,9,12,1,3,22.73933118164445,1.4
1104,2,5,1,0,-4,7.506822856292178,0
1104,2,5,2,0,-3,10.67418327815393,0
1104,2,5,3,0,-2,7.715352240833729,0
1104,2,5,4,0,-1,10.8415748009984,0
1104,2,5,5,1,0,17.81377171166607,.75
1104,2,5,6,1,1,16.34671708435552,1.5
1104,2,5,7,1,2,15.27535179815893,2.25
1104,2,5,8,1,3,11.27565940782095,3
1104,2,5,9,1,4,16.93921359836295,3.75
1104,2,5,10,1,5,16.8868955855036,4.5
1104,2,5,11,1,6,17.95948697014424,5.25
1104,2,5,12,1,7,25.89922491706553,6
1105,5,9,1,0,-8,19.18886268075725,0
1105,5,9,2,0,-7,21.27560125126201,0
1105,5,9,3,0,-6,18.08457847264099,0
1105,5,9,4,0,-5,18.63124662370757,0
1105,5,9,5,0,-4,19.67587508671602,0
1105,5,9,6,0,-3,24.91422818468675,0
1105,5,9,7,0,-2,20.19035982699246,0
1105,5,9,8,0,-1,18.52544902672493,0
1105,5,9,9,1,0,16.06084146403398,.35
1105,5,9,10,1,1,24.51618699756941,.7
1105,5,9,11,1,2,21.02546381193042,1.05
1105,5,9,12,1,3,24.9121401531402,1.4
1106,4,7,1,0,-6,11.2292805243208,0
1106,4,7,2,0,-5,6.380836327142141,0
1106,4,7,3,0,-4,12.4417383875763,0
1106,4,7,4,0,-3,13.44172855273703,0
1106,4,7,5,0,-2,14.64039565657464,0
1106,4,7,6,0,-1,12.9707780790036,0
1106,4,7,7,1,0,8.271761986041859,.5
1106,4,7,8,1,1,19.76194405248729,1
1106,4,7,9,1,2,20.34085998595813,1.5
1106,4,7,10,1,3,20.67943293294779,2
1106,4,7,11,1,4,16.03150567386222,2.5
1106,4,7,12,1,5,20.98483988280291,3
1107,4,7,1,0,-6,20.27349213744929,0
1107,4,7,2,0,-5,18.27682833611205,0
1107,4,7,3,0,-4,15.02037191198279,0
1107,4,7,4,0,-3,20.42037836001542,0
1107,4,7,5,0,-2,22.6827137039302,0
1107,4,7,6,0,-1,13.39945691259205,0
1107,4,7,7,1,0,21.4025602363252,.5
1107,4,7,8,1,1,22.47076214092054,1
1107,4,7,9,1,2,25.43171475647352,1.5
1107,4,7,10,1,3,22.06243117305814,2
1107,4,7,11,1,4,23.83564987376096,2.5
1107,4,7,12,1,5,23.41294146108426,3
1108,6,9,1,0,-8,15.33344795492266,0
1108,6,9,2,0,-7,17.3178527437703,0
1108,6,9,3,0,-6,18.27238686717358,0
1108,6,9,4,0,-5,23.86612278260247,0
1108,6,9,5,0,-4,18.95828432684489,0
1108,6,9,6,0,-3,17.94430693611926,0
1108,6,9,7,0,-2,15.99807802293565,0
1108,6,9,8,0,-1,20.00000984750155,0
1108,6,9,9,1,0,18.48449824620113,.35
1108,6,9,10,1,1,22.09487048718719,.7
1108,6,9,11,1,2,25.09124792323555,1.05
1108,6,9,12,1,3,24.47578794453871,1.4
1109,4,7,1,0,-6,16.61987956399238,0
1109,4,7,2,0,-5,13.03722400648675,0
1109,4,7,3,0,-4,15.25850848361818,0
1109,4,7,4,0,-3,27.49373661235002,0
1109,4,7,5,0,-2,18.67659609710726,0
1109,4,7,6,0,-1,17.10064257403939,0
1109,4,7,7,1,0,21.31819493013918,.5
1109,4,7,8,1,1,20.75731809610252,1
1109,4,7,9,1,2,18.6772696685544,1.5
1109,4,7,10,1,3,22.5214724724924,2
1109,4,7,11,1,4,15.55035217537273,2.5
1109,4,7,12,1,5,28.45687628889024,3
1110,2,5,1,0,-4,16.19151112855231,0
1110,2,5,2,0,-3,19.67828847933249,0
1110,2,5,3,0,-2,22.89611601752277,0
1110,2,5,4,0,-1,20.22185009454297,0
1110,2,5,5,1,0,28.14213422604964,.75
1110,2,5,6,1,1,26.46686198807205,1.5
1110,2,5,7,1,2,28.55568306977216,2.25
1110,2,5,8,1,3,30.98462230510358,3
1110,2,5,9,1,4,25.15129052302123,3.75
1110,2,5,10,1,5,28.94586074618245,4.5
1110,2,5,11,1,6,27.17027409885816,5.25
1110,2,5,12,1,7,35.06868009111105,6
1111,6,9,1,0,-8,12.89920593210472,0
1111,6,9,2,0,-7,7.976419452087974,0
1111,6,9,3,0,-6,12.47644196399732,0
1111,6,9,4,0,-5,12.16023906399822,0
1111,6,9,5,0,-4,13.3860144745818,0
1111,6,9,6,0,-3,15.72013218058878,0
1111,6,9,7,0,-2,17.34859978462789,0
1111,6,9,8,0,-1,15.7233334900648,0
1111,6,9,9,1,0,14.44756739365082,.35
1111,6,9,10,1,1,11.47917358026296,.7
1111,6,9,11,1,2,21.56356518991119,1.05
1111,6,9,12,1,3,22.06764399532961,1.4
1112,4,7,1,0,-6,10.85218165813515,0
1112,4,7,2,0,-5,11.02160681508345,0
1112,4,7,3,0,-4,16.00666030630882,0
1112,4,7,4,0,-3,13.38805185070459,0
1112,4,7,5,0,-2,22.4460415193281,0
1112,4,7,6,0,-1,20.97828607134348,0
1112,4,7,7,1,0,13.48931853548078,.5
1112,4,7,8,1,1,13.55131500144964,1
1112,4,7,9,1,2,22.8668501660918,1.5
1112,4,7,10,1,3,19.04198397531585,2
1112,4,7,11,1,4,21.56037834097855,2.5
1112,4,7,12,1,5,27.44810087409998,3
1113,2,5,1,0,-4,19.19914267604848,0
1113,2,5,2,0,-3,23.18783360435792,0
1113,2,5,3,0,-2,21.25509681228224,0
1113,2,5,4,0,-1,19.93369511811293,0
1113,2,5,5,1,0,22.36561653926064,.75
1113,2,5,6,1,1,21.54505955253049,1.5
1113,2,5,7,1,2,21.8908234396011,2.25
1113,2,5,8,1,3,22.41720077951721,3
1113,2,5,9,1,4,29.29413273838492,3.75
1113,2,5,10,1,5,26.51125030097478,4.5
1113,2,5,11,1,6,29.50588232758889,5.25
1113,2,5,12,1,7,26.37770838014004,6
1114,1,5,1,0,-4,18.19473536088034,0
1114,1,5,2,0,-3,22.23082020247208,0
1114,1,5,3,0,-2,18.27756509938832,0
1114,1,5,4,0,-1,25.23723114917916,0
1114,1,5,5,1,0,21.62377198334234,.75
1114,1,5,6,1,1,17.44810201310902,1.5
1114,1,5,7,1,2,26.87327144609962,2.25
1114,1,5,8,1,3,26.44365127041443,3
1114,1,5,9,1,4,25.42080836130027,3.75
1114,1,5,10,1,5,31.13259779928511,4.5
1114,1,5,11,1,6,28.68111595106845,5.25
1114,1,5,12,1,7,24.11654099942949,6
1115,1,5,1,0,-4,24.49903988491613,0
1115,1,5,2,0,-3,24.09906273147837,0
1115,1,5,3,0,-2,26.46718264228368,0
1115,1,5,4,0,-1,26.8449995727927,0
1115,1,5,5,1,0,29.06295687610907,.75
1115,1,5,6,1,1,27.4779470977568,1.5
1115,1,5,7,1,2,23.79251700209941,2.25
1115,1,5,8,1,3,27.76608563942687,3
1115,1,5,9,1,4,31.08864536462588,3.75
1115,1,5,10,1,5,29.50946982954506,4.5
1115,1,5,11,1,6,30.91267834107848,5.25
1115,1,5,12,1,7,36.48091219102258,6
1116,1,5,1,0,-4,19.47538295362898,0
1116,1,5,2,0,-3,20.832125282575,0
1116,1,5,3,0,-2,29.5128586077425,0
1116,1,5,4,0,-1,18.64376139401976,0
1116,1,5,5,1,0,25.3724651868215,.75
1116,1,5,6,1,1,26.67577659413351,1.5
1116,1,5,7,1,2,24.03499963548981,2.25
1116,1,5,8,1,3,30.15463825118078,3
1116,1,5,9,1,4,31.5638630419191,3.75
1116,1,5,10,1,5,27.19372222899923,4.5
1116,1,5,11,1,6,33.38715938218264,5.25
1116,1,5,12,1,7,26.36148899247685,6
1117,7,,1,0,,11.62276109013513,0
1117,7,,2,0,,6.661737259392567,0
1117,7,,3,0,,8.161507140991834,0
1117,7,,4,0,,12.19562148650552,0
1117,7,,5,0,,15.27183702831486,0
1117,7,,6,0,,9.633915300860199,0
1117,7,,7,0,,12.1877027759227,0
1117,7,,8,0,,16.83023373532801,0
1117,7,,9,0,,16.47738824680635,0
1117,7,,10,0,,15.05209267104359,0
1117,7,,11,0,,15.15029359630505,0
1117,7,,12,0,,12.61785637280606,0
1118,1,5,1,0,-4,12.34043621903691,0
1118,1,5,2,0,-3,10.74464008719129,0
1118,1,5,3,0,-2,12.68751144923455,0
1118,1,5,4,0,-1,13.29092767834289,0
1118,1,5,5,1,0,16.93102833523546,.75
1118,1,5,6,1,1,15.50910317872589,1.5
1118,1,5,7,1,2,18.15149829002323,2.25
1118,1,5,8,1,3,25.58442418021687,3
1118,1,5,9,1,4,16.82024213190457,3.75
1118,1,5,10,1,5,25.21519389919352,4.5
1118,1,5,11,1,6,24.89868573166252,5.25
1118,1,5,12,1,7,32.03635650252123,6
1119,6,9,1,0,-8,15.29173471160242,0
1119,6,9,2,0,-7,17.00539664997718,0
1119,6,9,3,0,-6,10.23691011163121,0
1119,6,9,4,0,-5,19.25212532002813,0
1119,6,9,5,0,-4,13.89159370430134,0
1119,6,9,6,0,-3,19.34821465725723,0
1119,6,9,7,0,-2,19.92568771029343,0
1119,6,9,8,0,-1,19.38035931972701,0
1119,6,9,9,1,0,21.98250121773875,.35
1119,6,9,10,1,1,21.27453533913723,.7
1119,6,9,11,1,2,15.25789831980003,1.05
1119,6,9,12,1,3,22.23371356559263,1.4
1120,2,5,1,0,-4,8.836903608011399,0
1120,2,5,2,0,-3,10.36780081144069,0
1120,2,5,3,0,-2,9.154386793519151,0
1120,2,5,4,0,-1,18.20825420477204,0
1120,2,5,5,1,0,12.32123615661184,.75
1120,2,5,6,1,1,17.37830638124855,1.5
1120,2,5,7,1,2,15.45164527199206,2.25
1120,2,5,8,1,3,14.92992988825134,3
1120,2,5,9,1,4,13.98336221510148,3.75
1120,2,5,10,1,5,14.85379404117429,4.5
1120,2,5,11,1,6,15.55810157307159,5.25
1120,2,5,12,1,7,22.79217996352421,6
1121,8,,1,0,,19.98211927590247,0
1121,8,,2,0,,18.43082085304671,0
1121,8,,3,0,,22.50692084460798,0
1121,8,,4,0,,21.28368820236555,0
1121,8,,5,0,,25.19806529513599,0
1121,8,,6,0,,27.74382105603966,0
1121,8,,7,0,,26.34886072777445,0
1121,8,,8,0,,24.03272514087492,0
1121,8,,9,0,,20.43799303714537,0
1121,8,,10,0,,24.7187055648558,0
1121,8,,11,0,,25.94696970494526,0
1121,8,,12,0,,25.78145976014212,0
1122,7,,1,0,,10.51408635960049,0
1122,7,,2,0,,21.81401069256056,0
1122,7,,3,0,,20.23491242878284,0
1122,7,,4,0,,20.16400873605488,0
1122,7,,5,0,,19.84979698097765,0
1122,7,,6,0,,27.20639556095032,0
1122,7,,7,0,,21.23789894041218,0
1122,7,,8,0,,21.78826639627288,0
1122,7,,9,0,,23.07342708953184,0
1122,7,,10,0,,20.08765995775491,0
1122,7,,11,0,,31.45064613553016,0
1122,7,,12,0,,25.82587890588723,0
1123,6,9,1,0,-8,13.50486761955149,0
1123,6,9,2,0,-7,10.05015646409253,0
1123,6,9,3,0,-6,16.197079122189,0
1123,6,9,4,0,-5,22.86841079280192,0
1123,6,9,5,0,-4,20.76011764100502,0
1123,6,9,6,0,-3,16.4499537761136,0
1123,6,9,7,0,-2,19.07966822838711,0
1123,6,9,8,0,-1,19.4543346554588,0
1123,6,9,9,1,0,14.5922968793186,.35
1123,6,9,10,1,1,11.11367701732589,.7
1123,6,9,11,1,2,21.8323188481593,1.05
1123,6,9,12,1,3,14.81349075732686,1.4
1124,7,,1,0,,16.69398837435981,0
1124,7,,2,0,,10.929877976634,0
1124,7,,3,0,,21.67002322124883,0
1124,7,,4,0,,20.38352768303199,0
1124,7,,5,0,,17.9240589710231,0
1124,7,,6,0,,16.21511104397598,0
1124,7,,7,0,,17.77411394519684,0
1124,7,,8,0,,23.8237844616425,0
1124,7,,9,0,,27.94210296291585,0
1124,7,,10,0,,23.51912976526551,0
1124,7,,11,0,,20.60144720249281,0
1124,7,,12,0,,17.04367008275754,0
1125,8,,1,0,,16.86894216503528,0
1125,8,,2,0,,17.42404480203101,0
1125,8,,3,0,,14.40088454338655,0
1125,8,,4,0,,20.45835733202982,0
1125,8,,5,0,,14.13384875588028,0
1125,8,,6,0,,16.97383966141697,0
1125,8,,7,0,,24.11733205876049,0
1125,8,,8,0,,19.59620817172693,0
1125,8,,9,0,,21.47365918944267,0
1125,8,,10,0,,22.44034337537735,0
1125,8,,11,0,,16.64815502863298,0
1125,8,,12,0,,26.41432868910111,0
1126,6,9,1,0,-8,13.78363973647776,0
1126,6,9,2,0,-7,10.50762735650905,0
1126,6,9,3,0,-6,12.38565427307021,0
1126,6,9,4,0,-5,11.35402050954968,0
1126,6,9,5,0,-4,11.64555409308123,0
1126,6,9,6,0,-3,14.20952263075786,0
1126,6,9,7,0,-2,10.04813044311669,0
1126,6,9,8,0,-1,11.69953816815371,0
1126,6,9,9,1,0,12.62722182757753,.35
1126,6,9,10,1,1,13.44377113681225,.7
1126,6,9,11,1,2,21.12071129681737,1.05
1126,6,9,12,1,3,16.72284912914019,1.4
1127,7,,1,0,,19.80158864087334,0
1127,7,,2,0,,14.99663325807079,0
1127,7,,3,0,,20.40055960878491,0
1127,7,,4,0,,20.33335848124809,0
1127,7,,5,0,,15.13256302350251,0
1127,7,,6,0,,22.23466838018927,0
1127,7,,7,0,,25.39129721132283,0
1127,7,,8,0,,18.08815711779206,0
1127,7,,9,0,,20.37422961463509,0
1127,7,,10,0,,25.06957390872073,0
1127,7,,11,0,,21.76101993095983,0
1127,7,,12,0,,21.99922337620433,0
1128,2,5,1,0,-4,7.500053398511292,0
1128,2,5,2,0,-3,19.91456915800913,0
1128,2,5,3,0,-2,12.76885363516377,0
1128,2,5,4,0,-1,12.9225229630241,0
1128,2,5,5,1,0,18.58862601471567,.75
1128,2,5,6,1,1,10.46179002094066,1.5
1128,2,5,7,1,2,18.87630423825363,2.25
1128,2,5,8,1,3,15.69658157146286,3
1128,2,5,9,1,4,12.87250119393504,3.75
1128,2,5,10,1,5,18.22763314863549,4.5
1128,2,5,11,1,6,16.42068632983798,5.25
1128,2,5,12,1,7,22.11706410113039,6
1129,3,7,1,0,-6,4.789870183189514,0
1129,3,7,2,0,-5,2.715189903214888,0
1129,3,7,3,0,-4,8.071686486497127,0
1129,3,7,4,0,-3,9.416435466994772,0
1129,3,7,5,0,-2,11.18404406742449,0
1129,3,7,6,0,-1,7.684051908407573,0
1129,3,7,7,1,0,10.84651606353018,.5
1129,3,7,8,1,1,9.471031760125978,1
1129,3,7,9,1,2,12.90132365980053,1.5
1129,3,7,10,1,3,16.8036916512725,2
1129,3,7,11,1,4,11.5333242470346,2.5
1129,3,7,12,1,5,14.60341261709454,3
1130,8,,1,0,,15.53212510703347,0
1130,8,,2,0,,19.50927567357058,0
1130,8,,3,0,,15.64288282381469,0
1130,8,,4,0,,20.27132933971527,0
1130,8,,5,0,,18.53019749174721,0
1130,8,,6,0,,18.20549631660838,0
1130,8,,7,0,,19.14634033567926,0
1130,8,,8,0,,22.16530398611805,0
1130,8,,9,0,,19.82465149235995,0
1130,8,,10,0,,17.49122749791985,0
1130,8,,11,0,,18.43352070830481,0
1130,8,,12,0,,20.73602458769772,0
1131,7,,1,0,,15.9473786153074,0
1131,7,,2,0,,27.02773391988635,0
1131,7,,3,0,,22.16540952705471,0
1131,7,,4,0,,20.82472633732485,0
1131,7,,5,0,,22.82854602506468,0
1131,7,,6,0,,23.32824838939507,0
1131,7,,7,0,,20.37111445991534,0
1131,7,,8,0,,23.21611015541467,0
1131,7,,9,0,,23.90104747004512,0
1131,7,,10,0,,24.93022430914966,0
1131,7,,11,0,,24.72241298710205,0
1131,7,,12,0,,26.03905753577151,0
1132,1,5,1,0,-4,15.65256273414709,0
1132,1,5,2,0,-3,14.01268391586773,0
1132,1,5,3,0,-2,18.41529109535975,0
1132,1,5,4,0,-1,13.6848563993808,0
1132,1,5,5,1,0,17.33650160277483,.75
1132,1,5,6,1,1,16.38903676322216,1.5
1132,1,5,7,1,2,20.59914136170913,2.25
1132,1,5,8,1,3,24.80366050733786,3
1132,1,5,9,1,4,24.05630439025547,3.75
1132,1,5,10,1,5,25.25036370044316,4.5
1132,1,5,11,1,6,26.68941015433852,5.25
1132,1,5,12,1,7,26.17248861906256,6
1133,3,7,1,0,-6,23.31406625807072,0
1133,3,7,2,0,-5,20.25618999949148,0
1133,3,7,3,0,-4,24.71225732709647,0
1133,3,7,4,0,-3,22.83999926706177,0
1133,3,7,5,0,-2,25.0017079535324,0
1133,3,7,6,0,-1,25.32853994606398,0
1133,3,7,7,1,0,26.23200851615211,.5
1133,3,7,8,1,1,30.24926828515291,1
1133,3,7,9,1,2,22.18572262404231,1.5
1133,3,7,10,1,3,23.01461459628504,2
1133,3,7,11,1,4,28.83828291751832,2.5
1133,3,7,12,1,5,31.93489432725956,3
1134,6,9,1,0,-8,12.75137786536331,0
1134,6,9,2,0,-7,11.77355516787421,0
1134,6,9,3,0,-6,12.51877037163203,0
1134,6,9,4,0,-5,9.299359884258863,0
1134,6,9,5,0,-4,10.26310011888899,0
1134,6,9,6,0,-3,10.84455652849513,0
1134,6,9,7,0,-2,16.58292212553049,0
1134,6,9,8,0,-1,13.60629402170792,0
1134,6,9,9,1,0,13.0534162071179,.35
1134,6,9,10,1,1,12.8035896687275,.7
1134,6,9,11,1,2,12.33686928875356,1.05
1134,6,9,12,1,3,16.80325177188761,1.4
1135,6,9,1,0,-8,5.186158621576862,0
1135,6,9,2,0,-7,9.634501077042421,0
1135,6,9,3,0,-6,8.952892780053,0
1135,6,9,4,0,-5,8.149283371563559,0
1135,6,9,5,0,-4,3.291796550677781,0
1135,6,9,6,0,-3,10.8022660065644,0
1135,6,9,7,0,-2,4.644227918304775,0
1135,6,9,8,0,-1,4.603571042396982,0
1135,6,9,9,1,0,6.271863179430703,.35
1135,6,9,10,1,1,10.44656182781117,.7
1135,6,9,11,1,2,15.21822085862849,1.05
1135,6,9,12,1,3,13.45879983323306,1.4
1136,3,7,1,0,-6,23.48005205237205,0
1136,3,7,2,0,-5,23.83659856443769,0
1136,3,7,3,0,-4,16.46982859567798,0
1136,3,7,4,0,-3,22.51566956011266,0
1136,3,7,5,0,-2,26.19204650368725,0
1136,3,7,6,0,-1,26.49811096884488,0
1136,3,7,7,1,0,24.81924310548753,.5
1136,3,7,8,1,1,22.61976106313075,1
1136,3,7,9,1,2,24.08485214658322,1.5
1136,3,7,10,1,3,20.88620233891784,2
1136,3,7,11,1,4,29.44809734894318,2.5
1136,3,7,12,1,5,20.08486270613299,3
1137,5,9,1,0,-8,21.83840777967468,0
1137,5,9,2,0,-7,27.80428587882764,0
1137,5,9,3,0,-6,27.46819340981462,0
1137,5,9,4,0,-5,25.90921305730809,0
1137,5,9,5,0,-4,19.93825006383706,0
1137,5,9,6,0,-3,27.23035959508404,0
1137,5,9,7,0,-2,25.99465619221363,0
1137,5,9,8,0,-1,28.20589318443959,0
1137,5,9,9,1,0,27.70179854203446,.35
1137,5,9,10,1,1,26.23963511048576,.7
1137,5,9,11,1,2,29.8826983385962,1.05
1137,5,9,12,1,3,29.14812842212833,1.4
1138,2,5,1,0,-4,9.509344757149087,0
1138,2,5,2,0,-3,9.335903989580849,0
1138,2,5,3,0,-2,9.278055621377753,0
1138,2,5,4,0,-1,18.29008381819905,0
1138,2,5,5,1,0,18.05639068202061,.75
1138,2,5,6,1,1,15.97276802696465,1.5
1138,2,5,7,1,2,17.36964012957996,2.25
1138,2,5,8,1,3,15.95338973491969,3
1138,2,5,9,1,4,17.88288922140823,3.75
1138,2,5,10,1,5,27.34182149945225,4.5
1138,2,5,11,1,6,22.48503772194838,5.25
1138,2,5,12,1,7,28.0456822781784,6
1139,6,9,1,0,-8,19.4651715407341,0
1139,6,9,2,0,-7,21.77813616265961,0
1139,6,9,3,0,-6,20.96939218648764,0
1139,6,9,4,0,-5,23.28001141636588,0
1139,6,9,5,0,-4,25.4816764100124,0
1139,6,9,6,0,-3,24.37084046653524,0
1139,6,9,7,0,-2,21.8885461193467,0
1139,6,9,8,0,-1,26.61384127008676,0
1139,6,9,9,1,0,25.23694691265012,.35
1139,6,9,10,1,1,24.96249280670677,.7
1139,6,9,11,1,2,24.83458794772391,1.05
1139,6,9,12,1,3,21.7074606783566,1.4
1140,3,7,1,0,-6,23.20027852654122,0
1140,3,7,2,0,-5,20.27837018400984,0
1140,3,7,3,0,-4,21.60677976367217,0
1140,3,7,4,0,-3,21.31688633059387,0
1140,3,7,5,0,-2,16.07578133075396,0
1140,3,7,6,0,-1,19.56776180904551,0
1140,3,7,7,1,0,16.12289937366256,.5
1140,3,7,8,1,1,26.76649479744563,1
1140,3,7,9,1,2,26.64752714045564,1.5
1140,3,7,10,1,3,26.53985918296256,2
1140,3,7,11,1,4,26.18738806637451,2.5
1140,3,7,12,1,5,21.27058436255464,3
1141,2,5,1,0,-4,19.63701423870678,0
1141,2,5,2,0,-3,16.03757024174127,0
1141,2,5,3,0,-2,12.5878035171512,0
1141,2,5,4,0,-1,18.57319551923098,0
1141,2,5,5,1,0,22.09554221042637,.75
1141,2,5,6,1,1,22.48216876424629,1.5
1141,2,5,7,1,2,24.90487664015577,2.25
1141,2,5,8,1,3,21.69308860146286,3
1141,2,5,9,1,4,22.45633321458957,3.75
1141,2,5,10,1,5,27.09034832928712,4.5
1141,2,5,11,1,6,26.5977741635863,5.25
1141,2,5,12,1,7,29.37220393572352,6
1142,3,7,1,0,-6,16.16421247378642,0
1142,3,7,2,0,-5,10.20360948960037,0
1142,3,7,3,0,-4,11.14106504693754,0
1142,3,7,4,0,-3,19.18330552256361,0
1142,3,7,5,0,-2,14.88154488165867,0
1142,3,7,6,0,-1,16.64952767493098,0
1142,3,7,7,1,0,15.86309847572784,.5
1142,3,7,8,1,1,14.83295418111503,1
1142,3,7,9,1,2,16.00257674549745,1.5
1142,3,7,10,1,3,17.83877063043408,2
1142,3,7,11,1,4,23.36196940020147,2.5
1142,3,7,12,1,5,21.40543315116493,3
1143,3,7,1,0,-6,14.70804060247061,0
1143,3,7,2,0,-5,15.01880244015522,0
1143,3,7,3,0,-4,10.9981023492493,0
1143,3,7,4,0,-3,12.34406492875229,0
1143,3,7,5,0,-2,17.48726273205859,0
1143,3,7,6,0,-1,13.0497763440666,0
1143,3,7,7,1,0,16.52911913321095,.5
1143,3,7,8,1,1,16.34845416548781,1
1143,3,7,9,1,2,16.91929876781851,1.5
1143,3,7,10,1,3,19.03849881034346,2
1143,3,7,11,1,4,19.32137089044904,2.5
1143,3,7,12,1,5,24.9173991634311,3
1144,5,9,1,0,-8,24.70784033708508,0
1144,5,9,2,0,-7,16.90277052275883,0
1144,5,9,3,0,-6,21.65406375271805,0
1144,5,9,4,0,-5,21.05160592816745,0
1144,5,9,5,0,-4,16.7903892355426,0
1144,5,9,6,0,-3,18.70265807422066,0
1144,5,9,7,0,-2,16.45081006629049,0
1144,5,9,8,0,-1,17.682363424265,0
1144,5,9,9,1,0,16.25029898411058,.35
1144,5,9,10,1,1,16.28783731453746,.7
1144,5,9,11,1,2,18.32149868851863,1.05
1144,5,9,12,1,3,23.66550698724094,1.4
1145,3,7,1,0,-6,11.50002666031671,0
1145,3,7,2,0,-5,21.02774328761611,0
1145,3,7,3,0,-4,13.11182578878846,0
1145,3,7,4,0,-3,16.99655918826288,0
1145,3,7,5,0,-2,19.97410104629652,0
1145,3,7,6,0,-1,11.59966546376756,0
1145,3,7,7,1,0,13.33910839988456,.5
1145,3,7,8,1,1,21.60423017375589,1
1145,3,7,9,1,2,8.966887627143608,1.5
1145,3,7,10,1,3,17.65941662158616,2
1145,3,7,11,1,4,15.9519017654096,2.5
1145,3,7,12,1,5,19.60847151691679,3
1146,3,7,1,0,-6,20.86909301340661,0
1146,3,7,2,0,-5,18.14387477969826,0
1146,3,7,3,0,-4,22.31263372130057,0
1146,3,7,4,0,-3,21.46103513185883,0
1146,3,7,5,0,-2,24.34340432265741,0
1146,3,7,6,0,-1,29.1458470933766,0
1146,3,7,7,1,0,21.2472774555281,.5
1146,3,7,8,1,1,22.47287693516838,1
1146,3,7,9,1,2,22.20860745580607,1.5
1146,3,7,10,1,3,24.6881698076746,2
1146,3,7,11,1,4,25.76025998079189,2.5
1146,3,7,12,1,5,23.77085698700321,3
1147,6,9,1,0,-8,14.21393922016572,0
1147,6,9,2,0,-7,13.25765039184282,0
1147,6,9,3,0,-6,11.05662714818575,0
1147,6,9,4,0,-5,16.64492657164982,0
1147,6,9,5,0,-4,7.886281524265133,0
1147,6,9,6,0,-3,16.83089425756988,0
1147,6,9,7,0,-2,6.891428200032956,0
1147,6,9,8,0,-1,13.08894019855806,0
1147,6,9,9,1,0,9.25073651706029,.35
1147,6,9,10,1,1,13.59449662994618,.7
1147,6,9,11,1,2,18.25680687372218,1.05
1147,6,9,12,1,3,14.97244849497377,1.4
1148,8,,1,0,,14.05115858030195,0
1148,8,,2,0,,13.3112920337197,0
1148,8,,3,0,,9.576446020873995,0
1148,8,,4,0,,16.41500002019498,0
1148,8,,5,0,,10.9768173238104,0
1148,8,,6,0,,14.62281808464729,0
1148,8,,7,0,,13.40441789264084,0
1148,8,,8,0,,20.27810034368231,0
1148,8,,9,0,,13.1370080828885,0
1148,8,,10,0,,16.8021291733568,0
1148,8,,11,0,,19.61116512989106,0
1148,8,,12,0,,19.51575975492912,0
